﻿rank,uri,artist_names,track_name,source,peak_rank,previous_rank,weeks_on_chart,streams
1,"spotify:track:4ZtFanR9U6ndgddUvNcjcG","Olivia Rodrigo","good 4 u","Olivia Rodrigo PS",1,1,6,"4843493"
2,"spotify:track:6nV2dFZXpv1JlqDWBeTXRl","KSI","Holiday","BMG Rights Management (US) LLC",2,-1,1,"2708658"
3,"spotify:track:748mdHapucXQri7IAO8yFK","Doja Cat, SZA","Kiss Me More (feat. SZA)","Kemosabe Records/RCA Records",2,2,11,"2260562"
4,"spotify:track:67BtfxlNbhBmCDR2L2l8qd","Lil Nas X","MONTERO (Call Me By Your Name)","Columbia",1,4,13,"2136142"
5,"spotify:track:4pt5fDVTg5GhEvEtlz9dKk","Måneskin","I WANNA BE YOUR SLAVE","RCA Records Label",5,6,5,"2116970"
6,"spotify:track:6uvMKqNlrSvcC4NaKnrwjZ","Tion Wayne, Russ Millions, ArrDee, E1 (3x3), ZT (3x3), Bugzy Malone, Buni, Fivio Foreign, Darkoo","Body (Remix) [feat. ArrDee, E1 (3x3), ZT (3x3), Bugzy Malone, Buni, Fivio Foreign & Darkoo]","Atlantic Records UK",1,3,9,"1985956"
7,"spotify:track:6HU7h9RYOaPRFeh0R3UeAr","Olivia Rodrigo","deja vu","Olivia Rodrigo PS",3,5,12,"1873319"
8,"spotify:track:5CZ40GBx1sQ9agT82CLQCT","Olivia Rodrigo","traitor","Olivia Rodrigo PS",6,7,5,"1766212"
9,"spotify:track:6mSzsSdu0CWIV70jEjWMhI","ArrDee","Oliver Twist","Universal-Island Records Ltd.",8,8,3,"1689169"
10,"spotify:track:5K6Ssv4Z3zRvxt0P6EKUAP","Galantis, David Guetta, Little Mix","Heartbreak Anthem (with David Guetta & Little Mix)","Big Beat Records",10,11,5,"1682959"
11,"spotify:track:3Wrjm47oTz2sjIgck11l5e","Måneskin","Beggin'","RCA Records Label",11,29,3,"1656028"
12,"spotify:track:5wANPM4fQCJwkGd4rN57mH","Olivia Rodrigo","drivers license","Olivia Rodrigo PS",1,12,24,"1420364"
13,"spotify:track:18vXApRmJSgQ6wG2ll9AOg","Polo G","RAPSTAR","Columbia",3,9,11,"1416665"
14,"spotify:track:0siYMEsGrzzzlWLXK5zJfS","Joel Corry, RAYE, David Guetta","BED","Perfect Havoc / Asylum Records",4,10,17,"1407264"
15,"spotify:track:5nujrmhLynf4yMoMtj8AQF","Dua Lipa, DaBaby","Levitating (feat. DaBaby)","Warner Records",7,13,38,"1375973"
16,"spotify:track:37BZB0z9T8Xu7U3e65qxFy","The Weeknd, Ariana Grande","Save Your Tears (with Ariana Grande) (Remix)","Republic Records",15,15,9,"1364314"
17,"spotify:track:5JCoSi02qi3jJeHdZXMmR8","Olivia Rodrigo","favorite crime","Olivia Rodrigo PS",8,14,5,"1349070"
18,"spotify:track:15OCqNPYoLziEAsbVnqRj5","Mimi Webb","Good Without","Epic",18,19,13,"1313542"
19,"spotify:track:2tGvwE8GcFKwNdAXMnlbfl","Olivia Rodrigo","happier","Olivia Rodrigo PS",10,17,5,"1258180"
20,"spotify:track:4iJyoBOLtHqaGxP12qzhQI","Justin Bieber, Daniel Caesar, Giveon","Peaches (feat. Daniel Caesar & Giveon)","RBMG/Def Jam",1,18,14,"1174615"
21,"spotify:track:2Ms8MDDtYBw7M3K5F3EqPX","Mimi Webb","Dumb Love","Epic",21,24,2,"1166684"
22,"spotify:track:6SRsiMl7w1USE4mFqrOhHC","Olivia Rodrigo","brutal","Olivia Rodrigo PS",8,20,5,"1164618"
23,"spotify:track:4cG7HUWYHBV6R6tHn1gxrl","Riton, Nightcrawlers, Mufasa & Hypeman, Dopamine","Friday (feat. Mufasa & Hypeman) - Dopamine Re-Edit","Ministry of Sound Recordings",3,16,22,"1156536"
24,"spotify:track:0MMyJUC3WNnFS1lit5pTjk","Olivia Rodrigo","jealousy, jealousy","Olivia Rodrigo PS",14,22,5,"1129924"
25,"spotify:track:1QL7nSDZCwZMnbisV4KOXt","WILLOW, Travis Barker","t r a n s p a r e n t s o u l feat. Travis Barker","MSFTSMusic / Roc Nation Records, LLC",25,33,4,"1032220"
26,"spotify:track:0vR2rIVORmgeKiGIgNT0fV","Calvin Harris, Tom Grennan","By Your Side (feat. Tom Grennan)","Columbia",26,34,3,"1031358"
27,"spotify:track:02MWAaffLxlfxAUY7c5dvx","Glass Animals","Heat Waves","Polydor Records",12,28,36,"1023597"
28,"spotify:track:6cx06DFPPHchuUAcTxznu9","Joel Corry, MNEK","Head & Heart (feat. MNEK)","Atlantic Records UK",1,26,51,"1000083"
29,"spotify:track:5YaskwnGDZFDRipaqzbwQx","ATB, Topic, A7S","Your Love (9PM)","Virgin",11,23,21,"985151"
30,"spotify:track:3kNWyHdLVW1x6pn9EnSQ1H","Tom Zanetti","Didn't Know","SiC Records Limited",30,30,18,"972816"
31,"spotify:track:0b18g3G5spr4ZCkz7Y6Q0Q","Majestic, Boney M.","Rasputin","NITRON music",25,27,13,"967459"
32,"spotify:track:3Iba59sFmGhQ4kbCY5L8AX","Tom Grennan","Little Bit of Love","Insanity Records",12,31,17,"964874"
33,"spotify:track:40JjCZcdzT9ldZk5DhFqdZ","Little Mix, Saweetie","Confetti (feat. Saweetie)","RCA Records Label",32,32,8,"923865"
34,"spotify:track:0BGwAKW4u8kWOhWFflZxfl","Masked Wolf","Astronaut In The Ocean","Elektra (NEK)",18,35,20,"917605"
35,"spotify:track:0VjIjW4GlUZAMYd2vXMi3b","The Weeknd","Blinding Lights","Republic Records",1,37,82,"905727"
36,"spotify:track:0Ai6qtPfiEYGCqBGJYWD1W","Baddiel, Skinner & Lightning Seeds","Three Lions (Football's Coming Home)","Sony Music UK",6,21,7,"900824"
37,"spotify:track:4CH0dVylkeBPydRM7AaG8g","Ella Henderson, Tom Grennan","Let’s Go Home Together","Atlantic Records UK",24,41,17,"882347"
38,"spotify:track:5erCwioOcRwP59NJUAtEK3","D-Block Europe, RAYE","Ferrari Horses","D-Block Europe",11,39,17,"870754"
39,"spotify:track:6f3Slt0GbA2bPZlz0aIFXN","Tiësto","The Business","Atlantic Records",4,36,32,"856709"
40,"spotify:track:53HqOfi7OfHRXzcWTdGJB3","AJ Tracey","Little More Love","Revenge Records",20,40,10,"850926"
41,"spotify:track:5zqObw7wjBgL9TDiAymxPn","Anne-Marie, Niall Horan","Our Song","Atlantic Records/Asylum",41,45,5,"844526"
42,"spotify:track:003vvx7Niy0yvhvHt4a68B","The Killers","Mr. Brightside","Island Records",36,44,235,"836745"
43,"spotify:track:2TOzTqQXNmR2zDJXihjZ2e","Olivia Rodrigo","enough for you","Olivia Rodrigo PS",9,38,5,"831173"
44,"spotify:track:0vnKE8ukNmF641XhnEyZJD","Griff","Black Hole","Warner Records",44,50,13,"782206"
45,"spotify:track:4wcBRRpIfesgcyUtis7PEg","Olivia Rodrigo","1 step forward, 3 steps back","Olivia Rodrigo PS",11,42,5,"782150"
46,"spotify:track:6UelLqGlWMcVH1E5c4H7lY","Harry Styles","Watermelon Sugar","Columbia",4,48,84,"757698"
47,"spotify:track:3ggtU1ZOKO8ZNiqPNyXGcm","Trinidad Cardona","Dinero","Run It Up Records/Island",47,62,2,"726220"
48,"spotify:track:1zEtEb820Vwe9giuUFXH7H","Tion Wayne","Wow","Atlantic Records UK",41,46,3,"703555"
49,"spotify:track:4YMApzzqCO31TPxPvgdHhh","Nathan Dawe, Anne-Marie, MoStack","Way Too Long","Atlantic Records UK",49,56,11,"697356"
50,"spotify:track:776AftMmFFAWUIEAb3lHhw","Måneskin","ZITTI E BUONI","RCA Records Label",24,52,5,"691238"
51,"spotify:track:44xO8889yUQHn70P73NILS","Navos","Believe Me","Universal-Island Records Ltd.",29,47,20,"680960"
52,"spotify:track:3KdoeNlEN0BoAKWzaRLNZa","Lorde","Solar Power","Universal Music New Zealand Limited",25,25,2,"650567"
53,"spotify:track:7jtQIBanIiJOMS6RyCx6jZ","Tom Odell","Another Love","ITNO/Columbia",40,71,20,"650454"
54,"spotify:track:4laAKIq9ZxBCwf99rauPYb","Becky Hill, David Guetta","Remember","Polydor Records",54,-1,1,"647154"
55,"spotify:track:2xdwCJLfKCkat14mlgR26M","Billie Eilish","Lost Cause","Darkroom/Interscope Records",20,43,3,"642321"
56,"spotify:track:7BoobGhD4x5K96Me0hqC8Q","Bella Poarch","Build a Bitch","Warner Records",44,57,6,"636432"
57,"spotify:track:7qEHsqek33rTcFNT9PFqLf","Lewis Capaldi","Someone You Loved","Vertigo Berlin",1,68,130,"635059"
58,"spotify:track:5QO79kh1waicV47BqGRL3g","The Weeknd","Save Your Tears","Republic Records",7,58,27,"622599"
59,"spotify:track:7pnQ23WgZca9jEfMts9qsR","A1 x J1","Latest Trends","EMI",4,59,20,"621664"
60,"spotify:track:2bgTY4UwhfBYhGT4HUYStN","BTS","Butter","BIGHIT MUSIC",18,51,5,"614893"
61,"spotify:track:3J8EOeKLTLXORtWPpOU5bE","Lil Tjay, 6LACK","Calling My Phone","Columbia",1,66,19,"613699"
62,"spotify:track:1zejeOnykpCoyVSit6Bwp3","Olivia Rodrigo","hope ur ok","Olivia Rodrigo PS",19,55,5,"593441"
63,"spotify:track:7MAibcTli4IisCtbHKrGMh","Bruno Mars, Anderson .Paak, Silk Sonic","Leave The Door Open","Aftermath Entertainment/Atlantic",22,64,16,"590543"
64,"spotify:track:7yq4Qj7cqayVTp3FF9CWbm","Vance Joy","Riptide","Atlantic Records",62,69,188,"589249"
65,"spotify:track:0939D7aT18uBDS2MTjWzct","Coldplay","Higher Power","Parlophone UK",30,61,7,"587448"
66,"spotify:track:27OeeYzk6klgBh83TSvGMA","The Kid LAROI","WITHOUT YOU","Columbia",2,73,33,"586633"
67,"spotify:track:0ofHAoxe9vBkTCp2UQIavz","Fleetwood Mac","Dreams - 2004 Remaster","Rhino/Warner Records",17,65,62,"585158"
68,"spotify:track:10hcDov7xmcRviA8jLwEaI","Doja Cat","Need to Know","Kemosabe Records/RCA Records",49,49,2,"570156"
69,"spotify:track:1VLtjHwRWOVJiE5Py7JxoQ","Polo G","Martin & Gina","Columbia",45,76,42,"567607"
70,"spotify:track:25AvaE23MXl06YRtQcQoJS","Bo Burnham","Welcome to The Internet","Bo Burnham",70,78,2,"561064"
71,"spotify:track:4I5bvu2KDsrCg0EWHIcvul","Anne-Marie, KSI, Digital Farm Animals","Don't Play","Asylum Records",2,70,23,"551694"
72,"spotify:track:1m0UFnuTktOkksvjbF9z0m","Vegedream","Ramenez la coupe à la maison","Universal Music Division Island Def Jam",72,-1,1,"549048"
73,"spotify:track:4FEcEwbE2vsqhxbTPtiNTL","Noizu","Summer 91 (Looking Back)","RCA Records Label",59,60,12,"547436"
74,"spotify:track:2QjOHCTQ1Jl3zawyYOpxh6","The Neighbourhood","Sweater Weather","Columbia",39,92,39,"546704"
75,"spotify:track:7EkWXAI1wn8Ii883ecd9xr","Surf Curse","Freaks","Surf Curse",70,91,8,"540343"
76,"spotify:track:5qqabIl2vWzo9ApSC317sa","Oasis","Wonderwall - Remastered","Big Brother Recordings Ltd",61,82,230,"539559"
77,"spotify:track:4jPy3l0RUwlUI9T5XHBW2m","24kGoldn, iann dior","Mood (feat. iann dior)","Records/Columbia",1,79,45,"539165"
78,"spotify:track:1KixkQVDUHggZMU9dUobgm","Ava Max","My Head & My Heart","Atlantic Records",26,54,19,"538889"
79,"spotify:track:65OVbaJR5O1RmwOQx0875b","Drake, Lil Baby","Wants and Needs (feat. Lil Baby)","OVO",6,99,16,"537880"
80,"spotify:track:1fxYz1s15pyZLsJT0Hdh1m","Roddy Ricch","late at night","Atlantic Records",53,63,3,"534517"
81,"spotify:track:2LScqpywMqGcnum6nNaxXX","Baccara","Yes Sir, I Can Boogie","RCA Victor",81,-1,2,"524545"
82,"spotify:track:4cJgjjWMjf4nfLRuSr4hVl","Bad Boy Chiller Crew","Don't You Worry About Me","Relentless Records",69,75,10,"520514"
83,"spotify:track:60ynsPSSKe6O3sfwRnIBRf","Doja Cat","Streets","Kemosabe Records/RCA Records",5,74,24,"519767"
84,"spotify:track:2lw3naleLuf81Si3tuFVak","Mabel","Let Them Know","Polydor Records",84,-1,1,"519758"
85,"spotify:track:3z4CGd63tpUn9a6oQSG0CI","Dave, Burna Boy","Location (feat. Burna Boy)","Neighbourhood",9,86,120,"508656"
86,"spotify:track:3PfIrDoz19wz7qK7tYeu62","Dua Lipa","Don't Start Now","Warner Records",2,81,86,"507498"
87,"spotify:track:3CVb6hkMrlF7eHhXi5B3PZ","Russ Millions, Tion Wayne","Body","Atlantic Records UK",9,83,13,"502973"
88,"spotify:track:3rq5w4bQGigXOfdN30ATJt","Arctic Monkeys","Do I Wanna Know?","Domino Recording Co",52,104,171,"502205"
89,"spotify:track:4vzJrkfHbCGaodPA5RY5BV","Central Cee","Loading","Central Cee",20,93,35,"498433"
90,"spotify:track:7hxHWCCAIIxFLCzvDgnQHX","Internet Money, Gunna, Don Toliver, NAV","Lemonade (feat. NAV)","Internet Money Records / TenThousand Projects",2,95,45,"496924"
91,"spotify:track:5ri4zqtWhG07hIuNNDWP76","Tones And I","Fly Away","Elektra (NEK)",91,171,2,"496621"
92,"spotify:track:5Z8Dj3LtbyCMiwE86rhg2f","Fred again.., The Blessed Madonna","Marea (we’ve lost dancing)","Atlantic Records UK",59,72,12,"494606"
93,"spotify:track:4qu63nuBpdn0qHUHuObEj1","Marshmello, Jonas Brothers","Leave Before You Love Me (with Jonas Brothers)","Republic Records",93,178,2,"491873"
94,"spotify:track:1nahzW3kfMuwReTka28tH5","Justin Bieber","Hold On","RBMG/Def Jam",7,88,16,"489236"
95,"spotify:track:6ft4hAq6yde8jPZY2i5zLr","MEDUZA, Dermot Kennedy","Paradise (feat. Dermot Kennedy)","Universal-Island Records Ltd.",6,85,34,"487738"
96,"spotify:track:3rV5y8rcQrwRt9fWGLmjOQ","Bo Burnham","All Eyes On Me","Bo Burnham",96,111,2,"483838"
97,"spotify:track:1v1oIWf2Xgh54kIWuKsDf6","AURORA","Runaway","Glassnote Entertainment Group LLC",31,100,13,"481471"
98,"spotify:track:1diS6nkxMQc3wwC4G1j0bh","Dua Lipa","We're Good","Warner Records",37,94,19,"479183"
99,"spotify:track:2qzW5AK8ldKUOWUETwAkZY","Dave","Titanium","Neighbourhood",9,98,11,"475316"
100,"spotify:track:7ytR5pFWmSjzHJIeQkgog4","DaBaby, Roddy Ricch","ROCKSTAR (feat. Roddy Ricch)","South Coast Music Group/Interscope Records",1,103,62,"470455"
101,"spotify:track:0UCKUJU94sx8XBQnaNsRkB","Central Cee","Commitment Issues","Central Cee",9,97,19,"461984"
102,"spotify:track:1YHjRAptXqPdsdx3g6FNJL","Wes Nelson, Yxng Bane","Nice To Meet Ya (feat. Yxng Bane)","EMI",44,96,12,"458467"
103,"spotify:track:3AJwUDP919kvQ9QcozQPxg","Coldplay","Yellow","Parlophone UK",80,122,34,"456937"
104,"spotify:track:5e9TFTbltYBg2xThimr0rU","Fleetwood Mac","The Chain - 2004 Remaster","Rhino/Warner Records",74,110,91,"456833"
105,"spotify:track:1M4OcYkxAtu3ErzSgDEfoi","Cardi B","Up","Atlantic Records",16,87,20,"455876"
106,"spotify:track:5J5CpT6bgE6KYKk23jgp9W","KSI, YUNGBLUD, Polo G","Patience (feat. YUNGBLUD & Polo G)","BMG Rights Management (US) LLC",2,121,15,"453476"
107,"spotify:track:1rgnBhdG2JDFTbYkYRZAku","Tones And I","Dance Monkey","Elektra (NEK)",1,114,99,"447721"
108,"spotify:track:1tkg4EHVoqnhR6iFEXb60y","Pop Smoke","What You Know Bout Love","Victor Victor Worldwide",4,118,51,"447432"
109,"spotify:track:3Fzlg5r1IjhLk2qRw667od","Toploader","Dancing in the Moonlight","Sony Soho Square",87,109,124,"447368"
110,"spotify:track:2gMXnyrvIjhVBUZwvLZDMP","Lewis Capaldi","Before You Go","Vertigo Berlin",1,135,84,"442581"
111,"spotify:track:48q0vSHcJdhK3IiXH8C5WJ","Arctic Monkeys","Why'd You Only Call Me When You're High?","Domino Recording Co",38,130,36,"441463"
112,"spotify:track:54zJ1SxDe0CQhWRij7E0no","Becky Hill","Last Time","Polydor Records",84,101,12,"438645"
113,"spotify:track:285pBltuF7vW8TeWk8hdRR","Juice WRLD","Lucid Dreams","Juice WRLD Mixtape / ISR P&D",6,140,162,"437999"
114,"spotify:track:1Oi2zpmL81Q0yScF1zxaC0","Destiny's Child","Bills, Bills, Bills","Columbia",114,-1,1,"437684"
115,"spotify:track:1zi7xx7UVEFkmKfv06H8x0","Drake, Wizkid, Kyla","One Dance","Cash Money Records/Young Money Ent./Universal Rec.",15,108,124,"435757"
116,"spotify:track:0UvCh63URrLFcPkKt99hHd","Oasis","Don't Look Back In Anger - Remastered","Big Brother Recordings Ltd",44,116,183,"433986"
117,"spotify:track:0xf5EE2taRxE3lDBV8IXMR","Unknown T, M Huncho","Wonderland (feat. M Huncho)","Universal-Island Records Ltd.",67,67,2,"430727"
118,"spotify:track:3YJJjQPAbDT7mGpX3WtQ9A","SZA","Good Days","Top Dawg Entertainment/RCA Records",4,112,26,"426347"
119,"spotify:track:0RiRZpuVRbi7oqRdSMwhQY","Post Malone, Swae Lee","Sunflower - Spider-Man: Into the Spider-Verse","Republic Records",3,131,140,"425221"
120,"spotify:track:6LW3Z1GqbL78TIjfDyg4zp","Wilkinson, Becky Hill","Afterglow","EMI",38,105,21,"422044"
121,"spotify:track:45bE4HXI0AwGZXfZtMp8JR","Tate McRae","you broke me first","RCA Records Label",8,144,49,"421935"
122,"spotify:track:1f3yAtsJtY87CTmM8RLnxf","Nirvana","Smells Like Teen Spirit","Geffen",112,148,27,"421764"
123,"spotify:track:1pfZ8IYPDEjvdrllsYBgEC","Stay Flee Get Lizzy, Fredo, Central Cee","Meant To Be (feat. Fredo & Central Cee)","YE Records",37,84,4,"417584"
124,"spotify:track:0nrRP2bk19rLc0orkWPQk2","Avicii","Wake Me Up","Universal Music AB",16,129,62,"417391"
125,"spotify:track:3FAJ6O0NOHQV8Mc5Ri6ENp","Giveon","Heartbreak Anniversary","Epic/Not So Fast",34,137,18,"417060"
126,"spotify:track:5lWUeSYO61UYgNlFlqcwYl","Nathan Dawe, KSI","Lighter (feat. KSI)","Atlantic Records UK",4,166,48,"415036"
127,"spotify:track:0zLCBJZSiELJf02ucPP9wb","SAINt JHN, Imanbek","Roses - Imanbek Remix","Craft Recordings",2,120,78,"411513"
128,"spotify:track:7BHPGtpuuWWsvE7cCaMuEU","The Kooks","Naive","Virgin Records",68,127,188,"411195"
129,"spotify:track:3yfqSUWxFvZELEM4PmlwIR","Eminem","The Real Slim Shady","Interscope",129,158,14,"409058"
130,"spotify:track:64v1g2HcPumBz2Wd1rT56b","Tyler, The Creator","LUMBERJACK","Columbia",130,-1,1,"406985"
131,"spotify:track:35mvY5S1H3J2QZyna3TFe0","Ariana Grande","positions","Republic Records",1,134,35,"406246"
132,"spotify:track:3dYD57lRAUcMHufyqn9GcI","Hozier","Take Me to Church","Columbia",84,165,50,"406184"
133,"spotify:track:3bidbhpOYeV4knp8AIu8Xn","Macklemore & Ryan Lewis, Macklemore, Ryan Lewis, Ray Dalton","Can't Hold Us (feat. Ray Dalton)","Macklemore",98,123,107,"404243"
134,"spotify:track:0ntQJM78wzOLVeCUAW7Y45","Kings of Leon","Sex on Fire","RCA/Legacy",120,145,22,"403948"
135,"spotify:track:5zNW5ARjYhJQJz1AChP33n","Megan Thee Stallion","Thot Shit","300 Entertainment",135,197,2,"402918"
136,"spotify:track:07GvNcU1WdyZJq3XxP0kZa","Fleetwood Mac","Go Your Own Way - 2004 Remaster","Rhino/Warner Records",88,136,86,"402544"
137,"spotify:track:4bHsxqR3GMrXTxEPLuK5ue","Journey","Don't Stop Believin' (2022 Remaster)","Columbia/Legacy",133,153,110,"402182"
138,"spotify:track:4Oun2ylbjFKMPTiaSbbCih","Cardi B, Megan Thee Stallion","WAP (feat. Megan Thee Stallion)","Atlantic/KSR",1,142,46,"401951"
139,"spotify:track:1J14CdDAvBTE1AJYUOwl6C","Duncan Laurence","Arcade","Universal Music, a division of Universal International Music BV",47,159,21,"401558"
140,"spotify:track:2tUBqZG2AbRi7Q0BIrVrEj","Whitney Houston","I Wanna Dance with Somebody (Who Loves Me)","Arista/Legacy",99,139,115,"400206"
141,"spotify:track:62vpWI1CHwFy7tMIcSStl8","J. Cole","No Role Modelz","Roc Nation Records LLC",95,161,30,"398566"
142,"spotify:track:3dPQuX8Gs42Y7b454ybpMR","The White Stripes","Seven Nation Army","Legacy Recordings",117,128,55,"394283"
143,"spotify:track:2NM0qHzx4Ohy8iXHEEgwlO","Migos, Drake","Having Our Way (feat. Drake)","Quality Control Music/Motown Records",80,80,2,"393589"
144,"spotify:track:1jDJFeK9x3OZboIAHsY9k2","Elton John","I'm Still Standing","EMI",109,164,19,"393239"
145,"spotify:track:254bXAqt3zP6P50BdQvEsq","Fleetwood Mac","Everywhere - 2017 Remaster","Rhino/Warner Records",86,155,137,"392799"
146,"spotify:track:2WJVFqVQ3ivhAoAQWzEzeL","Olly Alexander (Years & Years)","Starstruck","Polydor Records",93,107,9,"392783"
147,"spotify:track:5uCax9HTNlzGybIStD3vDh","James Arthur","Say You Won't Let Go","Columbia",5,183,222,"391426"
148,"spotify:track:3gbBpTdY8lnQwqxNCcf795","Bastille","Pompeii","Virgin Records Ltd",90,194,71,"390999"
149,"spotify:track:7kQUdVjev73xIuwu7W6YW9","SR","Welcome To Brixton","SR",113,188,13,"388845"
150,"spotify:track:0pqnGHJpmpxLKifKRmU6WP","Imagine Dragons","Believer","Kid Ina Korner / Interscope",37,179,200,"387593"
151,"spotify:track:5zFglKYiknIxks8geR8rcL","Maroon 5, Megan Thee Stallion","Beautiful Mistakes (feat. Megan Thee Stallion)","Interscope Records*",108,149,11,"384334"
152,"spotify:track:5T8EDUDqKcs6OSOwEsfqG7","Queen","Don't Stop Me Now - Remastered 2011","Hollywood Records",73,187,109,"382524"
153,"spotify:track:2tpWsVSb9UEmDRxAl1zhX1","OneRepublic","Counting Stars","Mosley / Interscope",153,182,13,"381370"
154,"spotify:track:7ju97lgwC2rKQ6wwsf9no9","Lady Gaga, Ariana Grande","Rain On Me (with Ariana Grande)","Interscope",2,147,57,"381241"
155,"spotify:track:2RlgNHKcydI9sayD2Df2xp","Electric Light Orchestra","Mr. Blue Sky","Epic/Legacy",101,150,88,"380417"
156,"spotify:track:2f0pn9DkEJwAzXApnFh5cr","BANNERS","Someone To You","Island Records",60,157,49,"378405"
157,"spotify:track:2VxeLyX666F8uXCJ0dZF8B","Lady Gaga, Bradley Cooper","Shallow","A Star is Born OST",3,181,141,"378357"
158,"spotify:track:3iw6V4LH7yPj1ESORX9RIN","Nathan Evans, 220 KID","Wellerman - Sea Shanty / 220 KID x Billen Ted Remix","Polydor Records",10,156,22,"376831"
159,"spotify:track:4RvWPyQ5RL0ao9LPZeSouE","Tears For Fears","Everybody Wants To Rule The World","UMC (Universal Music Catalogue)",150,167,12,"376731"
160,"spotify:track:055Mme9ReKK99jRFA5UJ55","Shane Codd","Get Out My Head","Polydor Records",19,119,32,"375952"
161,"spotify:track:7d8dqy6GbiUqotcTSs0jXg","Bo Burnham","Look Who’s Inside Again","Bo Burnham",138,138,2,"374790"
162,"spotify:track:5xoUgPXbMNUmoHU0Enwtwq","The Kooks","She Moves In Her Own Way","Virgin Records",107,162,107,"374359"
163,"spotify:track:03snIuKJr5u7zpyp9zpQMU","Headie One, AJ Tracey, Stormzy","Ain't It Different (feat. AJ Tracey & Stormzy)","Relentless Records",2,169,44,"373261"
164,"spotify:track:2U5WueTLIK5WJLD7mvDODv","Juice WRLD","Wishing Well","Grade A Productions/Interscope Records",11,-1,49,"371837"
165,"spotify:track:6N1EjQjnvhOjFrF6oUmGPa","Bryan Adams","Summer Of '69","A&M",115,152,57,"371714"
166,"spotify:track:5W8jRrZ6tWrTrqnKRtIQBf","J. Cole, Lil Baby","p r i d e . i s . t h e . d e v i l (with Lil Baby)","Dreamville, Inc., Under exclusive license to Roc Nation Records",10,151,6,"371388"
167,"spotify:track:23OYT3SFtoJqhiAUqktbc1","Polo G, The Kid LAROI, Lil Durk","No Return (with The Kid LAROI & Lil Durk)","Columbia",53,53,2,"371113"
168,"spotify:track:0d28khcov6AiegSCpG5TuT","Gorillaz","Feel Good Inc.","Parlophone UK",158,180,9,"370947"
169,"spotify:track:4u7EnebtmKWzUH433cf5Qv","Queen","Bohemian Rhapsody - Remastered 2011","Hollywood Records",30,191,111,"370469"
170,"spotify:track:0exZ0YogJPbjGzblpcZaw7","James Arthur","September","Columbia Local",132,132,2,"369934"
171,"spotify:track:2KYnSFIrSbaKUXWetW7Klt","Paul Woolford, Diplo, Kareen Lomax","Looking For Me","Higher Ground",6,141,49,"369403"
172,"spotify:track:5qNh5WtzMbfpSj2jLlBkoD","Billie Eilish","Your Power","Darkroom/Interscope Records",4,146,8,"368804"
173,"spotify:track:2gam98EZKrF9XuOkU13ApN","Nelly Furtado, Timbaland","Promiscuous","Mosley / Geffen",93,175,34,"367965"
174,"spotify:track:7qiZfU4dY1lWllzX7mPBI3","Ed Sheeran","Shape of You","Atlantic Records UK",1,192,187,"366398"
175,"spotify:track:7DFNE7NO0raLIUbgzY2rzm","Passenger","Let Her Go","Nettwerk Music Group",147,-1,54,"366255"
176,"spotify:track:1ZMiCix7XSAbfAJlEZWMCp","Harry Styles","Falling","Columbia",27,-1,78,"365830"
177,"spotify:track:5rZlwNFl01HqLWBQGryKSm","Pop Smoke, Lil Tjay","Mood Swings (feat. Lil Tjay)","Victor Victor Worldwide",6,-1,50,"365765"
178,"spotify:track:3BbO2o9LhoVFJgS98YRtFy","M1llionz","Bando Spot","Ten Percent Music",178,-1,1,"364211"
179,"spotify:track:5gjATWO1EIhrCP1CQ2GWg8","Rag'n'Bone Man, P!nk","Anywhere Away from Here (Rag’n’Bone Man & P!nk)","Best Laid Plans/Columbia",51,115,9,"363910"
180,"spotify:track:76Tuo484SLohJakHLnGI3B","Little Mix","Sweet Melody","RCA Records Label",7,168,35,"363530"
181,"spotify:track:39LLxExYz6ewLAcYrzQQyP","Dua Lipa","Levitating","Warner Records",44,173,13,"361487"
182,"spotify:track:4Of7rzpRpV1mWRbhp5rAqG","Lewis Capaldi","Bruises","Vertigo Berlin",9,-1,122,"361304"
183,"spotify:track:5uEYRdEIh9Bo4fpjDd4Na9","Travis Scott, HVME","Goosebumps - Remix","Cactus Jack/Epic",72,172,22,"361237"
184,"spotify:track:79s5XnCN4TJKTVMSmOx8Ep","Pop Smoke","Dior","Victor Victor Worldwide/Republic Records",25,-1,70,"360975"
185,"spotify:track:1t9WgS8FN0534tLBRwbaxO","CJ","Whoopty","Warner Records",3,185,36,"360891"
186,"spotify:track:6Hj9jySrnFppAI0sEMCZpJ","Juice WRLD","Robbery","Grade A Productions/Interscope Records",31,-1,95,"359489"
187,"spotify:track:45S5WTQEGOB1VHr1Q4FuPl","Harry Styles","Golden","Columbia",29,163,38,"358901"
188,"spotify:track:6YUTL4dYpB9xZO5qExPf05","Calvin Harris","Summer","Columbia",103,117,5,"357304"
189,"spotify:track:3gdewACMIVMEWVbyb8O9sY","Elton John","Rocket Man (I Think It's Going To Be A Long, Long Time)","EMI",77,-1,37,"357130"
190,"spotify:track:0u2P5u6lvoDfwTYjAADbn4","Billie Eilish, Khalid","lovely (with Khalid)","Darkroom",54,-1,159,"356601"
191,"spotify:track:4VXIryQMWpIdGgYR4TrjT1","Juice WRLD","All Girls Are The Same","Juice WRLD Mixtape / ISR P&D",53,-1,81,"355333"
192,"spotify:track:0ct6r3EGTcMLPtrXHDvVjc","Avicii","The Nights","Universal Music AB",38,-1,5,"354888"
193,"spotify:track:6dGnYIeXmHdcikdzNNDMm2","The Beatles","Here Comes The Sun - Remastered 2009","EMI Catalogue",131,143,16,"354362"
194,"spotify:track:21jGcNKet2qwijlDFuPiPb","Post Malone","Circles","Republic Records",2,-1,91,"354355"
195,"spotify:track:6FE2iI43OZnszFLuLtvvmg","MKTO","Classic","Columbia/M2V",109,199,34,"353510"
196,"spotify:track:2374M0fQpWi3dLnB54qaLX","TOTO","Africa","Columbia",89,198,134,"353286"
197,"spotify:track:6nL0wIy3rcQPqHNAtm61Gh","Fat Joe, DJ Khaled, Amorphous","Sunshine (The Light)","RNG / EMPIRE",124,125,8,"352840"
198,"spotify:track:4ofwffwvvnbSkrMSCKQDaC","George Ezra","Shotgun","Columbia",1,177,153,"352745"
199,"spotify:track:4kbj5MwxO1bq9wjT5g9HaA","WALK THE MOON","Shut Up and Dance","RCA Records Label",132,193,40,"352593"
200,"spotify:track:58ge6dfP91o9oXMzq3XkIS","Arctic Monkeys","505","Domino/Warner Records",99,-1,34,"352462"
