﻿rank,uri,artist_names,track_name,source,peak_rank,previous_rank,weeks_on_chart,streams
1,"spotify:track:6PQ88X9TkUIAUIZJHW2upE","Ed Sheeran","Bad Habits","Atlantic Records UK",1,1,6,"3766000"
2,"spotify:track:5PjdY0CKGZdEuoNab3yDmX","The Kid LAROI, Justin Bieber","STAY (with Justin Bieber)","Columbia",2,4,4,"3618470"
3,"spotify:track:4ZtFanR9U6ndgddUvNcjcG","Olivia Rodrigo","good 4 u","Olivia Rodrigo PS",1,3,12,"3112608"
4,"spotify:track:2zxEc1GCSCxbHIXTfhraRC","Dave, Stormzy","Clash (feat. Stormzy)","Neighbourhood",2,2,4,"2436305"
5,"spotify:track:4RVwu0g32PAqgUiJoXsdF8","Billie Eilish","Happier Than Ever","Darkroom/Interscope Records",5,-1,1,"2300054"
6,"spotify:track:7zx1i0jGcFwMBurajgKlO7","Jonasu","Black Magic","3Beat",6,9,6,"2124760"
7,"spotify:track:3Wrjm47oTz2sjIgck11l5e","Måneskin","Beggin'","RCA Records Label",4,7,9,"2078200"
8,"spotify:track:27NovPIUIRrOZoCHxABJwK","Lil Nas X, Jack Harlow","INDUSTRY BABY (feat. Jack Harlow)","Columbia",8,14,2,"1922909"
9,"spotify:track:4pt5fDVTg5GhEvEtlz9dKk","Måneskin","I WANNA BE YOUR SLAVE","RCA Records Label",5,10,11,"1916624"
10,"spotify:track:5K6Ssv4Z3zRvxt0P6EKUAP","Galantis, David Guetta, Little Mix","Heartbreak Anthem (with David Guetta & Little Mix)","Big Beat Records",7,12,11,"1801043"
11,"spotify:track:7IPKXYU2rTMnrLW5IZ7ZI5","Dave","Verdansk","Neighbourhood",5,5,2,"1704146"
12,"spotify:track:3DarAbFujv6eYNliUTyqtz","Doja Cat, SZA","Kiss Me More (feat. SZA)","Kemosabe Records/RCA Records",2,13,17,"1699846"
13,"spotify:track:4laAKIq9ZxBCwf99rauPYb","Becky Hill, David Guetta","Remember","Polydor Records",13,19,7,"1655762"
14,"spotify:track:5CZ40GBx1sQ9agT82CLQCT","Olivia Rodrigo","traitor","Olivia Rodrigo PS",6,22,11,"1599174"
15,"spotify:track:67BtfxlNbhBmCDR2L2l8qd","Lil Nas X","MONTERO (Call Me By Your Name)","Columbia",1,16,19,"1579017"
16,"spotify:track:14Bcv6siTBPw3TlP84dasC","KSI","Holiday","BMG Rights Management (US) LLC",2,15,7,"1573720"
17,"spotify:track:3mtaSob1BQO4HMSA8lWKRt","Dave","In The Fire","Neighbourhood",6,6,2,"1478065"
18,"spotify:track:3Vi5XqYrmQgOYBajMWSvCi","Doja Cat","Need to Know","Kemosabe Records/RCA Records",18,39,8,"1176035"
19,"spotify:track:5nujrmhLynf4yMoMtj8AQF","Dua Lipa, DaBaby","Levitating (feat. DaBaby)","Warner Records",7,25,44,"1158624"
20,"spotify:track:1olCzMxaeiQKNO64ssWVGr","Rain Radio, DJ Craig Gorman","Talk About","Polydor Records",20,37,5,"1154783"
21,"spotify:track:0vR2rIVORmgeKiGIgNT0fV","Calvin Harris, Tom Grennan","By Your Side (feat. Tom Grennan)","Columbia",13,26,9,"1137983"
22,"spotify:track:37BZB0z9T8Xu7U3e65qxFy","The Weeknd, Ariana Grande","Save Your Tears (with Ariana Grande) (Remix)","Republic Records",14,28,15,"1109363"
23,"spotify:track:2zBDKzqa6sdxeI0fC6OWIC","Tones And I","Fly Away","Elektra (NEK)",23,44,8,"1077840"
24,"spotify:track:6HU7h9RYOaPRFeh0R3UeAr","Olivia Rodrigo","deja vu","Olivia Rodrigo PS",3,30,18,"1072298"
25,"spotify:track:0MWiSBKm8Avs8iDIxcertp","Anne-Marie, Little Mix","Kiss My (Uh Oh)","Atlantic Records/Asylum",25,35,2,"1070346"
26,"spotify:track:02MWAaffLxlfxAUY7c5dvx","Glass Animals","Heat Waves","Polydor Records",12,34,42,"1044678"
27,"spotify:track:0siYMEsGrzzzlWLXK5zJfS","Joel Corry, RAYE, David Guetta","BED","Perfect Havoc / Asylum Records",4,32,23,"1044189"
28,"spotify:track:6mSzsSdu0CWIV70jEjWMhI","ArrDee","Oliver Twist","Universal-Island Records Ltd.",8,29,9,"1039307"
29,"spotify:track:5lAnYvAIkSDNXqfo7DyFUm","Doja Cat","Ain't Shit","Kemosabe Records/RCA Records",29,33,6,"1031374"
30,"spotify:track:5wANPM4fQCJwkGd4rN57mH","Olivia Rodrigo","drivers license","Olivia Rodrigo PS",1,38,30,"1018218"
31,"spotify:track:6uvMKqNlrSvcC4NaKnrwjZ","Tion Wayne, Russ Millions, ArrDee, E1 (3x3), ZT (3x3), Bugzy Malone, Buni, Fivio Foreign, Darkoo","Body (Remix) [feat. ArrDee, E1 (3x3), ZT (3x3), Bugzy Malone, Buni, Fivio Foreign & Darkoo]","Atlantic Records UK",1,31,15,"1006961"
32,"spotify:track:5gOtq0sKU24ZF8hnXlSp1V","Dave, Wizkid","System (feat. WizKid)","Neighbourhood",8,8,2,"1005746"
33,"spotify:track:7CIERzyqIwLVKGp00YbHRO","PinkPantheress","Pain","Parlophone UK",33,53,5,"966808"
34,"spotify:track:3kNWyHdLVW1x6pn9EnSQ1H","Tom Zanetti","Didn't Know","SiC Records Limited",21,36,24,"940753"
35,"spotify:track:15OCqNPYoLziEAsbVnqRj5","Mimi Webb","Good Without","Epic",16,41,19,"933774"
36,"spotify:track:18vXApRmJSgQ6wG2ll9AOg","Polo G","RAPSTAR","Columbia",3,40,17,"928660"
37,"spotify:track:22agj1ppHejR41cUyf7k6v","Dave","We're All Alone","Neighbourhood",11,11,2,"926797"
38,"spotify:track:6cx06DFPPHchuUAcTxznu9","Joel Corry, MNEK","Head & Heart (feat. MNEK)","Atlantic Records UK",1,43,57,"888719"
39,"spotify:track:5JCoSi02qi3jJeHdZXMmR8","Olivia Rodrigo","favorite crime","Olivia Rodrigo PS",8,45,11,"880096"
40,"spotify:track:4HOryCnbme0zBnF8LWij3f","Billie Eilish","Getting Older","Darkroom/Interscope Records",40,-1,1,"867288"
41,"spotify:track:4t2OeILB07eMGTXSUbMPEu","Billie Eilish","Oxytocin","Darkroom/Interscope Records",41,-1,1,"853430"
42,"spotify:track:1vicAuW47ccp1l5mYmaWi7","KSI, Lil Durk","No Time (feat. Lil Durk)","BMG Rights Management (US) LLC",22,42,3,"842069"
43,"spotify:track:2Ms8MDDtYBw7M3K5F3EqPX","Mimi Webb","Dumb Love","Epic",21,48,8,"830787"
44,"spotify:track:0MMyJUC3WNnFS1lit5pTjk","Olivia Rodrigo","jealousy, jealousy","Olivia Rodrigo PS",14,52,11,"826335"
45,"spotify:track:4uwMD6gmDmbwaY2cjqhy7c","Dave","Twenty To One","Neighbourhood",17,17,2,"821377"
46,"spotify:track:4XvcHTUfIlWfyJTRG0aqlo","Sleepy Hallow","2055","Winners Circle/RCA Records",46,66,3,"820330"
47,"spotify:track:0VjIjW4GlUZAMYd2vXMi3b","The Weeknd","Blinding Lights","Republic Records",1,50,88,"817573"
48,"spotify:track:38GBNKZUhfBkk3oNlWzRYd","Billie Eilish","NDA","Darkroom/Interscope Records",29,72,4,"816381"
49,"spotify:track:2KnuaZYoGzDoHiBTNYOTXG","Billie Eilish","Billie Bossa Nova","Darkroom/Interscope Records",49,-1,1,"808341"
50,"spotify:track:003vvx7Niy0yvhvHt4a68B","The Killers","Mr. Brightside","Island Records",35,51,241,"805879"
51,"spotify:track:4cG7HUWYHBV6R6tHn1gxrl","Riton, Nightcrawlers, Mufasa & Hypeman, Dopamine","Friday (feat. Mufasa & Hypeman) - Dopamine Re-Edit","Ministry of Sound Recordings",3,46,28,"804960"
52,"spotify:track:4iJyoBOLtHqaGxP12qzhQI","Justin Bieber, Daniel Caesar, Giveon","Peaches (feat. Daniel Caesar & Giveon)","RBMG/Def Jam",1,47,20,"798388"
53,"spotify:track:4wvnXoQqjIOoEis5eyTbCl","Dave, Boj","Lazarus (feat. Boj)","Neighbourhood",18,18,2,"761630"
54,"spotify:track:7bcy34fBT2ap1L4bfPsl9q","Billie Eilish","I Didn't Change My Number","Darkroom/Interscope Records",54,-1,1,"755800"
55,"spotify:track:3fGW43fnu3OHEw6ohTC2Bw","Anne-Marie, Niall Horan","Our Song","Atlantic Records/Asylum",38,49,11,"752700"
56,"spotify:track:4191RXFPa7Ge9XkA4cWlna","Billie Eilish","Lost Cause","Darkroom/Interscope Records",20,-1,7,"750714"
57,"spotify:track:4qu63nuBpdn0qHUHuObEj1","Marshmello, Jonas Brothers","Leave Before You Love Me (with Jonas Brothers)","Republic Records",57,68,8,"701824"
58,"spotify:track:2tGvwE8GcFKwNdAXMnlbfl","Olivia Rodrigo","happier","Olivia Rodrigo PS",10,58,11,"700981"
59,"spotify:track:2lw3naleLuf81Si3tuFVak","Mabel","Let Them Know","Polydor Records",59,80,7,"691352"
60,"spotify:track:3Iba59sFmGhQ4kbCY5L8AX","Tom Grennan","Little Bit of Love","Insanity Records",12,57,23,"686726"
61,"spotify:track:6SRsiMl7w1USE4mFqrOhHC","Olivia Rodrigo","brutal","Olivia Rodrigo PS",8,61,11,"684758"
62,"spotify:track:5XsAal7ZcWg1I5T4NcRjkv","Billie Eilish","Halley's Comet","Darkroom/Interscope Records",62,-1,1,"662153"
63,"spotify:track:3YUMWmx8EJq0DurfuIwoGh","Billie Eilish","my future","Darkroom/Interscope Records",16,-1,10,"650774"
64,"spotify:track:6f3Slt0GbA2bPZlz0aIFXN","Tiësto","The Business","Atlantic Records",4,59,38,"643019"
65,"spotify:track:4ak9GGe6afmi2HbxEjvhIC","Billie Eilish","Male Fantasy","Darkroom/Interscope Records",65,-1,1,"642377"
66,"spotify:track:25tXNghelZKdGZZVoSL9Yg","Dave, Snoh Aalegra","Law Of Attraction (feat. Snoh Aalegra)","Neighbourhood",23,23,2,"636963"
67,"spotify:track:0ZEFUsb2AVGup8SV3y3yXl","Skepta, J Balvin","Nirvana","Boy Better Know",67,-1,1,"632387"
68,"spotify:track:042Sl6Mn83JHyLEqdK7uI0","Billie Eilish","Your Power","Darkroom/Interscope Records",4,-1,9,"626299"
69,"spotify:track:0FfqyjhB6Kspvit1oOo7ax","Billie Eilish","GOLDWING","Darkroom/Interscope Records",69,-1,1,"617302"
70,"spotify:track:3hX0ilh84w2KGaiNw2rRCV","Dave, James Blake","Both Sides Of A Smile (feat. James Blake)","Neighbourhood",24,24,2,"612513"
71,"spotify:track:6UelLqGlWMcVH1E5c4H7lY","Harry Styles","Watermelon Sugar","Columbia",4,67,90,"611844"
72,"spotify:track:1058fW9H3fZA6QjYCdOBad","Camila Cabello","Don't Go Yet","Epic",72,76,2,"600408"
73,"spotify:track:7yq4Qj7cqayVTp3FF9CWbm","Vance Joy","Riptide","Atlantic Records",58,70,194,"599593"
74,"spotify:track:3EzYtOjWoZQ4jHe78hfpQo","Dave","Heart Attack","Neighbourhood",21,21,2,"595501"
75,"spotify:track:5JKnYZOhSP7rOK0jPYcCjV","WILLOW, Travis Barker","t r a n s p a r e n t s o u l feat. Travis Barker","MSFTSMusic / Roc Nation Records, LLC",25,63,10,"587734"
76,"spotify:track:2j7WMNAPSknc94Id7Ciuas","Anne-Marie, KSI, Digital Farm Animals","Don't Play","Atlantic Records/Asylum",2,55,29,"585817"
77,"spotify:track:5YaskwnGDZFDRipaqzbwQx","ATB, Topic, A7S","Your Love (9PM)","Virgin",11,64,27,"585516"
78,"spotify:track:0Kdj7nwaYQmvhxnqZaIQuW","Bo Burnham","Bezos I","Bo Burnham",60,60,5,"582987"
79,"spotify:track:0b18g3G5spr4ZCkz7Y6Q0Q","Majestic, Boney M.","Rasputin","NITRON music",25,62,19,"582619"
80,"spotify:track:3z4CGd63tpUn9a6oQSG0CI","Dave, Burna Boy","Location (feat. Burna Boy)","Neighbourhood",9,69,126,"582008"
81,"spotify:track:73QyyUMMvtNELmULI4FOsp","Sigala, Rita Ora","You for Me","Ministry of Sound Recordings",80,83,5,"579571"
82,"spotify:track:40uMIn2zJLAQhNXghRjBed","Post Malone","Motley Crew","Republic Records",32,54,4,"574500"
83,"spotify:track:20R4HfKloPKgXDqU7UKk3x","Billie Eilish","Therefore I Am","Darkroom/Interscope Records",1,-1,26,"574301"
84,"spotify:track:0DwVfCYLrVXgvejYbWwZAd","PinkPantheress","Break It Off","Parlophone UK",84,91,2,"573212"
85,"spotify:track:7EkWXAI1wn8Ii883ecd9xr","Surf Curse","Freaks","Surf Curse",62,73,14,"572525"
86,"spotify:track:3gEeq53vYRAGOqXXE1yBoz","D-Block Europe","Lake 29","D-Block Europe",86,-1,1,"572505"
87,"spotify:track:6Uj1ctrBOjOas8xZXGqKk4","Doja Cat","Woman","Kemosabe Records/RCA Records",83,174,4,"566071"
88,"spotify:track:7qEHsqek33rTcFNT9PFqLf","Lewis Capaldi","Someone You Loved","Vertigo Berlin",1,85,136,"558414"
89,"spotify:track:0ofHAoxe9vBkTCp2UQIavz","Fleetwood Mac","Dreams - 2004 Remaster","Rhino/Warner Records",17,79,68,"556840"
90,"spotify:track:0k4d5YPDr1r7FX77VdqWez","Doja Cat, The Weeknd","You Right","Kemosabe Records/RCA Records",13,65,6,"556365"
91,"spotify:track:6lHN6T5ZkPCEKDPZqDKcYw","Dave","Three Rivers","Neighbourhood",20,20,2,"554933"
92,"spotify:track:4FEcEwbE2vsqhxbTPtiNTL","Noizu","Summer 91 (Looking Back)","RCA Records Label",56,71,18,"554885"
93,"spotify:track:4CH0dVylkeBPydRM7AaG8g","Ella Henderson, Tom Grennan","Let’s Go Home Together","Atlantic Records UK",24,75,23,"554120"
94,"spotify:track:2sXf2JdbB2GlNju00kw9WE","Bruno Mars, Anderson .Paak, Silk Sonic","Skate","Aftermath Entertainment/Atlantic",94,-1,1,"553547"
95,"spotify:track:27OeeYzk6klgBh83TSvGMA","The Kid LAROI","WITHOUT YOU","Columbia",2,77,39,"549953"
96,"spotify:track:1Xapo8sq7KcQXdt0HrXX5B","Dave","Survivor's Guilt","Neighbourhood",27,27,2,"532904"
97,"spotify:track:2vCKQ9NNCTXoAF8ltW0Zv9","Dermot Kennedy","Better Days","Riggins Recording",97,-1,1,"530966"
98,"spotify:track:0939D7aT18uBDS2MTjWzct","Coldplay","Higher Power","Parlophone UK",30,78,13,"528757"
99,"spotify:track:5QO79kh1waicV47BqGRL3g","The Weeknd","Save Your Tears","Republic Records",7,81,33,"528744"
100,"spotify:track:1VLtjHwRWOVJiE5Py7JxoQ","Polo G","Martin & Gina","Columbia",45,88,48,"524592"
101,"spotify:track:1JXBNvlDEl2epKSJ9EOgKX","The Kid LAROI, Polo G, Stunna Gambino","NOT SOBER (feat. Polo G & Stunna Gambino)","Columbia",56,56,2,"524054"
102,"spotify:track:0BGwAKW4u8kWOhWFflZxfl","Masked Wolf","Astronaut In The Ocean","Elektra (NEK)",18,74,26,"520100"
103,"spotify:track:6ZJqCviTotiIujl1rfcL53","PinkPantheress","Passion","Parlophone UK",98,98,2,"518898"
104,"spotify:track:5uSG6fUPRaehaV820zcpsK","Billie Eilish","OverHeated","Darkroom/Interscope Records",104,-1,1,"517374"
105,"spotify:track:2QjOHCTQ1Jl3zawyYOpxh6","The Neighbourhood","Sweater Weather","Columbia",39,90,45,"514484"
106,"spotify:track:5FG7Tl93LdH117jEKYl3Cm","Wizkid, Tems","Essence (feat. Tems)","Starboy/RCA Records",81,92,5,"512643"
107,"spotify:track:7MAibcTli4IisCtbHKrGMh","Bruno Mars, Anderson .Paak, Silk Sonic","Leave The Door Open","Aftermath Entertainment/Atlantic",22,116,22,"511708"
108,"spotify:track:40JjCZcdzT9ldZk5DhFqdZ","Little Mix, Saweetie","Confetti (feat. Saweetie)","RCA Records Label",32,82,14,"503246"
109,"spotify:track:5qqabIl2vWzo9ApSC317sa","Oasis","Wonderwall - Remastered","Big Brother Recordings Ltd",61,99,236,"500183"
110,"spotify:track:4jPy3l0RUwlUI9T5XHBW2m","24kGoldn, iann dior","Mood (feat. iann dior)","Records/Columbia",1,94,51,"499934"
111,"spotify:track:5jhBwnqzNNrENXnYrAdoCe","Billie Eilish","Everybody Dies","Darkroom/Interscope Records",111,-1,1,"489232"
112,"spotify:track:7jtQIBanIiJOMS6RyCx6jZ","Tom Odell","Another Love","ITNO/Columbia",40,96,26,"487942"
113,"spotify:track:5erCwioOcRwP59NJUAtEK3","D-Block Europe, RAYE","Ferrari Horses","D-Block Europe",11,100,23,"487770"
114,"spotify:track:53HqOfi7OfHRXzcWTdGJB3","AJ Tracey","Little More Love","Revenge Records",20,89,16,"480767"
115,"spotify:track:4toYTJxK1Q7uNkzeFzKJuu","PS1, Alex Hosking","Life Goes On (feat. Alex Hosking)","Columbia",70,95,7,"476301"
116,"spotify:track:4T2zre0jqstNJ5Gt0WG9lz","Billie Eilish","Not My Responsibility","Darkroom/Interscope Records",116,-1,1,"470026"
117,"spotify:track:3rq5w4bQGigXOfdN30ATJt","Arctic Monkeys","Do I Wanna Know?","Domino Recording Co",52,107,177,"462947"
118,"spotify:track:3J8EOeKLTLXORtWPpOU5bE","Lil Tjay, 6LACK","Calling My Phone","Columbia",1,103,25,"459365"
119,"spotify:track:3gbBpTdY8lnQwqxNCcf795","Bastille","Pompeii","Virgin Records Ltd",90,106,77,"454136"
120,"spotify:track:3AJwUDP919kvQ9QcozQPxg","Coldplay","Yellow","Parlophone UK",80,112,40,"453157"
121,"spotify:track:3PfIrDoz19wz7qK7tYeu62","Dua Lipa","Don't Start Now","Warner Records",2,101,92,"451249"
122,"spotify:track:58T4yPLn4NjBYXfRxeweyM","Pop Smoke, Chris Brown","Woo Baby (feat. Chris Brown)","Victor Victor Worldwide",57,93,3,"445281"
123,"spotify:track:1f3yAtsJtY87CTmM8RLnxf","Nirvana","Smells Like Teen Spirit","Geffen",112,121,33,"444528"
124,"spotify:track:2TOzTqQXNmR2zDJXihjZ2e","Olivia Rodrigo","enough for you","Olivia Rodrigo PS",9,113,11,"444115"
125,"spotify:track:5eXBXreN3d1zdj6Sa8dS0u","BTS","Permission to Dance","BIGHIT MUSIC",49,87,4,"444048"
126,"spotify:track:3DMs7bahbQTnoxCjgP7qoK","Pop Smoke, Dua Lipa","Demeanor (feat. Dua Lipa)","Victor Victor Worldwide",55,84,3,"439937"
127,"spotify:track:5e9TFTbltYBg2xThimr0rU","Fleetwood Mac","The Chain - 2004 Remaster","Rhino/Warner Records",74,119,97,"437517"
128,"spotify:track:7hxHWCCAIIxFLCzvDgnQHX","Internet Money, Gunna, Don Toliver, NAV","Lemonade (feat. NAV)","Internet Money Records / TenThousand Projects",2,114,51,"436847"
129,"spotify:track:7pnQ23WgZca9jEfMts9qsR","A1 x J1","Latest Trends","EMI",4,109,26,"435817"
130,"spotify:track:3yaYgjEFkRw3PVjW9mV1TO","Smiley, Drake","Over The Top (feat. Drake)","OVO Sound",130,136,2,"435579"
131,"spotify:track:07GvNcU1WdyZJq3XxP0kZa","Fleetwood Mac","Go Your Own Way - 2004 Remaster","Rhino/Warner Records",88,124,92,"435311"
132,"spotify:track:4wcBRRpIfesgcyUtis7PEg","Olivia Rodrigo","1 step forward, 3 steps back","Olivia Rodrigo PS",11,108,11,"434669"
133,"spotify:track:4lQ87x6SYGR9E8v28xqhh2","Central Cee","Little Bit of This","Central Cee",59,86,3,"429683"
134,"spotify:track:60ynsPSSKe6O3sfwRnIBRf","Doja Cat","Streets","Kemosabe Records/RCA Records",5,122,30,"426710"
135,"spotify:track:5zNW5ARjYhJQJz1AChP33n","Megan Thee Stallion","Thot Shit","300 Entertainment",68,110,8,"418635"
136,"spotify:track:25AvaE23MXl06YRtQcQoJS","Bo Burnham","Welcome to The Internet","Bo Burnham",70,104,8,"418245"
137,"spotify:track:6ft4hAq6yde8jPZY2i5zLr","MEDUZA, Dermot Kennedy","Paradise (feat. Dermot Kennedy)","Universal-Island Records Ltd.",6,128,40,"416895"
138,"spotify:track:3Fzlg5r1IjhLk2qRw667od","Toploader","Dancing in the Moonlight","Sony Soho Square",87,125,130,"416747"
139,"spotify:track:2N8m6CYs74qQO4mjVcXO30","Tones And I","Dance Monkey","Elektra (NEK)",1,126,105,"415694"
140,"spotify:track:1tkg4EHVoqnhR6iFEXb60y","Pop Smoke","What You Know Bout Love","Victor Victor Worldwide",4,123,57,"413701"
141,"spotify:track:48q0vSHcJdhK3IiXH8C5WJ","Arctic Monkeys","Why'd You Only Call Me When You're High?","Domino Recording Co",38,134,42,"413325"
142,"spotify:track:0RiRZpuVRbi7oqRdSMwhQY","Post Malone, Swae Lee","Sunflower - Spider-Man: Into the Spider-Verse","Republic Records",3,129,146,"412886"
143,"spotify:track:0ntQJM78wzOLVeCUAW7Y45","Kings of Leon","Sex on Fire","RCA/Legacy",120,141,28,"412326"
144,"spotify:track:1dIWPXMX4kRHj6Dt2DStUQ","Blxst, Tyga, Ty Dolla $ign","Chosen (feat. Ty Dolla $ign)","Red Bull Records Inc. / Evgle LLC",144,195,2,"410698"
145,"spotify:track:0Fs9cdPDhptWEDJmiCbkEW","J. Cole, Cults, Amber Coffman","She Knows (feat. Amber Coffman & Cults)","Roc Nation LLC",145,-1,1,"407910"
146,"spotify:track:44xO8889yUQHn70P73NILS","Navos","Believe Me","Universal-Island Records Ltd.",29,111,26,"407823"
147,"spotify:track:7qiZfU4dY1lWllzX7mPBI3","Ed Sheeran","Shape of You","Atlantic Records UK",1,135,193,"407503"
148,"spotify:track:2gMXnyrvIjhVBUZwvLZDMP","Lewis Capaldi","Before You Go","Vertigo Berlin",1,148,90,"406446"
149,"spotify:track:3yfqSUWxFvZELEM4PmlwIR","Eminem","The Real Slim Shady","Interscope",129,155,20,"401393"
150,"spotify:track:7ytR5pFWmSjzHJIeQkgog4","DaBaby, Roddy Ricch","ROCKSTAR (feat. Roddy Ricch)","South Coast Music Group/Interscope Records",1,131,68,"401180"
151,"spotify:track:1zi7xx7UVEFkmKfv06H8x0","Drake, Wizkid, Kyla","One Dance","Cash Money Records/Young Money Ent./Universal Rec.",15,130,130,"400589"
152,"spotify:track:285pBltuF7vW8TeWk8hdRR","Juice WRLD","Lucid Dreams","Juice WRLD Mixtape / ISR P&D",6,139,168,"399865"
153,"spotify:track:6LW3Z1GqbL78TIjfDyg4zp","Wilkinson, Becky Hill","Afterglow","EMI",38,132,27,"397289"
154,"spotify:track:0UvCh63URrLFcPkKt99hHd","Oasis","Don't Look Back In Anger - Remastered","Big Brother Recordings Ltd",44,142,189,"396534"
155,"spotify:track:7BHPGtpuuWWsvE7cCaMuEU","The Kooks","Naive","Virgin Records",68,140,194,"396519"
156,"spotify:track:0nrRP2bk19rLc0orkWPQk2","Avicii","Wake Me Up","Universal Music AB",16,137,68,"396421"
157,"spotify:track:45bE4HXI0AwGZXfZtMp8JR","Tate McRae","you broke me first","RCA Records Label",8,158,55,"395605"
158,"spotify:track:254bXAqt3zP6P50BdQvEsq","Fleetwood Mac","Everywhere - 2017 Remaster","Rhino/Warner Records",86,153,143,"393671"
159,"spotify:track:0vnKE8ukNmF641XhnEyZJD","Griff","Black Hole","Warner Records",44,117,19,"388916"
160,"spotify:track:2prnn41CblB8B4yWACDljP","Shouse, David Guetta","Love Tonight (David Guetta Remix Edit)","Hell Beach",160,-1,1,"388842"
161,"spotify:track:7l97ElWmIdVHWUaOeeU5ZC","Tate McRae","that way","Not specified",161,-1,1,"388754"
162,"spotify:track:2tUBqZG2AbRi7Q0BIrVrEj","Whitney Houston","I Wanna Dance with Somebody (Who Loves Me)","Arista/Legacy",99,154,121,"387426"
163,"spotify:track:65OVbaJR5O1RmwOQx0875b","Drake, Lil Baby","Wants and Needs (feat. Lil Baby)","OVO",6,156,22,"387000"
164,"spotify:track:4YMApzzqCO31TPxPvgdHhh","Nathan Dawe, Anne-Marie, MoStack","Way Too Long","Atlantic Records UK",49,120,17,"386598"
165,"spotify:track:2bgTY4UwhfBYhGT4HUYStN","BTS","Butter","BIGHIT MUSIC",18,115,11,"385188"
166,"spotify:track:62AuGbAkt8Ox2IrFFb8GKV","Neil Diamond","Sweet Caroline","Geffen",19,127,5,"385132"
167,"spotify:track:4bHsxqR3GMrXTxEPLuK5ue","Journey","Don't Stop Believin' (2022 Remaster)","Columbia/Legacy",133,161,116,"383608"
168,"spotify:track:2qzW5AK8ldKUOWUETwAkZY","Dave","Titanium","Neighbourhood",9,102,17,"382219"
169,"spotify:track:54zJ1SxDe0CQhWRij7E0no","Becky Hill","Last Time","Polydor Records",84,146,18,"379989"
170,"spotify:track:2tpWsVSb9UEmDRxAl1zhX1","OneRepublic","Counting Stars","Mosley / Interscope",153,159,19,"379446"
171,"spotify:track:2f0pn9DkEJwAzXApnFh5cr","BANNERS","Someone To You","Island Records",60,151,55,"379446"
172,"spotify:track:4rPkN1FMzQyFNP9cLUGIIB","Dua Lipa","Love Again","Warner Records",51,176,4,"373169"
173,"spotify:track:3bidbhpOYeV4knp8AIu8Xn","Macklemore & Ryan Lewis, Macklemore, Ryan Lewis, Ray Dalton","Can't Hold Us (feat. Ray Dalton)","Macklemore",98,164,113,"372258"
174,"spotify:track:5T8EDUDqKcs6OSOwEsfqG7","Queen","Don't Stop Me Now - Remastered 2011","Hollywood Records",73,167,115,"371739"
175,"spotify:track:0pqnGHJpmpxLKifKRmU6WP","Imagine Dragons","Believer","Kid Ina Korner / Interscope",37,160,206,"371622"
176,"spotify:track:0tgVpDi06FyKpA1z0VMD4v","Ed Sheeran","Perfect","Atlantic Records UK",5,175,141,"371198"
177,"spotify:track:62vpWI1CHwFy7tMIcSStl8","J. Cole","No Role Modelz","Roc Nation Records LLC",95,183,36,"370334"
178,"spotify:track:3dYD57lRAUcMHufyqn9GcI","Hozier","Take Me to Church","Columbia",84,165,56,"370143"
179,"spotify:track:2U5WueTLIK5WJLD7mvDODv","Juice WRLD","Wishing Well","Grade A Productions/Interscope Records",11,172,54,"368959"
180,"spotify:track:1fxYz1s15pyZLsJT0Hdh1m","Roddy Ricch","late at night","Atlantic Records",53,133,9,"368721"
181,"spotify:track:2RlgNHKcydI9sayD2Df2xp","Electric Light Orchestra","Mr. Blue Sky","Epic/Legacy",101,169,94,"368069"
182,"spotify:track:6N1EjQjnvhOjFrF6oUmGPa","Bryan Adams","Summer Of '69","A&M",115,166,63,"366858"
183,"spotify:track:4cJgjjWMjf4nfLRuSr4hVl","Bad Boy Chiller Crew","Don't You Worry About Me","Relentless Records",69,179,16,"365689"
184,"spotify:track:4RvWPyQ5RL0ao9LPZeSouE","Tears For Fears","Everybody Wants To Rule The World","UMC (Universal Music Catalogue)",150,168,18,"365450"
185,"spotify:track:1jDJFeK9x3OZboIAHsY9k2","Elton John","I'm Still Standing","EMI",109,171,25,"363635"
186,"spotify:track:79s5XnCN4TJKTVMSmOx8Ep","Pop Smoke","Dior","Victor Victor Worldwide/Republic Records",25,193,73,"363287"
187,"spotify:track:5UZRiz52aaoW64Sp88qVQc","MIST, Burna Boy","Rollin' (feat. Burna Boy)","Warner Records",178,178,3,"363079"
188,"spotify:track:2gvIIpYdM9x1rdekmQMXCL","MENTIS, Kate Wild","Excuses","Columbia",188,-1,2,"362605"
189,"spotify:track:0zLCBJZSiELJf02ucPP9wb","SAINt JHN, Imanbek","Roses - Imanbek Remix","Craft Recordings",2,170,84,"362522"
190,"spotify:track:5xoUgPXbMNUmoHU0Enwtwq","The Kooks","She Moves In Her Own Way","Virgin Records",107,177,113,"362481"
191,"spotify:track:7ju97lgwC2rKQ6wwsf9no9","Lady Gaga, Ariana Grande","Rain On Me (with Ariana Grande)","Interscope",2,181,63,"361511"
192,"spotify:track:4io98JhqN1JiBsEM0ZaYkv","Potter Payper, M Huncho","Catch Up","0207 Def Jam",192,-1,1,"361054"
193,"spotify:track:6eCmK3GQyFuTNWCJHsaF9d","Clean Bandit, Topic, Wes Nelson","Drive (feat. Wes Nelson)","Atlantic Records UK",193,-1,1,"360217"
194,"spotify:track:2374M0fQpWi3dLnB54qaLX","TOTO","Africa","Columbia",89,189,138,"360001"
195,"spotify:track:4vzJrkfHbCGaodPA5RY5BV","Central Cee","Loading","Central Cee",20,163,41,"359974"
196,"spotify:track:5uCax9HTNlzGybIStD3vDh","James Arthur","Say You Won't Let Go","Columbia",5,190,227,"359645"
197,"spotify:track:39LLxExYz6ewLAcYrzQQyP","Dua Lipa","Levitating","Warner Records",44,-1,14,"358999"
198,"spotify:track:7uD5yn7Ll3XqvaY93FwSQ2","Aitch","Learning Curve","Capitol Records UK / EMI",48,152,6,"357303"
199,"spotify:track:4ofwffwvvnbSkrMSCKQDaC","George Ezra","Shotgun","Columbia",1,182,157,"357119"
200,"spotify:track:1J14CdDAvBTE1AJYUOwl6C","Duncan Laurence","Arcade","Universal Music, a division of Universal International Music BV",47,-1,24,"356984"
