﻿rank,uri,artist_names,track_name,source,peak_rank,previous_rank,weeks_on_chart,streams
1,"spotify:track:4ZtFanR9U6ndgddUvNcjcG","Olivia Rodrigo","good 4 u","Olivia Rodrigo PS",1,1,2,"8271129"
2,"spotify:track:6uvMKqNlrSvcC4NaKnrwjZ","Tion Wayne, Russ Millions, ArrDee, E1 (3x3), ZT (3x3), Bugzy Malone, Buni, Fivio Foreign, Darkoo","Body (Remix) [feat. ArrDee, E1 (3x3), ZT (3x3), Bugzy Malone, Buni, Fivio Foreign & Darkoo]","Atlantic Records UK",1,2,5,"3360453"
3,"spotify:track:6HU7h9RYOaPRFeh0R3UeAr","Olivia Rodrigo","deja vu","Olivia Rodrigo PS",3,7,8,"3323325"
4,"spotify:track:748mdHapucXQri7IAO8yFK","Doja Cat, SZA","Kiss Me More (feat. SZA)","Kemosabe Records/RCA Records",2,3,7,"2739595"
5,"spotify:track:5wANPM4fQCJwkGd4rN57mH","Olivia Rodrigo","drivers license","Olivia Rodrigo PS",1,14,20,"2654846"
6,"spotify:track:67BtfxlNbhBmCDR2L2l8qd","Lil Nas X","MONTERO (Call Me By Your Name)","Columbia",1,4,9,"2453723"
7,"spotify:track:5CZ40GBx1sQ9agT82CLQCT","Olivia Rodrigo","traitor","Olivia Rodrigo PS",7,-1,1,"2431047"
8,"spotify:track:6SRsiMl7w1USE4mFqrOhHC","Olivia Rodrigo","brutal","Olivia Rodrigo PS",8,-1,1,"2228584"
9,"spotify:track:2TOzTqQXNmR2zDJXihjZ2e","Olivia Rodrigo","enough for you","Olivia Rodrigo PS",9,-1,1,"1952019"
10,"spotify:track:2tGvwE8GcFKwNdAXMnlbfl","Olivia Rodrigo","happier","Olivia Rodrigo PS",10,-1,1,"1853950"
11,"spotify:track:4wcBRRpIfesgcyUtis7PEg","Olivia Rodrigo","1 step forward, 3 steps back","Olivia Rodrigo PS",11,-1,1,"1826943"
12,"spotify:track:43PGPuHIlVOc04jrZVh9L6","Polo G","RAPSTAR","Columbia",3,5,7,"1803044"
13,"spotify:track:5JCoSi02qi3jJeHdZXMmR8","Olivia Rodrigo","favorite crime","Olivia Rodrigo PS",13,-1,1,"1766680"
14,"spotify:track:0MMyJUC3WNnFS1lit5pTjk","Olivia Rodrigo","jealousy, jealousy","Olivia Rodrigo PS",14,-1,1,"1620539"
15,"spotify:track:4iJyoBOLtHqaGxP12qzhQI","Justin Bieber, Daniel Caesar, Giveon","Peaches (feat. Daniel Caesar & Giveon)","RBMG/Def Jam",1,6,10,"1615231"
16,"spotify:track:5nujrmhLynf4yMoMtj8AQF","Dua Lipa, DaBaby","Levitating (feat. DaBaby)","Warner Records",7,8,34,"1567168"
17,"spotify:track:0siYMEsGrzzzlWLXK5zJfS","Joel Corry, RAYE, David Guetta","BED","Perfect Havoc / Asylum Records",4,12,13,"1564088"
18,"spotify:track:3VqeTFIvhxu3DIe4eZVzGq","BTS","Butter","BIGHIT MUSIC",18,-1,1,"1509416"
19,"spotify:track:1zejeOnykpCoyVSit6Bwp3","Olivia Rodrigo","hope ur ok","Olivia Rodrigo PS",19,-1,1,"1432920"
20,"spotify:track:4cG7HUWYHBV6R6tHn1gxrl","Riton, Nightcrawlers, Mufasa & Hypeman, Dopamine","Friday (feat. Mufasa & Hypeman) - Dopamine Re-Edit","Ministry of Sound Recordings",3,13,18,"1425751"
21,"spotify:track:15OCqNPYoLziEAsbVnqRj5","Mimi Webb","Good Without","Epic",21,33,9,"1281556"
22,"spotify:track:5K6Ssv4Z3zRvxt0P6EKUAP","Galantis, David Guetta, Little Mix","Heartbreak Anthem (with David Guetta & Little Mix)","Big Beat Records",22,-1,1,"1232662"
23,"spotify:track:3Iba59sFmGhQ4kbCY5L8AX","Tom Grennan","Little Bit of Love","Insanity Records",12,19,13,"1232286"
24,"spotify:track:776AftMmFFAWUIEAb3lHhw","Måneskin","ZITTI E BUONI","RCA Records Label",24,-1,1,"1218738"
25,"spotify:track:3VT8hOC5vuDXBsHrR53WFh","Masked Wolf","Astronaut In The Ocean","Elektra (NEK)",18,20,16,"1201611"
26,"spotify:track:5erCwioOcRwP59NJUAtEK3","D-Block Europe, RAYE","Ferrari Horses","D-Block Europe",11,21,13,"1194023"
27,"spotify:track:02MWAaffLxlfxAUY7c5dvx","Glass Animals","Heat Waves","Polydor Records",12,22,32,"1191841"
28,"spotify:track:5YaskwnGDZFDRipaqzbwQx","ATB, Topic, A7S","Your Love (9PM)","Virgin",11,17,17,"1189638"
29,"spotify:track:6f3Slt0GbA2bPZlz0aIFXN","Tiësto","The Business","Atlantic Records",4,18,28,"1170705"
30,"spotify:track:53HqOfi7OfHRXzcWTdGJB3","AJ Tracey","Little More Love","Revenge Records",20,24,6,"1099790"
31,"spotify:track:0b18g3G5spr4ZCkz7Y6Q0Q","Majestic, Boney M.","Rasputin","NITRON music",25,26,9,"1064502"
32,"spotify:track:6cx06DFPPHchuUAcTxznu9","Joel Corry, MNEK","Head & Heart (feat. MNEK)","Atlantic Records UK",1,28,47,"1054048"
33,"spotify:track:4CH0dVylkeBPydRM7AaG8g","Ella Henderson, Tom Grennan","Let’s Go Home Together","Atlantic Records UK",24,29,13,"1037136"
34,"spotify:track:5W8jRrZ6tWrTrqnKRtIQBf","J. Cole, Lil Baby","p r i d e . i s . t h e . d e v i l (with Lil Baby)","Dreamville, Inc., Under exclusive license to Roc Nation Records",10,10,2,"990118"
35,"spotify:track:1D3z6HTiQsNmZxjl7F7eoG","J. Cole, 21 Savage, Morray","m y . l i f e (with 21 Savage & Morray)","Dreamville, Inc., Under exclusive license to Roc Nation Records",9,9,2,"969013"
36,"spotify:track:0VjIjW4GlUZAMYd2vXMi3b","The Weeknd","Blinding Lights","Republic Records",1,35,78,"951675"
37,"spotify:track:37BZB0z9T8Xu7U3e65qxFy","The Weeknd, Ariana Grande","Save Your Tears (with Ariana Grande) (Remix)","Republic Records",17,32,5,"937559"
38,"spotify:track:3kNWyHdLVW1x6pn9EnSQ1H","Tom Zanetti","Didn't Know","SiC Records Limited",33,38,14,"936467"
39,"spotify:track:3CVb6hkMrlF7eHhXi5B3PZ","Russ Millions, Tion Wayne","Body","Atlantic Records UK",9,30,9,"916649"
40,"spotify:track:7pnQ23WgZca9jEfMts9qsR","A1 x J1","Latest Trends","EMI",4,34,16,"904019"
41,"spotify:track:3J8EOeKLTLXORtWPpOU5bE","Lil Tjay, 6LACK","Calling My Phone","Columbia",1,37,15,"900481"
42,"spotify:track:40JjCZcdzT9ldZk5DhFqdZ","Little Mix, Saweetie","Confetti (feat. Saweetie)","RCA Records Label",42,57,4,"898597"
43,"spotify:track:1KixkQVDUHggZMU9dUobgm","Ava Max","My Head & My Heart","Atlantic Records",26,39,15,"867450"
44,"spotify:track:5qNh5WtzMbfpSj2jLlBkoD","Billie Eilish","Your Power","Darkroom/Interscope Records",4,25,4,"854286"
45,"spotify:track:6xw8ld1ztoCKifwTN6uGDq","Griff","Black Hole","Warner Records",45,47,9,"852108"
46,"spotify:track:27OeeYzk6klgBh83TSvGMA","The Kid LAROI","WITHOUT YOU","Columbia",2,43,29,"831180"
47,"spotify:track:2cnKST6T9qUo2i907lm8zX","J. Cole","a m a r i","Dreamville, Inc., Under exclusive license to Roc Nation Records",11,11,2,"820269"
48,"spotify:track:2qzW5AK8ldKUOWUETwAkZY","Dave","Titanium","Neighbourhood",9,41,7,"812895"
49,"spotify:track:7BoobGhD4x5K96Me0hqC8Q","Bella Poarch","Build a Bitch","Warner Records",49,89,2,"810646"
50,"spotify:track:7MAibcTli4IisCtbHKrGMh","Bruno Mars, Anderson .Paak, Silk Sonic","Leave The Door Open","Aftermath Entertainment/Atlantic",22,42,12,"806884"
51,"spotify:track:7jtQIBanIiJOMS6RyCx6jZ","Tom Odell","Another Love","ITNO/Columbia",40,48,16,"792763"
52,"spotify:track:003vvx7Niy0yvhvHt4a68B","The Killers","Mr. Brightside","Island Records",36,53,231,"784470"
53,"spotify:track:1v1oIWf2Xgh54kIWuKsDf6","AURORA","Runaway","Glassnote Entertainment Group LLC",31,45,9,"750691"
54,"spotify:track:0UCKUJU94sx8XBQnaNsRkB","Central Cee","Commitment Issues","Central Cee",9,50,15,"742697"
55,"spotify:track:60ynsPSSKe6O3sfwRnIBRf","Doja Cat","Streets","Kemosabe Records/RCA Records",5,49,20,"742669"
56,"spotify:track:44xO8889yUQHn70P73NILS","Navos","Believe Me","Universal-Island Records Ltd.",29,54,16,"741089"
57,"spotify:track:5QO79kh1waicV47BqGRL3g","The Weeknd","Save Your Tears","Republic Records",7,51,23,"719495"
58,"spotify:track:5zqObw7wjBgL9TDiAymxPn","Anne-Marie, Niall Horan","Our Song","Atlantic Records/Asylum",58,-1,1,"719221"
59,"spotify:track:1M4OcYkxAtu3ErzSgDEfoi","Cardi B","Up","Atlantic Records",16,52,16,"685483"
60,"spotify:track:7qEHsqek33rTcFNT9PFqLf","Lewis Capaldi","Someone You Loved","Vertigo Berlin",1,62,126,"685245"
61,"spotify:track:1VLtjHwRWOVJiE5Py7JxoQ","Polo G","Martin & Gina","Columbia",45,61,38,"675580"
62,"spotify:track:0939D7aT18uBDS2MTjWzct","Coldplay","Higher Power","Parlophone UK",30,56,3,"665981"
63,"spotify:track:6UelLqGlWMcVH1E5c4H7lY","Harry Styles","Watermelon Sugar","Columbia",4,65,80,"650347"
64,"spotify:track:1nahzW3kfMuwReTka28tH5","Justin Bieber","Hold On","RBMG/Def Jam",7,58,12,"647032"
65,"spotify:track:5gjATWO1EIhrCP1CQ2GWg8","Rag'n'Bone Man, P!nk","Anywhere Away from Here (Rag’n’Bone Man & P!nk)","Best Laid Plans/Columbia",51,59,5,"640849"
66,"spotify:track:34eF4BoV8FPk0uhAAoqU7h","Lil Nas X","SUN GOES DOWN","Columbia",66,-1,1,"636631"
67,"spotify:track:0ofHAoxe9vBkTCp2UQIavz","Fleetwood Mac","Dreams - 2004 Remaster","Rhino/Warner Records",17,70,58,"624252"
68,"spotify:track:4I5bvu2KDsrCg0EWHIcvul","Anne-Marie, KSI, Digital Farm Animals","Don't Play","Asylum Records",2,44,19,"623860"
69,"spotify:track:4O0LQKVT6hGmVGNwizmydg","Daði Freyr","10 Years","Samlist",69,-1,1,"619417"
70,"spotify:track:4VW44pawoOHPUjlN7DX5vk","Polo G, Lil Wayne","GANG GANG (with Lil Wayne)","Columbia",70,-1,1,"615060"
71,"spotify:track:4vzJrkfHbCGaodPA5RY5BV","Central Cee","Loading","Central Cee",20,68,31,"614886"
72,"spotify:track:3FAJ6O0NOHQV8Mc5Ri6ENp","Giveon","Heartbreak Anniversary","Epic/Not So Fast",34,60,14,"609428"
73,"spotify:track:1YHjRAptXqPdsdx3g6FNJL","Wes Nelson, Yxng Bane","Nice To Meet Ya (feat. Yxng Bane)","EMI",44,66,8,"607336"
74,"spotify:track:3IxMaULfjq4IT2IN6v54PB","Dream","Mask","Dream Music",74,-1,1,"603783"
75,"spotify:track:4jPy3l0RUwlUI9T5XHBW2m","24kGoldn, iann dior","Mood (feat. iann dior)","Records/Columbia",1,72,41,"600511"
76,"spotify:track:08LwMWf5Tcfsd752EPzFV0","J. Cole","i n t e r l u d e","Dreamville, Inc., Under exclusive license to Roc Nation Records",15,15,3,"587406"
77,"spotify:track:6ft4hAq6yde8jPZY2i5zLr","MEDUZA, Dermot Kennedy","Paradise (feat. Dermot Kennedy)","Universal-Island Records Ltd.",6,64,30,"585220"
78,"spotify:track:4YMApzzqCO31TPxPvgdHhh","Nathan Dawe, Anne-Marie, MoStack","Way Too Long","Atlantic Records UK",58,85,7,"576553"
79,"spotify:track:7yq4Qj7cqayVTp3FF9CWbm","Vance Joy","Riptide","Atlantic Records",62,80,184,"561758"
80,"spotify:track:5Z8Dj3LtbyCMiwE86rhg2f","Fred again.., The Blessed Madonna","Marea (we’ve lost dancing)","Atlantic Records UK",59,77,8,"558225"
81,"spotify:track:1J14CdDAvBTE1AJYUOwl6C","Duncan Laurence","Arcade","Universal Music, a division of Universal International Music BV",47,104,17,"558113"
82,"spotify:track:4cJgjjWMjf4nfLRuSr4hVl","Bad Boy Chiller Crew","Don't You Worry About Me","Relentless Records",82,90,6,"556276"
83,"spotify:track:7hxHWCCAIIxFLCzvDgnQHX","Internet Money, Gunna, Don Toliver, NAV","Lemonade (feat. NAV)","Internet Money Records / TenThousand Projects",2,81,41,"551426"
84,"spotify:track:3z4CGd63tpUn9a6oQSG0CI","Dave, Burna Boy","Location (feat. Burna Boy)","Neighbourhood",9,84,116,"549901"
85,"spotify:track:2QjOHCTQ1Jl3zawyYOpxh6","The Neighbourhood","Sweater Weather","Columbia",39,82,35,"546331"
86,"spotify:track:3PfIrDoz19wz7qK7tYeu62","Dua Lipa","Don't Start Now","Warner Records",2,75,82,"541287"
87,"spotify:track:1tkg4EHVoqnhR6iFEXb60y","Pop Smoke","What You Know Bout Love","Victor Victor Worldwide",4,88,47,"540954"
88,"spotify:track:1diS6nkxMQc3wwC4G1j0bh","Dua Lipa","We're Good","Warner Records",37,71,15,"539347"
89,"spotify:track:3rq5w4bQGigXOfdN30ATJt","Arctic Monkeys","Do I Wanna Know?","Domino Recording Co",52,87,167,"534666"
90,"spotify:track:055Mme9ReKK99jRFA5UJ55","Shane Codd","Get Out My Head","Polydor Records",19,83,28,"534570"
91,"spotify:track:3YJJjQPAbDT7mGpX3WtQ9A","SZA","Good Days","Top Dawg Entertainment/RCA Records",4,74,22,"530929"
92,"spotify:track:5qqabIl2vWzo9ApSC317sa","Oasis","Wonderwall - Remastered","Big Brother Recordings Ltd",61,97,226,"522953"
93,"spotify:track:7ytR5pFWmSjzHJIeQkgog4","DaBaby, Roddy Ricch","ROCKSTAR (feat. Roddy Ricch)","South Coast Music Group/Interscope Records",1,91,58,"522685"
94,"spotify:track:5J5CpT6bgE6KYKk23jgp9W","KSI, YUNGBLUD, Polo G","Patience (feat. YUNGBLUD & Polo G)","BMG Rights Management (US) LLC",2,79,11,"519560"
95,"spotify:track:4FEcEwbE2vsqhxbTPtiNTL","Noizu","Summer 91 (Looking Back)","RCA Records Label",78,92,8,"517360"
96,"spotify:track:4pt5fDVTg5GhEvEtlz9dKk","Måneskin","I WANNA BE YOUR SLAVE","RCA Records Label",96,-1,1,"514643"
97,"spotify:track:3iw6V4LH7yPj1ESORX9RIN","Nathan Evans, 220 KID","Wellerman - Sea Shanty / 220 KID x Billen Ted Remix","Polydor Records",10,76,18,"514018"
98,"spotify:track:3AJwUDP919kvQ9QcozQPxg","Coldplay","Yellow","Parlophone UK",80,96,30,"509406"
99,"spotify:track:0IUprcNjE2hDtlvY8rq2W9","Lovejoy","One Day","NVLCTRCRDS Limited",63,63,3,"507472"
100,"spotify:track:1TZv3bujNaYz646eezRE91","Nicki Minaj, Drake, Lil Wayne","Seeing Green (with Drake & Lil Wayne)","Republic Records",67,67,2,"505917"
101,"spotify:track:65OVbaJR5O1RmwOQx0875b","Drake, Lil Baby","Wants and Needs (feat. Lil Baby)","OVO",6,100,12,"502163"
102,"spotify:track:5e9TFTbltYBg2xThimr0rU","Fleetwood Mac","The Chain - 2004 Remaster","Rhino/Warner Records",74,101,87,"490451"
103,"spotify:track:7mEDVrAHDnQJStDo8jKJJm","Go_A","SHUM","Universal Music Polska Sp. z o.o.",103,-1,1,"486800"
104,"spotify:track:45bE4HXI0AwGZXfZtMp8JR","Tate McRae","you broke me first","RCA Records Label",8,109,45,"484017"
105,"spotify:track:285pBltuF7vW8TeWk8hdRR","Juice WRLD","Lucid Dreams","Juice WRLD Mixtape / ISR P&D",6,106,158,"483021"
106,"spotify:track:7EkWXAI1wn8Ii883ecd9xr","Surf Curse","Freaks","Surf Curse",70,86,4,"482806"
107,"spotify:track:35mvY5S1H3J2QZyna3TFe0","Ariana Grande","positions","Republic Records",1,99,31,"481418"
108,"spotify:track:3nY8AqaMNNHHLYV4380ol0","StarBoi3, Doja Cat","Dick (feat. Doja Cat)","Not specified",91,93,4,"476969"
109,"spotify:track:48q0vSHcJdhK3IiXH8C5WJ","Arctic Monkeys","Why'd You Only Call Me When You're High?","Domino Recording Co",38,103,32,"473437"
110,"spotify:track:62vpWI1CHwFy7tMIcSStl8","J. Cole","No Role Modelz","Roc Nation Records LLC",95,95,26,"467948"
111,"spotify:track:2gMXnyrvIjhVBUZwvLZDMP","Lewis Capaldi","Before You Go","Vertigo Berlin",1,105,80,"466372"
112,"spotify:track:2BITQ360Knh6qNAOqR7Dyq","Trippie Redd, Playboi Carti","Miss The Rage","Homemade Projects / 10K Projects",35,73,3,"464389"
113,"spotify:track:76Tuo484SLohJakHLnGI3B","Little Mix","Sweet Melody","RCA Records Label",7,94,31,"461759"
114,"spotify:track:4Oun2ylbjFKMPTiaSbbCih","Cardi B, Megan Thee Stallion","WAP (feat. Megan Thee Stallion)","Atlantic/KSR",1,107,42,"461725"
115,"spotify:track:11ZulcYY4lowvcQm4oe3VJ","Ashnikko, Princess Nokia","Slumber Party (feat. Princess Nokia)","Parlophone UK",88,112,9,"461319"
116,"spotify:track:1uAOCTevGnyKIDbgZdOCnE","Barbara Pravi","Voilà","Universal Music Division Virgin Music",116,-1,1,"457675"
117,"spotify:track:7htmRcPbmrY9oenatxz9UL","A1 x J1, Aitch","Latest Trends (feat. Aitch) - Remix","EMI",23,108,11,"455643"
118,"spotify:track:0zLCBJZSiELJf02ucPP9wb","SAINt JHN, Imanbek","Roses - Imanbek Remix","Craft Recordings",2,115,74,"453351"
119,"spotify:track:3Fzlg5r1IjhLk2qRw667od","Toploader","Dancing in the Moonlight","Sony Soho Square",87,126,120,"447614"
120,"spotify:track:0ntQJM78wzOLVeCUAW7Y45","Kings of Leon","Sex on Fire","RCA/Legacy",120,136,18,"446317"
121,"spotify:track:0RiRZpuVRbi7oqRdSMwhQY","Post Malone, Swae Lee","Sunflower - Spider-Man: Into the Spider-Verse","Republic Records",3,122,136,"444933"
122,"spotify:track:1rgnBhdG2JDFTbYkYRZAku","Tones And I","Dance Monkey","Elektra (NEK)",1,120,95,"444649"
123,"spotify:track:5uEYRdEIh9Bo4fpjDd4Na9","Travis Scott, HVME","Goosebumps - Remix","Cactus Jack/Epic",72,110,18,"444048"
124,"spotify:track:1tLV0GD0WXQ1Z8BKOQscti","Central Cee","6 For 6","Central Cee",14,117,11,"440186"
125,"spotify:track:1t9WgS8FN0534tLBRwbaxO","CJ","Whoopty","Warner Records",3,119,32,"439527"
126,"spotify:track:0GAyuCo975IHGxxiLKDufB","J. Cole, Bas, 6LACK","l e t . g o . m y . h a n d (with Bas & 6LACK)","Dreamville, Inc., Under exclusive license to Roc Nation Records",23,23,2,"437664"
127,"spotify:track:0UvCh63URrLFcPkKt99hHd","Oasis","Don't Look Back In Anger - Remastered","Big Brother Recordings Ltd",44,140,179,"436980"
128,"spotify:track:2f0pn9DkEJwAzXApnFh5cr","BANNERS","Someone To You","Island Records",60,118,45,"436406"
129,"spotify:track:4Yxc55NX3tAXC2mHRAhtcW","Olivia Rodrigo, Disney","All I Want - From ""High School Musical: The Musical: The Series""","Walt Disney Records",44,-1,23,"434958"
130,"spotify:track:5R691ipUYRDYW6ehapjoj6","J. Cole","9 5 . s o u t h","Dreamville, Inc., Under exclusive license to Roc Nation Records",16,16,2,"434336"
131,"spotify:track:03snIuKJr5u7zpyp9zpQMU","Headie One, AJ Tracey, Stormzy","Ain't It Different (feat. AJ Tracey & Stormzy)","Relentless Records",2,113,40,"434091"
132,"spotify:track:5WtfUKzXircvW8l5aaVZWT","Julia Michaels, Niall Horan","What A Time (feat. Niall Horan)","Republic Records",132,-1,2,"434085"
133,"spotify:track:6A8B1kJ9ZNHbl2uFPN6Wtm","Blind Channel","Dark Side","Century Media",133,-1,1,"432709"
134,"spotify:track:1zi7xx7UVEFkmKfv06H8x0","Drake, Wizkid, Kyla","One Dance","Cash Money Records/Young Money Ent./Universal Rec.",15,146,120,"431560"
135,"spotify:track:54zJ1SxDe0CQhWRij7E0no","Becky Hill","Last Time","Polydor Records",84,127,8,"429422"
136,"spotify:track:3dYD57lRAUcMHufyqn9GcI","Hozier","Take Me to Church","Columbia",84,128,46,"429105"
137,"spotify:track:1jDJFeK9x3OZboIAHsY9k2","Elton John","I'm Still Standing","EMI",109,121,15,"428317"
138,"spotify:track:3yfqSUWxFvZELEM4PmlwIR","Eminem","The Real Slim Shady","Interscope",138,155,10,"427473"
139,"spotify:track:6LW3Z1GqbL78TIjfDyg4zp","Wilkinson, Becky Hill","Afterglow","EMI",38,129,17,"427153"
140,"spotify:track:7BHPGtpuuWWsvE7cCaMuEU","The Kooks","Naive","Virgin Records",68,157,184,"424422"
141,"spotify:track:20BOju91NaEFK5Py4VJ2pp","Saweetie, Doja Cat","Best Friend (feat. Doja Cat)","ICY/Warner Records",64,111,20,"424081"
142,"spotify:track:2VxeLyX666F8uXCJ0dZF8B","Lady Gaga, Bradley Cooper","Shallow","A Star is Born OST",3,116,137,"421380"
143,"spotify:track:2WJVFqVQ3ivhAoAQWzEzeL","Olly Alexander (Years & Years)","Starstruck","Polydor Records",106,124,5,"420324"
144,"spotify:track:0nrRP2bk19rLc0orkWPQk2","Avicii","Wake Me Up","Universal Music AB",16,134,58,"420143"
145,"spotify:track:2Lhdl74nwwVGOE2Gv35QuK","Gym Class Heroes","Cupid's Chokehold / Breakfast in America","Decaydance/Fueled By Ramen/ATL",46,123,12,"419868"
146,"spotify:track:2U5WueTLIK5WJLD7mvDODv","Juice WRLD","Wishing Well","Grade A Productions/Interscope Records",11,141,46,"419217"
147,"spotify:track:7kQUdVjev73xIuwu7W6YW9","SR","Welcome To Brixton","SR",113,143,9,"418634"
148,"spotify:track:6Im9k8u9iIzKMrmV7BWtlF","Ariana Grande","34+35","Republic Records",6,125,30,"417046"
149,"spotify:track:07GvNcU1WdyZJq3XxP0kZa","Fleetwood Mac","Go Your Own Way - 2004 Remaster","Rhino/Warner Records",88,139,82,"416575"
150,"spotify:track:2tUBqZG2AbRi7Q0BIrVrEj","Whitney Houston","I Wanna Dance with Somebody (Who Loves Me)","Arista/Legacy",99,149,111,"416201"
151,"spotify:track:5rZlwNFl01HqLWBQGryKSm","Pop Smoke, Lil Tjay","Mood Swings (feat. Lil Tjay)","Victor Victor Worldwide",6,144,47,"415276"
152,"spotify:track:21UkXrc9kD48rNpTMI2ecz","Lil Tecca","NEVER LEFT","Galactic / Republic Records",50,102,3,"414982"
153,"spotify:track:7ju97lgwC2rKQ6wwsf9no9","Lady Gaga, Ariana Grande","Rain On Me (with Ariana Grande)","Interscope",2,135,53,"414428"
154,"spotify:track:1f3yAtsJtY87CTmM8RLnxf","Nirvana","Smells Like Teen Spirit","Geffen",112,156,23,"413301"
155,"spotify:track:5uCax9HTNlzGybIStD3vDh","James Arthur","Say You Won't Let Go","Columbia",5,137,218,"411574"
156,"spotify:track:20McUFi8KCIVdNDLrkTDuZ","HVME","Goosebumps","Columbia/B1 Recordings",21,132,24,"411388"
157,"spotify:track:6Hj9jySrnFppAI0sEMCZpJ","Juice WRLD","Robbery","Grade A Productions/Interscope Records",31,154,92,"410039"
158,"spotify:track:4saklk6nie3yiGePpBwUoc","BTS","Dynamite","BIGHIT MUSIC",21,-1,31,"409805"
159,"spotify:track:2nG54Y4a3sH9YpfxMolOyi","Twenty One Pilots","Shy Away","Fueled By Ramen",81,-1,4,"406227"
160,"spotify:track:1ZMiCix7XSAbfAJlEZWMCp","Harry Styles","Falling","Columbia",27,130,76,"404857"
161,"spotify:track:254bXAqt3zP6P50BdQvEsq","Fleetwood Mac","Everywhere - 2017 Remaster","Rhino/Warner Records",86,153,133,"402462"
162,"spotify:track:4vLBnQtece15fFhqWxZvJP","Wilbur Soot","Your New Boyfriend","Wilbur Soot",50,147,24,"402288"
163,"spotify:track:2SAqBLGA283SUiwJ3xOUVI","Drake, Lil Durk","Laugh Now Cry Later (feat. Lil Durk)","OVO",3,174,41,"400636"
164,"spotify:track:39LLxExYz6ewLAcYrzQQyP","Dua Lipa","Levitating","Warner Records",44,133,9,"400253"
165,"spotify:track:5xoUgPXbMNUmoHU0Enwtwq","The Kooks","She Moves In Her Own Way","Virgin Records",107,193,103,"399709"
166,"spotify:track:5lWUeSYO61UYgNlFlqcwYl","Nathan Dawe, KSI","Lighter (feat. KSI)","Atlantic Records UK",4,138,44,"397683"
167,"spotify:track:2iRniYXjMHKmwXqA2jYXP7","Daði Freyr","Think About Things","Samlist",41,-1,16,"397480"
168,"spotify:track:79s5XnCN4TJKTVMSmOx8Ep","Pop Smoke","Dior","Victor Victor Worldwide/Republic Records",25,170,67,"397411"
169,"spotify:track:2gam98EZKrF9XuOkU13ApN","Nelly Furtado, Timbaland","Promiscuous","Mosley / Geffen",93,152,30,"396953"
170,"spotify:track:4u7EnebtmKWzUH433cf5Qv","Queen","Bohemian Rhapsody - Remastered 2011","Hollywood Records",30,165,107,"396865"
171,"spotify:track:3bidbhpOYeV4knp8AIu8Xn","Macklemore & Ryan Lewis, Macklemore, Ryan Lewis, Ray Dalton","Can't Hold Us (feat. Ray Dalton)","Macklemore",98,162,103,"396638"
172,"spotify:track:45S5WTQEGOB1VHr1Q4FuPl","Harry Styles","Golden","Columbia",29,142,34,"395017"
173,"spotify:track:3gdewACMIVMEWVbyb8O9sY","Elton John","Rocket Man (I Think It's Going To Be A Long, Long Time)","EMI",77,150,34,"394933"
174,"spotify:track:4Of7rzpRpV1mWRbhp5rAqG","Lewis Capaldi","Bruises","Vertigo Berlin",9,164,121,"394875"
175,"spotify:track:0PvFJmanyNQMseIFrU708S","Pop Smoke, Lil Baby, DaBaby","For The Night (feat. Lil Baby & DaBaby)","Victor Victor Worldwide",10,173,47,"393312"
176,"spotify:track:2RlgNHKcydI9sayD2Df2xp","Electric Light Orchestra","Mr. Blue Sky","Epic/Legacy",101,169,84,"392234"
177,"spotify:track:55Am8neGJkdj2ADaM3aw5H","James Arthur","Train Wreck","Columbia",27,172,36,"391345"
178,"spotify:track:778x5bolqJeICcrtSBNrko","Jorja Smith","Addicted","FAMM",69,69,5,"388760"
179,"spotify:track:6FE2iI43OZnszFLuLtvvmg","MKTO","Classic","Columbia/M2V",109,166,30,"387621"
180,"spotify:track:0u2P5u6lvoDfwTYjAADbn4","Billie Eilish, Khalid","lovely (with Khalid)","Darkroom",54,171,158,"387379"
181,"spotify:track:6i8MvvlfwhbxCFSUK0WyeN","P!nk","All I Know So Far","RCA Records Label",177,-1,2,"386627"
182,"spotify:track:4VXIryQMWpIdGgYR4TrjT1","Juice WRLD","All Girls Are The Same","Juice WRLD Mixtape / ISR P&D",53,189,79,"386443"
183,"spotify:track:161DnLWsx1i3u1JT05lzqU","Bruno Mars","Talking to the Moon","Atlantic Records",121,163,7,"386383"
184,"spotify:track:4bHsxqR3GMrXTxEPLuK5ue","Journey","Don't Stop Believin' (2022 Remaster)","Columbia/Legacy",133,185,106,"386264"
185,"spotify:track:2KYnSFIrSbaKUXWetW7Klt","Paul Woolford, Diplo, Kareen Lomax","Looking For Me","Higher Ground",6,145,45,"386075"
186,"spotify:track:4RvWPyQ5RL0ao9LPZeSouE","Tears For Fears","Everybody Wants To Rule The World","UMC (Universal Music Catalogue)",176,180,8,"385374"
187,"spotify:track:5T8EDUDqKcs6OSOwEsfqG7","Queen","Don't Stop Me Now - Remastered 2011","Hollywood Records",73,184,105,"384702"
188,"spotify:track:60dwJ8dnqZ4WrIdiu7LkNR","Twenty One Pilots","Saturday","Fueled By Ramen",188,-1,1,"383051"
189,"spotify:track:0pqnGHJpmpxLKifKRmU6WP","Imagine Dragons","Believer","Kid Ina Korner / Interscope",37,181,196,"378558"
190,"spotify:track:6N1EjQjnvhOjFrF6oUmGPa","Bryan Adams","Summer Of '69","A&M",132,192,53,"377845"
191,"spotify:track:2Fxmhks0bxGSBdJ92vM42m","Billie Eilish","bad guy","Darkroom/Interscope Records",1,176,111,"376685"
192,"spotify:track:26QK5v5NHjnYOzKEdTZ7d3","Potter Payper","Topshottas Freestyle","0207 Def Jam",192,-1,1,"376405"
193,"spotify:track:0DmAvNCAK08oCi7miSZUIY","Sigala, James Arthur","Lasting Lover","Ministry of Sound Recordings",28,167,38,"376036"
194,"spotify:track:2jyjhRf6DVbMPU5zxagN2h","Passenger","Let Her Go","Nettwerk Music Group",147,-1,53,"376003"
195,"spotify:track:7FIWs0pqAYbP91WWM0vlTQ","Eminem, Juice WRLD","Godzilla (feat. Juice WRLD)","Shady/Aftermath/Interscope Records",2,199,71,"374698"
196,"spotify:track:2cc8Sw1OnCuA5bV8nqWqpE","Regard, Troye Sivan, Tate McRae","You","Ministry of Sound Recordings",98,151,6,"373548"
197,"spotify:track:6fRxMU4LWwyaSSowV441IU","Maroon 5, Megan Thee Stallion","Beautiful Mistakes (feat. Megan Thee Stallion)","Interscope Records*",108,160,7,"373138"
198,"spotify:track:0d28khcov6AiegSCpG5TuT","Gorillaz","Feel Good Inc.","Parlophone UK",158,-1,5,"373076"
199,"spotify:track:2WfaOiMkCvy7F5fcp2zZ8L","a-ha","Take on Me","Rhino",170,-1,8,"372109"
200,"spotify:track:5Dmq7XPXXcATuJnSOj8UrT","James Newman","Embers","BMG Rights Management (UK) Ltd.",200,-1,1,"371487"
