﻿rank,uri,artist_names,track_name,source,peak_rank,previous_rank,weeks_on_chart,streams
1,"spotify:track:2FRnf9qhLbvw8fu4IBXx78","Wham!","Last Christmas","Epic",1,1,39,"3894838"
2,"spotify:track:0bYg9bo50gSsH3LtXe2SQn","Mariah Carey","All I Want for Christmas Is You","Columbia",1,2,42,"3697625"
3,"spotify:track:2EjXfH91m7f8HiJN1yQg97","Brenda Lee","Rockin' Around The Christmas Tree","MCA Nashville",3,5,31,"2853773"
4,"spotify:track:0lLdorYw7lVrJydTINhWdI","Michael Bublé","It's Beginning to Look a Lot like Christmas","143/Reprise",3,4,33,"2763830"
5,"spotify:track:2TE4xW3ImvpltVU0cPcKUn","Shakin' Stevens","Merry Christmas Everyone","Sony Music CG",5,6,27,"2744921"
6,"spotify:track:3VTNVsTTu05dmTsVFrmGpK","The Pogues, Kirsty MacColl","Fairytale of New York (feat. Kirsty MacColl)","WM UK",3,7,33,"2612900"
7,"spotify:track:46IZ0fSY2mpAiktS3KOqds","Adele","Easy On Me","Columbia",1,3,9,"2529669"
8,"spotify:track:27qAMKrDdKEs8HDXcvR24R","Chris Rea","Driving Home for Christmas","Rhino",8,10,26,"2451061"
9,"spotify:track:0247StOpd3AkeBQzANX4Zf","Band Aid","Do They Know It's Christmas? - 1984 Version","EMI",4,9,30,"2284006"
10,"spotify:track:0lizgQ7Qw35od7CYaoMBZb","Ariana Grande","Santa Tell Me","Universal Records",5,11,33,"2279946"
11,"spotify:track:1IcR6RlgvDczfvoWJSSY2A","Andy Williams","It's the Most Wonderful Time of the Year","Columbia",5,12,29,"2265132"
12,"spotify:track:7vQbuQcyTflfCIOu3Uzzya","Bobby Helms","Jingle Bell Rock","Geffen",6,13,27,"2232125"
13,"spotify:track:6sBWmE23q6xQHlnEZ8jYPT","Elton John","Step Into Christmas - Remastered 1995","UMC (Universal Music Catalogue)",7,8,27,"2204814"
14,"spotify:track:3nAp4IvdMPPWEH9uuXFFV5","Kelly Clarkson","Underneath the Tree","RCA Records Label",6,16,26,"2100495"
15,"spotify:track:1mH6tZC6iXIHPI6EixCwxw","Wizzard","I Wish It Could Be Christmas Everyday","Parlophone UK",14,14,25,"2046466"
16,"spotify:track:4fouWK6XVHhzl78KzQ1UjL","GAYLE","abcdefu","Atlantic/Arthouse Records",16,17,5,"2023963"
17,"spotify:track:1SV1fxF65n9NhRHp3KlBuu","Paul McCartney","Wonderful Christmastime - Edited Version / Remastered 2011","Paul McCartney Catalog",12,18,27,"1920805"
18,"spotify:track:0aoUM0zcu0kCX7Cv7O939I","Ed Sheeran, Elton John","Merry Christmas","Atlantic Records UK",18,19,2,"1825360"
19,"spotify:track:27RYrbL6S02LNVhDWVl38b","John Lennon, Yoko Ono","Happy Xmas (War Is Over) - Remastered 2010","EMI Catalogue",8,24,26,"1809754"
20,"spotify:track:50nfwKoDiSYg8zOCREWAm5","Ed Sheeran","Shivers","Atlantic Records UK",1,15,14,"1798801"
21,"spotify:track:7fUYUcWy853HS8YJn0b3Sr","The Ronettes","Sleigh Ride","Legacy Recordings",11,27,25,"1781849"
22,"spotify:track:4dBQWyoZmmgvFBlALGlqZi","Slade","Merry Xmas Everybody","BMG Rights Management (UK) Ltd.",19,28,23,"1727724"
23,"spotify:track:78pn8k7RogKo2oxl0DyX6d","Leona Lewis","One More Sleep","Syco Music",17,30,24,"1674191"
24,"spotify:track:337kcYVjYXdLBItCw9ry3b","D-Block Europe, Central Cee","Overseas","D-Block Europe",12,20,4,"1670400"
25,"spotify:track:6tjituizSxwSmBB5vtgHZE","Michael Bublé","Holly Jolly Christmas","143/Reprise",16,31,27,"1575581"
26,"spotify:track:7rglLriMNBPAyuJOMGwi39","Elton John, Dua Lipa, PNAU","Cold Heart - PNAU Remix","EMI",2,21,18,"1570107"
27,"spotify:track:5rF6YUIlgiat22OT1lWspJ","Sam Fender","Seventeen Going Under","Polydor Records",5,29,10,"1564111"
28,"spotify:track:2uFaJJtFpPDc5Pa95XzTvg","Dean Martin","Let It Snow! Let It Snow! Let It Snow!","Capitol Records",13,34,22,"1537759"
29,"spotify:track:1xIqDFx3KdByBnKMlTECcM","SwitchOTR, A1 x J1","Coming for You (feat. A1 x J1)","Robots & Humans",8,23,7,"1523997"
30,"spotify:track:7xapw9Oy21WpfEcib2ErSA","Justin Bieber","Mistletoe","RBMG/Def Jam",17,35,28,"1516645"
31,"spotify:track:02MWAaffLxlfxAUY7c5dvx","Glass Animals","Heat Waves","Polydor Records",5,25,61,"1491485"
32,"spotify:track:5PjdY0CKGZdEuoNab3yDmX","The Kid LAROI, Justin Bieber","STAY (with Justin Bieber)","Columbia",1,26,23,"1486869"
33,"spotify:track:3rmo8F54jFF8OgYsqTxm5d","Ed Sheeran","Bad Habits","Atlantic Records UK",1,22,25,"1480826"
34,"spotify:track:2BzAGK3lEZAQz5cU0Ae1wd","ArrDee","Flowers (Say My Name)","Universal-Island Records Ltd.",5,32,6,"1480058"
35,"spotify:track:7uoFMmxln0GPXQ0AcCBXRq","Sia","Snowman","Monkey Puzzle/Atlantic",30,43,9,"1469286"
36,"spotify:track:3qCeq0rWK67SoBDgFd2sId","José Feliciano","Feliz Navidad","RCA/BMG Heritage",19,36,22,"1419419"
37,"spotify:track:7au23Qf6zRs72N3RztqUQe","D-Block Europe, AJ Tracey","Make You Smile","D-Block Europe",37,52,4,"1354639"
38,"spotify:track:4ZtFanR9U6ndgddUvNcjcG","Olivia Rodrigo","good 4 u","Olivia Rodrigo PS",1,33,31,"1224061"
39,"spotify:track:20on25jryn53hWghthWWW3","ACRAZE, Cherish","Do It To It","Thrive Music, LLC",25,40,7,"1207948"
40,"spotify:track:4so0Wek9Ig1p6CRCHuINwW","Bing Crosby, Ken Darby Singers, John Scott Trotter & His Orchestra","White Christmas - 1947 Version","Geffen",15,41,23,"1198916"
41,"spotify:track:4kKdvXD0ez7jp1296JmAts","Frank Sinatra, B. Swanson Quartet","Let It Snow! Let It Snow! Let It Snow! (with The B. Swanson Quartet)","Columbia/Legacy",20,48,23,"1182737"
42,"spotify:track:2bPQuniBB9x0fRtxDly0kr","Jona Lewie","Stop The Cavalry","Stiff Records",31,47,21,"1162071"
43,"spotify:track:5Z9KJZvQzH6PFmb8SNkxuk","Lil Nas X, Jack Harlow","INDUSTRY BABY (feat. Jack Harlow)","Columbia",4,37,21,"1127576"
44,"spotify:track:2SBr3MK1sdMs8IxdRcN6qz","Kylie Minogue","Santa Baby","Parlophone UK",24,50,23,"1122000"
45,"spotify:track:47ohYW8e7dxCYn9qbUMBCI","Darlene Love","Christmas (Baby Please Come Home)","Legacy Recordings",24,54,21,"1098431"
46,"spotify:track:6Uj1ctrBOjOas8xZXGqKk4","Doja Cat","Woman","Kemosabe Records/RCA Records",11,46,23,"1097471"
47,"spotify:track:4PYfFHKfjYz6dwAtZhBy1z","Central Cee","Obsessed With You","Central Cee",5,44,14,"1079774"
48,"spotify:track:2Xr1dTzJee307rmrkt8c0g","CKay","love nwantiti (ah ah ah)","Chocolate City Music",8,42,14,"1047737"
49,"spotify:track:5DMItYJluCFc7YtFdP4aXo","Mud","Lonely This Christmas","Parlophone UK",35,53,21,"1033259"
50,"spotify:track:3Kkjo3cT83cw09VJyrLNwX","Adele","Oh My God","Columbia",2,38,4,"1027663"
51,"spotify:track:1r9xUipOqoNwggBpENDsvJ","Imagine Dragons, JID, Arcane, League of Legends","Enemy (with JID) - from the series Arcane League of Legends","KIDinaKORNER/Interscope Records",51,57,5,"1026797"
52,"spotify:track:6v0UJD4a2FtleHeSYVX02A","Adele","I Drink Wine","Columbia",3,39,4,"989221"
53,"spotify:track:4fzyvSu73BhGvi96p2zwjL","Coldplay","Christmas Lights","Parlophone UK",28,58,22,"971708"
54,"spotify:track:6a1hzBiTkgqTsDA0Xgfh9z","The Jackson 5","Santa Claus Is Coming To Town","UNI/MOTOWN",33,59,21,"968921"
55,"spotify:track:5enxwA8aAbwZbf5qCHORXi","Taylor Swift","All Too Well (10 Minute Version) (Taylor's Version) (From The Vault)","Taylor Swift",2,45,5,"947635"
56,"spotify:track:4btFHqumCO31GksfuBLLv3","Ed Sheeran","Overpass Graffiti","Atlantic Records UK",5,51,7,"914998"
57,"spotify:track:5wTM2Bm8phDwHAuOsfBwhU","Pretenders","2000 Miles - 2007 Remaster","Rhino/Warner Records",29,62,21,"909780"
58,"spotify:track:5dXWFMwD7I7zXsInONVl0H","SZA","I Hate U","Top Dawg Entertainment/RCA Records",49,49,2,"908685"
59,"spotify:track:0W7brFokN6QtGRNp32RCQP","Arz","Alone With You","Capitol",25,55,18,"869749"
60,"spotify:track:1cA4wEmLkKlttS6N89LbJh","Juice WRLD, Justin Bieber","Wandered To LA (with Justin Bieber)","Grade A Productions/Interscope Records",60,71,2,"847665"
61,"spotify:track:0QwKxajohg1rAMMmv1AWe1","Juice WRLD","Burn","Grade A Productions/Interscope Records",61,-1,1,"844292"
62,"spotify:track:5krhFNgUcYHwXlNPJJYzFM","Ewan McVicar","Tell Me Something Good","Ministry of Sound Recordings",22,61,15,"839050"
63,"spotify:track:2zxEc1GCSCxbHIXTfhraRC","Dave, Stormzy","Clash (feat. Stormzy)","Neighbourhood",2,60,23,"829497"
64,"spotify:track:07MDkzWARZaLEdKxo6yArG","THE ANXIETY, WILLOW, Tyler Cole","Meet Me At Our Spot","MSFTSMusic / Roc Nation Records, LLC",13,56,16,"820096"
65,"spotify:track:2dWNKXTs5z7Iu1g0kYh4Xe","Becky Hill, Topic","My Heart Goes (La Di Da) (feat. Topic)","Polydor Records",15,68,16,"813837"
66,"spotify:track:0e8nrvls4Qqv5Rfa2UhqmO","Lil Nas X","THATS WHAT I WANT","Columbia",9,64,13,"795360"
67,"spotify:track:4PS1e8f2LvuTFgUs1Cn3ON","Nat King Cole","The Christmas Song (Merry Christmas To You)","CAPITOL CATALOG MKT (C92)",29,79,21,"783919"
68,"spotify:track:6I3mqTwhRpn34SLVafSH7G","Justin Bieber","Ghost","RBMG/Def Jam",45,73,12,"781053"
69,"spotify:track:3AgiRs3oxc2dFh0CPUHXJs","Cliff Richard","Mistletoe and Wine","Parlophone UK",46,76,15,"778916"
70,"spotify:track:003vvx7Niy0yvhvHt4a68B","The Killers","Mr. Brightside","Island Records",34,70,260,"773708"
71,"spotify:track:2pXpURmn6zC5ZYDMms6fwa","Perry Como, The Fontane Sisters, Mitchell Ayres & His Orchestra","It's Beginning to Look a Lot Like Christmas (with Mitchell Ayres & His Orchestra)","RCA Records Label",37,78,19,"765804"
72,"spotify:track:2pnPe4pJtq7689i5ydzvJJ","Chuck Berry","Run Rudolph Run","Geffen*",49,83,18,"755458"
73,"spotify:track:3PIDciSFdrQxSQSihim3hN","Mariah Carey","Christmas (Baby Please Come Home)","Columbia",48,87,11,"754067"
74,"spotify:track:6pVW5LRWgeLaHudxauOTJU","Daryl Hall & John Oates","Jingle Bell Rock - Daryl's Version","Legacy Recordings",44,95,17,"743915"
75,"spotify:track:1Qi2wh8fFgDV7tl4Sj3f2K","Sam Smith","Have Yourself A Merry Little Christmas","Capitol",22,94,22,"740471"
76,"spotify:track:5wANPM4fQCJwkGd4rN57mH","Olivia Rodrigo","drivers license","Olivia Rodrigo PS",1,63,49,"739070"
77,"spotify:track:2quVkyLSVr5wX2QIhnexUt","Juice WRLD","Already Dead","Grade A Productions/Interscope Records",22,-1,4,"730791"
78,"spotify:track:3DarAbFujv6eYNliUTyqtz","Doja Cat, SZA","Kiss Me More (feat. SZA)","Kemosabe Records/RCA Records",2,66,36,"719483"
79,"spotify:track:2qqZ5fOGuNvYVzgPFDLQ4l","Boney M.","Mary's Boy Child / Oh My Lord","Sony Music Catalog",30,91,21,"717494"
80,"spotify:track:4RVwu0g32PAqgUiJoXsdF8","Billie Eilish","Happier Than Ever","Darkroom/Interscope Records",4,69,20,"716926"
81,"spotify:track:7sMBvZCSUl99bJLXZaLa0b","Bruno Mars, Anderson .Paak, Silk Sonic","Smokin Out The Window","Aftermath Entertainment/Atlantic",10,65,6,"710669"
82,"spotify:track:2xGO2UjzxeVQSIkyg98vck","Queen","Thank God It's Christmas - 2011 Remaster","Hollywood Records",79,126,9,"699456"
83,"spotify:track:5CZ40GBx1sQ9agT82CLQCT","Olivia Rodrigo","traitor","Olivia Rodrigo PS",6,77,30,"693251"
84,"spotify:track:3meWkWgDoEQ3gmwzryxlfs","D-Block Europe","No Competition","D-Block Europe",34,75,7,"686801"
85,"spotify:track:77khP2fIVhSW23NwxrRluh","Burl Ives","A Holly Jolly Christmas","Geffen",44,105,15,"685552"
86,"spotify:track:6Dy1jexKYriXAVG6evyUTJ","Joel Corry, Jax Jones, Charli XCX, Saweetie","OUT OUT (feat. Charli XCX & Saweetie)","Atlantic Records UK",12,81,18,"674742"
87,"spotify:track:0YORgvqP1MotwCnDZzOwII","Joel Corry, Mabel","I Wish (feat. Mabel)","Atlantic Records UK",40,89,7,"673878"
88,"spotify:track:1SC5rEoYDGUK4NfG82494W","Lil Nas X","MONTERO (Call Me By Your Name)","Columbia",1,67,38,"667945"
89,"spotify:track:5Q2P43CJra0uRAogjHyJDK","Brett Eldredge, Meghan Trainor","Baby, It's Cold Outside (feat. Meghan Trainor)","Atlantic Nashville",43,93,17,"664453"
90,"spotify:track:4XvcHTUfIlWfyJTRG0aqlo","Sleepy Hallow","2055","Winners Circle/RCA Records",21,80,22,"660191"
91,"spotify:track:5Ber68jZ7ytegr2UISEdb7","Michael Bublé","Santa Claus Is Coming to Town","143/Reprise",36,72,21,"657819"
92,"spotify:track:3uUuGVFu1V7jTQL60S1r8z","Lost Frequencies, Calum Scott","Where Are You Now","Epic Amsterdam",63,90,10,"654207"
93,"spotify:track:48q0vSHcJdhK3IiXH8C5WJ","Arctic Monkeys","Why'd You Only Call Me When You're High?","Domino Recording Co",38,99,61,"646330"
94,"spotify:track:3Vi5XqYrmQgOYBajMWSvCi","Doja Cat","Need to Know","Kemosabe Records/RCA Records",8,84,27,"639625"
95,"spotify:track:46HNZY1i7O6jwTA7Slo2PI","Coldplay, BTS","My Universe","Parlophone UK",17,88,12,"632287"
96,"spotify:track:7DF8lvLdV3htIbuTWpc7lR","Juice WRLD, SUGA, BTS","Girl Of My Dreams (with SUGA of BTS)","Grade A Productions/Interscope Records",96,-1,1,"623542"
97,"spotify:track:0YWUHZPJVg4iujddsJDwhM","Britney Spears","My Only Wish (This Year)","Jive",46,119,19,"622112"
98,"spotify:track:3rq5w4bQGigXOfdN30ATJt","Arctic Monkeys","Do I Wanna Know?","Domino Recording Co",52,106,196,"621644"
99,"spotify:track:0VjIjW4GlUZAMYd2vXMi3b","The Weeknd","Blinding Lights","Republic Records",1,86,107,"621469"
100,"spotify:track:32pPek0KsHsMSSFogNu49f","Digga D, ArrDee","Wasted","EGA Music Group",9,96,18,"616421"
101,"spotify:track:0Ie5uiv54KgCr7P4sYDTHl","Idina Menzel, Michael Bublé","Baby It's Cold Outside (with Michael Bublé)","Warner Records",44,109,21,"611118"
102,"spotify:track:1N1ZpYUJc9fwrqk53FGgWv","Sia","Santa's Coming for Us","Monkey Puzzle/Atlantic",56,101,20,"604138"
103,"spotify:track:2QjOHCTQ1Jl3zawyYOpxh6","The Neighbourhood","Sweater Weather","Columbia",39,98,64,"602119"
104,"spotify:track:0v36cov6Z6aEV5ZgIlqZMk","Juice WRLD","Rockstar In His Prime","Grade A Productions/Interscope Records",104,-1,1,"601706"
105,"spotify:track:48USW4aYqrylYWJmFPbC8A","Dermot Kennedy","Better Days","Riggins Recording",60,103,20,"599609"
106,"spotify:track:2W1Aq2c6PUSHBC0golgHLK","Juice WRLD","You Wouldn't Understand","Grade A Productions/Interscope Records",106,-1,1,"594572"
107,"spotify:track:5R4Yrc2j4jw1itr4hKcN26","Juice WRLD, Polo G, Trippie Redd","Feline (with Polo G & Trippie Redd)","Grade A Productions/Interscope Records",107,-1,1,"592385"
108,"spotify:track:6UjeFOCGYgMpBUtqKg1Je3","Vundabar","Alien Blues","Gawk Records, under exclusive license to Amuseio AB",85,85,3,"588423"
109,"spotify:track:4MrfQL4TYQXJBlZYpAHTuE","Dean Martin","Baby, It's Cold Outside","Capitol Records",88,124,5,"577789"
110,"spotify:track:37Nqx7iavZpotJSDXZWbJ3","Drake, Lil Baby","Girls Want Girls (with Lil Baby)","OVO",1,97,15,"575857"
111,"spotify:track:0tXPhc8LvM4dPvoRwI66XQ","Michael Bublé","I'll Be Home for Christmas","143/Reprise",70,115,11,"570453"
112,"spotify:track:4wYCe9tSmUolNU4WmJKbZy","East 17","Stay Another Day","London Music Stream",64,131,16,"568673"
113,"spotify:track:38Vh0iUlilcvnBNWS4saSD","Juice WRLD","Doom","Grade A Productions/Interscope Records",113,-1,1,"568609"
114,"spotify:track:58BJ5oUPX5ST2pjCtOSMkk","Da Beatfreakz, Russ Millions, RAYE, wewantwraiths","Money Calling (feat. RAYE, Russ Millions & wewantwraiths)","Columbia",59,113,7,"568010"
115,"spotify:track:6s2wpWPFPAgKg2LXxi1Oee","Bruce Springsteen","Santa Claus Is Comin' to Town - Live at C.W. Post College, Greenvale, NY - December 1975","NITRON concepts",42,138,16,"563668"
116,"spotify:track:1foCxQtxBweJtZmdxhEHVO","Eartha Kitt, Henri René and His Orchestra","Santa Baby (with Henri René & His Orchestra)","RCA Bluebird",42,127,19,"560023"
117,"spotify:track:59NTlSZN6G2eCs4jcf46C0","Juice WRLD","Not Enough","Grade A Productions/Interscope Records",117,-1,1,"555034"
118,"spotify:track:0So2sgVa8aJiARPl2P29u2","SALES","Pope Is a Rockstar","SALES",118,-1,1,"554932"
119,"spotify:track:18vXApRmJSgQ6wG2ll9AOg","Polo G","RAPSTAR","Columbia",3,92,36,"552993"
120,"spotify:track:58ge6dfP91o9oXMzq3XkIS","Arctic Monkeys","505","Domino/Warner Records",99,150,48,"548515"
121,"spotify:track:00Blm7zeNqgYLPtW6zg8cj","Post Malone, The Weeknd","One Right Now (with The Weeknd)","Republic Records",19,110,6,"544948"
122,"spotify:track:2DuPBbS5mIldXnh7Wum8Cy","Adele","My Little Love","Columbia",4,74,4,"541635"
123,"spotify:track:6feiJqgHqeSvkGUzf11AYs","Becky Hill, David Guetta","Remember (with David Guetta)","Polydor Records",6,104,26,"540664"
124,"spotify:track:5erCwioOcRwP59NJUAtEK3","D-Block Europe, RAYE","Ferrari Horses","D-Block Europe",11,100,42,"540400"
125,"spotify:track:5xlS0QkVrSH7ssEbBgBzbM","The Beach Boys","Little Saint Nick - 1991 Remix","Capitol Records",69,143,13,"540030"
126,"spotify:track:5xDrO9DEDJGUQGfyoHvgDJ","Ariana Grande","Last Christmas","Universal Records",126,153,4,"539168"
127,"spotify:track:3lkYS3iMpWMVpaJ0yJAFrJ","The Jackson 5","I Saw Mommy Kissing Santa Claus","UNI/MOTOWN",47,139,17,"538285"
128,"spotify:track:4ukUoXLuFzMixyZyabSGc4","Ella Fitzgerald","Sleigh Ride","Verve Reissues",83,142,8,"537208"
129,"spotify:track:1V0qqWBbIWt8hlAjxTZedR","Stevie Wonder","What Christmas Means To Me","UNI/MOTOWN",66,161,15,"533334"
130,"spotify:track:37y7iDayfwm3WXn5BiAoRk","Steve Lacy","Dark Red","Three Quarter",59,112,19,"528740"
131,"spotify:track:1SOClUWhOi8vHZYMz3GluK","Jaymes Young","Infinity","Atlantic Records",131,166,2,"528130"
132,"spotify:track:5hO2SJYP4vsO6h7ms8Rvyg","Chris de Burgh","A Spaceman Came Travelling","UMC (Universal Music Catalogue)",118,-1,5,"518042"
133,"spotify:track:1yxcKrEcxt4O03IIC25yHk","Tony Bennett","Winter Wonderland","Columbia/Legacy",58,158,11,"514868"
134,"spotify:track:3QiAAp20rPC3dcAtKtMaqQ","Elvis Presley","Blue Christmas","RCA Victor",47,140,20,"514529"
135,"spotify:track:7zx1i0jGcFwMBurajgKlO7","Jonasu","Black Magic","3Beat",4,107,25,"514202"
136,"spotify:track:6w8ZPYdnGajyfPddTWdthN","Adele","Can I Get It","Columbia",5,82,4,"513079"
137,"spotify:track:7qEHsqek33rTcFNT9PFqLf","Lewis Capaldi","Someone You Loved","Vertigo Berlin",1,123,155,"510586"
138,"spotify:track:6f5ExP43esnvdKPddwKXJH","NEIKED, Mae Muller, Polo G","Better Days (NEIKED x Mae Muller x Polo G)","Capitol Records UK / EMI",38,111,8,"509344"
139,"spotify:track:0OcpVNf7hnJBPbTFMSG7CI","The Ronettes","Frosty the Snowman","Legacy Recordings",84,162,8,"508096"
140,"spotify:track:3z4CGd63tpUn9a6oQSG0CI","Dave, Burna Boy","Location (feat. Burna Boy)","Neighbourhood",9,129,145,"506428"
141,"spotify:track:6IAZHEBUIGJ6NJKxxOBIEr","Adele","Rolling in the Deep","XL Recordings",17,102,13,"504978"
142,"spotify:track:09gysnJpfQ3ublBmJDfcEC","Amaarae, Kali Uchis, Moliy","SAD GIRLZ LUV MONEY Remix (feat. Kali Uchis and Moliy)","0207 Def Jam",34,116,7,"504831"
143,"spotify:track:2qbkYhZy5gNl8HrK2XwddI","Tion Wayne, Russ Millions, ArrDee, E1 (3x3), ZT (3x3), Bugzy Malone, Buni, Fivio Foreign, Darkoo","Body (Remix) [feat. ArrDee, E1 (3x3), ZT (3x3), Bugzy Malone, Buni, Fivio Foreign & Darkoo]","Atlantic Records UK",1,120,34,"502327"
144,"spotify:track:7FAND3cHMvepHjpBp8gOZ9","Juice WRLD","Go Hard","Grade A Productions/Interscope Records",144,-1,1,"501460"
145,"spotify:track:6cx06DFPPHchuUAcTxznu9","Joel Corry, MNEK","Head & Heart (feat. MNEK)","Atlantic Records UK",1,114,76,"495826"
146,"spotify:track:6HU7h9RYOaPRFeh0R3UeAr","Olivia Rodrigo","deja vu","Olivia Rodrigo PS",3,121,35,"495517"
147,"spotify:track:3Wrjm47oTz2sjIgck11l5e","Måneskin","Beggin'","RCA Records Label",4,117,28,"495389"
148,"spotify:track:40iJIUlhi6renaREYGeIDS","Drake, Travis Scott","Fair Trade (with Travis Scott)","OVO",2,118,15,"494914"
149,"spotify:track:5K6Ssv4Z3zRvxt0P6EKUAP","Galantis, David Guetta, Little Mix","Heartbreak Anthem (with David Guetta & Little Mix)","Big Beat Records",7,122,30,"492960"
150,"spotify:track:5nujrmhLynf4yMoMtj8AQF","Dua Lipa, DaBaby","Levitating (feat. DaBaby)","Warner Records",7,108,63,"491864"
151,"spotify:track:4qBejt9FeqLI9blHI1Nq1x","Michael Bublé, The Puppini Sisters","Jingle Bells (feat. The Puppini Sisters)","143/Reprise",103,146,13,"488979"
152,"spotify:track:7jtQIBanIiJOMS6RyCx6jZ","Tom Odell","Another Love","ITNO/Columbia",40,128,45,"486785"
153,"spotify:track:2gQPv5jvVPqU2a9HhMNO1v","BoyWithUke","Toxic","Republic Records",91,137,7,"486431"
154,"spotify:track:46w8k81V0eSBx64XuVHxT2","The Darkness","Christmas Time (Don't Let the Bells End)","Atlantic Records UK",126,180,7,"485967"
155,"spotify:track:6Jzdxguk63s6CVVXHIrQ0x","FelixThe1st, Dréya Mac, Finch Fetti","Own Brand Freestyle","Capitol",96,151,5,"484377"
156,"spotify:track:3nOz1U41SZZ0N3fuUWr9nb","Emmy Meli","I AM WOMAN","Disruptor Records/Arista Records",130,141,3,"483785"
157,"spotify:track:2gpWyfu7eZ01zzncHpxOtA","Swedish House Mafia, The Weeknd","Moth To A Flame (with The Weeknd)","Republic Records",13,132,8,"482793"
158,"spotify:track:6eCmK3GQyFuTNWCJHsaF9d","Clean Bandit, Topic, Wes Nelson","Drive (feat. Wes Nelson)","Atlantic Records UK",47,144,19,"470543"
159,"spotify:track:0RiRZpuVRbi7oqRdSMwhQY","Post Malone, Swae Lee","Sunflower - Spider-Man: Into the Spider-Verse","Republic Records",3,165,165,"465764"
160,"spotify:track:7yq4Qj7cqayVTp3FF9CWbm","Vance Joy","Riptide","Atlantic Records",58,148,213,"465702"
161,"spotify:track:3QIoEi8Enr9uHffwInGIsC","Eagles","Please Come Home for Christmas - 2013 Remaster","Rhino/Elektra",143,182,4,"464551"
162,"spotify:track:0ofHAoxe9vBkTCp2UQIavz","Fleetwood Mac","Dreams - 2004 Remaster","Rhino/Warner Records",17,133,87,"464008"
163,"spotify:track:3S912b5gdxMeZyGeNEgS0H","Greg Lake","I Believe in Father Christmas","BMG Rights Management (UK) Ltd.",61,198,9,"463043"
164,"spotify:track:5lkpeJwmQKgY3bX2zChjxX","Adele","Someone Like You","XL Recordings",15,134,25,"452458"
165,"spotify:track:7IPKXYU2rTMnrLW5IZ7ZI5","Dave","Verdansk","Neighbourhood",5,157,21,"449727"
166,"spotify:track:7kQUdVjev73xIuwu7W6YW9","SR","Welcome To Brixton","SR",113,149,23,"448160"
167,"spotify:track:2VkuxjlbnbaBiWYpdBGVol","Mariah Carey, Ariana Grande, Jennifer Hudson","Oh Santa! (feat. Ariana Grande & Jennifer Hudson)","Legacy Recordings",155,-1,3,"447572"
168,"spotify:track:5qqabIl2vWzo9ApSC317sa","Oasis","Wonderwall - Remastered","Big Brother Recordings Ltd",61,164,255,"446430"
169,"spotify:track:3ZBeHiRJUj1vdiU8zzGPgb","Sadie Jean","WYD Now?","SELENE",169,-1,1,"445335"
170,"spotify:track:1VLtjHwRWOVJiE5Py7JxoQ","Polo G","Martin & Gina","Columbia",45,145,67,"444908"
171,"spotify:track:6O5TrlFWTYvznd9fMC0VvU","Adele","When We Were Young","XL Recordings",10,135,20,"443543"
172,"spotify:track:56N9s9PS6VwGolUnx1CJkv","Lily Allen","Somewhere Only We Know","Parlophone UK",89,190,10,"441743"
173,"spotify:track:6YrNd7sFarQAUflTPcTH0h","Sam Fender","Spit Of You","Polydor Records",53,178,11,"438558"
174,"spotify:track:3AJwUDP919kvQ9QcozQPxg","Coldplay","Yellow","Parlophone UK",80,174,59,"438402"
175,"spotify:track:37BZB0z9T8Xu7U3e65qxFy","The Weeknd, Ariana Grande","Save Your Tears (with Ariana Grande) (Remix)","Republic Records",14,152,34,"435759"
176,"spotify:track:2L9QLAhrvtP4EYg1lY0Tnw","Dean Martin","Rudolph The Red-Nosed Reindeer","Capitol Records",101,-1,4,"435365"
177,"spotify:track:14Bcv6siTBPw3TlP84dasC","KSI","Holiday","BMG Rights Management (US) LLC",2,179,25,"433655"
178,"spotify:track:4pt5fDVTg5GhEvEtlz9dKk","Måneskin","I WANNA BE YOUR SLAVE","RCA Records Label",5,147,30,"431825"
179,"spotify:track:62vpWI1CHwFy7tMIcSStl8","J. Cole","No Role Modelz","Roc Nation Records LLC",95,163,55,"429125"
180,"spotify:track:0W6I02J9xcqK8MtSeosEXb","Doja Cat","Get Into It (Yuh)","Kemosabe Records/RCA Records",42,168,20,"428171"
181,"spotify:track:0xPaZrF25ltzvz1a2Pm5DQ","Michael Bublé","All I Want for Christmas Is You","143/Reprise",91,185,10,"427978"
182,"spotify:track:2gbCG4Rt9984UZ7Tc0dIFd","Michael Bublé, Shania Twain","White Christmas (with Shania Twain)","143/Reprise",80,-1,14,"423247"
183,"spotify:track:6mSzsSdu0CWIV70jEjWMhI","ArrDee","Oliver Twist","Universal-Island Records Ltd.",8,191,28,"421312"
184,"spotify:track:6U0vwOILZNn5O6w1IZ1Mzr","Juice WRLD","From My Window","Grade A Productions/Interscope Records",184,-1,1,"421076"
185,"spotify:track:4SqWKzw0CbA05TGszDgMlc","The Walters","I Love You So","Warner Records",106,183,9,"420739"
186,"spotify:track:285pBltuF7vW8TeWk8hdRR","Juice WRLD","Lucid Dreams","Juice WRLD Mixtape / ISR P&D",6,177,185,"420649"
187,"spotify:track:6hlrui656yBRUb3qGkd5lH","Knucks","Los Pollos Hermanos","NODAYSOFF CC LIMITED",152,172,7,"420482"
188,"spotify:track:1EQFOouqdKYdpbNoOHRVO2","GAYLE","abcdefu (angrier)","Atlantic Records/Arthouse Records",147,197,3,"420475"
189,"spotify:track:3yfqSUWxFvZELEM4PmlwIR","Eminem","The Real Slim Shady","Interscope",99,193,39,"420080"
190,"spotify:track:2vXKRlJBXyOcvZYTdNeckS","Gesaffelstein, The Weeknd","Lost in the Fire (feat. The Weeknd)","Columbia",10,-1,16,"419805"
191,"spotify:track:4cG7HUWYHBV6R6tHn1gxrl","Riton, Nightcrawlers, Mufasa & Hypeman, Dopamine","Friday (feat. Mufasa & Hypeman) - Dopamine Re-Edit","Ministry of Sound Recordings",3,154,47,"419714"
192,"spotify:track:6XYw65P3tKQZKk5fzdxjvG","D-Block Europe, Lil Pino","Kevin McCallister","D-Block Europe",92,156,6,"419573"
193,"spotify:track:0rHToGels2lt8Y0mCYoF90","Nat King Cole","Deck The Hall","CAPITOL CATALOG MKT (C92)",132,-1,4,"418262"
194,"spotify:track:1AtC4WzAiT2RoDEkGknqMT","Juice WRLD","Relocate","Grade A Productions/Interscope Records",194,-1,1,"416703"
195,"spotify:track:0DuWDLjriRPjDRoPgaCslY","Adele","Love In The Dark","XL Recordings",14,155,11,"415917"
196,"spotify:track:2DRMuw0U0QbkVQxWxdJV3M","Adele","Water Under the Bridge","XL Recordings",25,192,27,"415826"
197,"spotify:track:1DnSNqCQM3LUxqFuXt184Q","Michael Bublé","Have Yourself a Merry Little Christmas","143/Reprise",136,200,7,"415213"
198,"spotify:track:2zzLRQ78kKfPTx8FJQCdC2","Arctic Monkeys","When The Sun Goes Down","Domino Recording Co",150,-1,23,"414838"
199,"spotify:track:7e8utCy2JlSB8dRHKi49xM","Arctic Monkeys","Fluorescent Adolescent","Domino/Warner Records",82,-1,110,"414495"
200,"spotify:track:7pnQ23WgZca9jEfMts9qsR","A1 x J1","Latest Trends","EMI",4,169,42,"409763"
