﻿rank,uri,artist_names,track_name,source,peak_rank,previous_rank,weeks_on_chart,streams
1,"spotify:track:7lPN2DXiMsVn7XUKtOW1CS","Olivia Rodrigo","drivers license","Olivia Rodrigo PS",1,1,4,"4095469"
2,"spotify:track:31gzwBma4iEppvk8um5ZGx","Fredo, Dave","Money Talks (feat. Dave)","Neighbourhood",2,-1,1,"2202616"
3,"spotify:track:27OeeYzk6klgBh83TSvGMA","The Kid LAROI","WITHOUT YOU","Columbia",2,2,13,"1843775"
4,"spotify:track:4I5bvu2KDsrCg0EWHIcvul","Anne-Marie, KSI, Digital Farm Animals","Don't Play","Asylum Records",2,3,3,"1665342"
5,"spotify:track:60ynsPSSKe6O3sfwRnIBRf","Doja Cat","Streets","Kemosabe Records/RCA Records",5,8,4,"1476212"
6,"spotify:track:6ft4hAq6yde8jPZY2i5zLr","MEDUZA, Dermot Kennedy","Paradise (feat. Dermot Kennedy)","Universal-Island Records Ltd.",6,6,14,"1406689"
7,"spotify:track:5vGLcdRuSbUhD8ScwsGSdA","CJ","Whoopty","CJ Music Group/T-Series",3,5,16,"1385487"
8,"spotify:track:3YJJjQPAbDT7mGpX3WtQ9A","SZA","Good Days","Top Dawg Entertainment/RCA Records",4,4,6,"1383646"
9,"spotify:track:6cx06DFPPHchuUAcTxznu9","Joel Corry, MNEK","Head & Heart (feat. MNEK)","Atlantic Records UK",1,9,31,"1257340"
10,"spotify:track:3tjFYV6RSFtuktYl3ZtYcq","24kGoldn, iann dior","Mood (feat. iann dior)","Records/Columbia",1,7,25,"1239024"
11,"spotify:track:65vHYhe2AprpDBHBTpOBaE","Fredo, Pop Smoke, Young Adz","Burner on Deck (feat. Pop Smoke & Young Adz)","Since 93",11,-1,1,"1215827"
12,"spotify:track:6f3Slt0GbA2bPZlz0aIFXN","Tiësto","The Business","Atlantic Records",12,18,12,"1196080"
13,"spotify:track:0VjIjW4GlUZAMYd2vXMi3b","The Weeknd","Blinding Lights","Republic Records",1,12,62,"1187889"
14,"spotify:track:7hxHWCCAIIxFLCzvDgnQHX","Internet Money, Gunna, Don Toliver, NAV","Lemonade (feat. NAV)","Internet Money Records / TenThousand Projects",2,10,25,"1185996"
15,"spotify:track:3iw6V4LH7yPj1ESORX9RIN","Nathan Evans, 220 KID","Wellerman - Sea Shanty / 220 KID x Billen Ted Remix","Polydor Records",15,47,2,"1160110"
16,"spotify:track:1tkg4EHVoqnhR6iFEXb60y","Pop Smoke","What You Know Bout Love","Victor Victor Worldwide",4,14,31,"1131512"
17,"spotify:track:6Im9k8u9iIzKMrmV7BWtlF","Ariana Grande","34+35","Republic Records",6,20,14,"1106150"
18,"spotify:track:31qCy5ZaophVA81wtlwLc4","Justin Bieber","Anyone","RBMG/Def Jam",6,11,5,"1103545"
19,"spotify:track:35mvY5S1H3J2QZyna3TFe0","Ariana Grande","positions","Republic Records",1,13,15,"1097213"
20,"spotify:track:76Tuo484SLohJakHLnGI3B","Little Mix","Sweet Melody","RCA Records Label",7,15,15,"1090954"
21,"spotify:track:45bE4HXI0AwGZXfZtMp8JR","Tate McRae","you broke me first","RCA Records Label",8,16,29,"1059147"
22,"spotify:track:055Mme9ReKK99jRFA5UJ55","Shane Codd","Get Out My Head","Polydor Records",19,19,12,"1042548"
23,"spotify:track:5nujrmhLynf4yMoMtj8AQF","Dua Lipa, DaBaby","Levitating (feat. DaBaby)","Warner Records",12,17,18,"1014664"
24,"spotify:track:0XDlwVNtd6wvp3PGGsghqf","Fredo, Summer Walker","Ready (feat. Summer Walker)","Since 93",24,-1,1,"984110"
25,"spotify:track:4or9opxT7BGioeiZHFdZu9","Fredo","Back to Basics","Since 93",25,32,2,"959818"
26,"spotify:track:20McUFi8KCIVdNDLrkTDuZ","HVME","Goosebumps","Columbia/B1 Recordings",21,23,8,"947827"
27,"spotify:track:0E4Y1XIbs8GrAT1YqVy6dq","Ed Sheeran","Afterglow","Atlantic Records UK",9,22,7,"920218"
28,"spotify:track:2Oycxb8QbPkpHTo8ZrmG0B","Miley Cyrus, Dua Lipa","Prisoner (feat. Dua Lipa)","RCA Records Label",13,21,11,"916635"
29,"spotify:track:4D0GT8zWuA7Z2em6dpajAn","Central Cee","Loading","Central Cee",21,24,15,"899203"
30,"spotify:track:7qEHsqek33rTcFNT9PFqLf","Lewis Capaldi","Someone You Loved","Vertigo Berlin",1,25,110,"851012"
31,"spotify:track:5QO79kh1waicV47BqGRL3g","The Weeknd","Save Your Tears","Republic Records",31,42,7,"823231"
32,"spotify:track:02MWAaffLxlfxAUY7c5dvx","Glass Animals","Heat Waves","Polydor Records",32,39,16,"812594"
33,"spotify:track:0osdzA0D159EUmBcrwMcB4","Wes Nelson, Hardy Caprio","See Nobody","EMI",6,26,20,"808278"
34,"spotify:track:54bFM56PmE4YLRnqpW6Tha","Billie Eilish","Therefore I Am","Darkroom/Interscope Records",1,27,12,"778371"
35,"spotify:track:45S5WTQEGOB1VHr1Q4FuPl","Harry Styles","Golden","Columbia",29,29,18,"775597"
36,"spotify:track:4Oun2ylbjFKMPTiaSbbCih","Cardi B, Megan Thee Stallion","WAP (feat. Megan Thee Stallion)","Atlantic/KSR",1,30,26,"756592"
37,"spotify:track:003vvx7Niy0yvhvHt4a68B","The Killers","Mr. Brightside","Island Records",37,41,215,"755668"
38,"spotify:track:50v2TSRV31bwpAPkjWejNL","KSI, Digital Farm Animals, Craig David","Really Love (feat. Craig David & Digital Farm Animals)","BMG Rights Management (US) LLC",6,28,15,"754955"
39,"spotify:track:2U5WueTLIK5WJLD7mvDODv","Juice WRLD","Wishing Well","Grade A Productions/Interscope Records",11,31,30,"744523"
40,"spotify:track:6UelLqGlWMcVH1E5c4H7lY","Harry Styles","Watermelon Sugar","Columbia",4,34,64,"738718"
41,"spotify:track:285pBltuF7vW8TeWk8hdRR","Juice WRLD","Lucid Dreams","Juice WRLD Mixtape / ISR P&D",6,35,142,"732780"
42,"spotify:track:48q0vSHcJdhK3IiXH8C5WJ","Arctic Monkeys","Why'd You Only Call Me When You're High?","Domino Recording Co",38,38,16,"711119"
43,"spotify:track:7ytR5pFWmSjzHJIeQkgog4","DaBaby, Roddy Ricch","ROCKSTAR (feat. Roddy Ricch)","South Coast Music Group/Interscope Records",1,37,42,"703908"
44,"spotify:track:55Am8neGJkdj2ADaM3aw5H","James Arthur","Train Wreck","Columbia",27,33,20,"693514"
45,"spotify:track:0PvFJmanyNQMseIFrU708S","Pop Smoke, Lil Baby, DaBaby","For The Night (feat. Lil Baby & DaBaby)","Victor Victor Worldwide",10,40,31,"692547"
46,"spotify:track:2QjOHCTQ1Jl3zawyYOpxh6","The Neighbourhood","Sweater Weather","Columbia",39,44,19,"684540"
47,"spotify:track:3Uo7WG0vmLQ07WB4BDwy7D","Taylor Swift","willow","Taylor Swift",11,43,8,"683269"
48,"spotify:track:6Hj9jySrnFppAI0sEMCZpJ","Juice WRLD","Robbery","Grade A Productions/Interscope Records",31,45,76,"679322"
49,"spotify:track:17bGtGqqaXOgVnhnfx5NlE","Paul Woolford, Diplo, Kareen Lomax","Looking For Me","Higher Ground",6,46,29,"672141"
50,"spotify:track:2QLaOdgAu0acjdQluBTcaQ","Fredo","Biggest Mistake","Since 93",50,-1,1,"650152"
51,"spotify:track:2Rr1INov0ckj7bLTsk9LV1","Nathan Dawe, Little Mix","No Time For Tears","Atlantic Records UK",51,56,10,"645589"
52,"spotify:track:7j0AjRMQ5f2AFMLgn9aQHm","Fredo","Spaghetti","Since 93",52,-1,1,"624371"
53,"spotify:track:03snIuKJr5u7zpyp9zpQMU","Headie One, AJ Tracey, Stormzy","Ain't It Different (feat. AJ Tracey & Stormzy)","Relentless Records",2,50,24,"619983"
54,"spotify:track:4cG7HUWYHBV6R6tHn1gxrl","Riton, Nightcrawlers, Mufasa & Hypeman, Dopamine","Friday (feat. Mufasa & Hypeman) - Dopamine Re-Edit","Ministry of Sound Recordings",54,96,2,"617059"
55,"spotify:track:5rZlwNFl01HqLWBQGryKSm","Pop Smoke, Lil Tjay","Mood Swings (feat. Lil Tjay)","Victor Victor Worldwide",6,49,31,"616000"
56,"spotify:track:3rq5w4bQGigXOfdN30ATJt","Arctic Monkeys","Do I Wanna Know?","Domino Recording Co",55,55,151,"612421"
57,"spotify:track:0ofHAoxe9vBkTCp2UQIavz","Fleetwood Mac","Dreams - 2004 Remaster","Rhino/Warner Records",17,57,42,"611646"
58,"spotify:track:4VXIryQMWpIdGgYR4TrjT1","Juice WRLD","All Girls Are The Same","Juice WRLD Mixtape / ISR P&D",53,53,63,"609070"
59,"spotify:track:6zFMeegAMYQo0mt8rXtrli","Lil Nas X","HOLIDAY","Columbia",19,48,12,"602965"
60,"spotify:track:2gMXnyrvIjhVBUZwvLZDMP","Lewis Capaldi","Before You Go","Vertigo Berlin",1,58,64,"585011"
61,"spotify:track:2gqWRRCXnma9L8xQ1RdemQ","The Kid LAROI","SO DONE","Columbia",36,52,15,"566173"
62,"spotify:track:5lWUeSYO61UYgNlFlqcwYl","Nathan Dawe, KSI","Lighter (feat. KSI)","Atlantic Records UK",4,60,28,"562198"
63,"spotify:track:2f0pn9DkEJwAzXApnFh5cr","BANNERS","Someone To You","Island Records",62,62,29,"560348"
64,"spotify:track:4HAgm7e6vx4Ax33aUFxtEv","Fredo","Blood in My Eyes","Since 93",64,-1,1,"558122"
65,"spotify:track:0zLCBJZSiELJf02ucPP9wb","SAINt JHN, Imanbek","Roses - Imanbek Remix","Craft Recordings",2,63,58,"557163"
66,"spotify:track:59qrUpoplZxbIZxk6X0Bm3","Jason Derulo","Take You Dancing","Atlantic Records",15,64,28,"556175"
67,"spotify:track:1rgnBhdG2JDFTbYkYRZAku","Tones And I","Dance Monkey","Elektra (NEK)",1,69,79,"550573"
68,"spotify:track:1ZMiCix7XSAbfAJlEZWMCp","Harry Styles","Falling","Columbia",27,67,60,"549817"
69,"spotify:track:4vLBnQtece15fFhqWxZvJP","Wilbur Soot","Your New Boyfriend","Wilbur Soot",50,65,8,"548681"
70,"spotify:track:5u1n1kITHCxxp8twBcZxWy","Justin Bieber, Chance the Rapper","Holy (feat. Chance The Rapper)","RBMG/Def Jam",11,76,20,"546294"
71,"spotify:track:1HbA4N1MiOsPthALesGFR1","Shawn Mendes, Justin Bieber","Monster (Shawn Mendes & Justin Bieber)","Shawn Mendes LP4-5 PS/ Island",21,59,11,"543457"
72,"spotify:track:4xqrdfXkTW4T0RauPLv3WA","Conan Gray","Heather","Republic Records",22,66,28,"534984"
73,"spotify:track:3PfIrDoz19wz7qK7tYeu62","Dua Lipa","Don't Start Now","Warner Records",2,83,66,"531559"
74,"spotify:track:03B2SfXuvDh1m9F4tqrX07","Sabrina Carpenter","Skin","Island Records",36,36,2,"530592"
75,"spotify:track:0RiRZpuVRbi7oqRdSMwhQY","Post Malone, Swae Lee","Sunflower - Spider-Man: Into the Spider-Verse","Republic Records",3,71,120,"529378"
76,"spotify:track:0GjTwZXQJNP4MaqMoQuCg4","Fredo","Do You Right","Since 93",76,-1,1,"528631"
77,"spotify:track:3z4CGd63tpUn9a6oQSG0CI","Dave, Burna Boy","Location (feat. Burna Boy)","Neighbourhood",9,74,100,"527646"
78,"spotify:track:2SAqBLGA283SUiwJ3xOUVI","Drake, Lil Durk","Laugh Now Cry Later (feat. Lil Durk)","OVO",3,68,25,"523587"
79,"spotify:track:7G5VNGDnHt414PyL8rosns","D-Block Europe, Aitch","UFO","D-Block Europe",12,73,18,"509556"
80,"spotify:track:2GzIlFiI42N11SDbnh4VjN","Yxng Bane, Nafe Smallz, M Huncho","Dancing On Ice (feat. Nafe Smallz & M Huncho)","Disturbing London Records",80,-1,1,"507863"
81,"spotify:track:1VLtjHwRWOVJiE5Py7JxoQ","Polo G","Martin & Gina","Columbia",81,85,22,"507751"
82,"spotify:track:7CH8J4ulT49UfZwSDSkSZA","Jax Jones, Au/Ra","i miss u (with Au/Ra)","Polydor Records",69,80,17,"497079"
83,"spotify:track:2etHQJxIbV0soyPhelVs9Y","Saweetie, Doja Cat","Best Friend (feat. Doja Cat)","ICY/Warner Records",71,79,4,"494371"
84,"spotify:track:43CHdbHYdcbUWP10UFKyZ7","Dermot Kennedy","Giants","Riggins Recording Limited",23,84,32,"494328"
85,"spotify:track:7ju97lgwC2rKQ6wwsf9no9","Lady Gaga, Ariana Grande","Rain On Me (with Ariana Grande)","Interscope",2,82,37,"486672"
86,"spotify:track:7kDUspsoYfLkWnZR7qwHZl","Machine Gun Kelly, blackbear","my ex's best friend (with blackbear)","Bad Boy/Interscope Records",44,81,25,"484505"
87,"spotify:track:0goOUCNL6MYrqSVvGhvsxw","Fumez The Engineer, A92, Offica","A92 x Fumez The Engineer - Plugged In Freestyle","Fumez The Engineer",53,78,14,"484083"
88,"spotify:track:0RLLvYBopDwooCyvnTwgYu","Lil Tjay","F.N","Columbia",75,75,72,"481809"
89,"spotify:track:7y3F9eIIvhI73FlFa0M2bX","Fredo","Aunt's Place","Since 93",89,-1,1,"481231"
90,"spotify:track:3dYD57lRAUcMHufyqn9GcI","Hozier","Take Me to Church","Columbia",90,99,30,"478265"
91,"spotify:track:1WCC7KfzalilcV9cFnvYSx","Fredo","I Miss","Since 93",91,-1,1,"477340"
92,"spotify:track:79s5XnCN4TJKTVMSmOx8Ep","Pop Smoke","Dior","Victor Victor Worldwide/Republic Records",25,88,51,"477118"
93,"spotify:track:22LAwLoDA5b4AaGSkg6bKW","Lil Mosey","Blueberry Faygo","Mogul Vision/Interscope Records",4,86,52,"476277"
94,"spotify:track:3AJwUDP919kvQ9QcozQPxg","Coldplay","Yellow","Parlophone UK",85,90,14,"475113"
95,"spotify:track:2kS6td1yvmpNgZTt1q5pQq","Mother Mother","Hayloft","Last Gang",70,89,6,"472841"
96,"spotify:track:3jjujdWJ72nww5eGnfs2E7","Harry Styles","Adore You","Columbia",8,92,61,"472644"
97,"spotify:track:0DmAvNCAK08oCi7miSZUIY","Sigala, James Arthur","Lasting Lover","Ministry of Sound Recordings",28,87,22,"470819"
98,"spotify:track:1DadkoAI2gicYJfindPY20","Oasis","Wonderwall - Remastered","Big Brother Recordings Ltd",61,103,210,"468144"
99,"spotify:track:4Yxc55NX3tAXC2mHRAhtcW","Olivia Rodrigo, Disney","All I Want - From ""High School Musical: The Musical: The Series""","Walt Disney Records",44,61,20,"463214"
100,"spotify:track:4Of7rzpRpV1mWRbhp5rAqG","Lewis Capaldi","Bruises","Vertigo Berlin",9,93,105,"463204"
101,"spotify:track:7yq4Qj7cqayVTp3FF9CWbm","Vance Joy","Riptide","Atlantic Records",68,102,168,"462091"
102,"spotify:track:5uCax9HTNlzGybIStD3vDh","James Arthur","Say You Won't Let Go","Columbia",5,101,202,"460872"
103,"spotify:track:5E30LdtzQTGqRvNd7l6kG5","The Neighbourhood","Daddy Issues","Columbia",83,94,18,"460490"
104,"spotify:track:2Y0wPrPQBrGhoLn14xRYCG","Juice WRLD, Marshmello","Come & Go (with Marshmello)","Grade A Productions/Interscope Records",3,98,30,"458963"
105,"spotify:track:4saklk6nie3yiGePpBwUoc","BTS","Dynamite","BIGHIT MUSIC",21,91,24,"457568"
106,"spotify:track:54OBgO0Xwu20Jak9TMXbR7","Nathan Evans","Wellerman - Sea Shanty","Polydor Records",106,200,2,"455715"
107,"spotify:track:7m9OqQk4RVRkw9JJdeAw96","XXXTENTACION","Jocelyn Flores","Bad Vibes Forever / EMPIRE",12,97,149,"453045"
108,"spotify:track:1xQ6trAsedVPCdbtDAmk0c","Jawsh 685, Jason Derulo","Savage Love (Laxed - Siren Beat)","Columbia",2,100,34,"452514"
109,"spotify:track:0WfOuXw05LJq4ik1lVvTzi","Bicep","Apricots","Ninja Tune",70,70,2,"446518"
110,"spotify:track:6AGOKlMZWLCaEJGnaROtF9","Ritt Momney","Put Your Records On","Columbia",19,104,21,"446308"
111,"spotify:track:43CIWpJaJHRcI4mUSjqgc2","Juice WRLD, Young Thug","Bad Boy (with Young Thug)","Grade A Productions/Interscope Records",41,72,3,"445425"
112,"spotify:track:4i2qxFEVVUi8yOYoxB8TCX","Miley Cyrus","Midnight Sky","RCA Records Label",14,95,25,"443524"
113,"spotify:track:58ge6dfP91o9oXMzq3XkIS","Arctic Monkeys","505","Domino/Warner Records",99,108,20,"441900"
114,"spotify:track:7eJMfftS33KTjuF7lTsMCx","Powfu, beabadoobee","death bed (coffee for your head)","Columbia",5,106,51,"428345"
115,"spotify:track:7FIWs0pqAYbP91WWM0vlTQ","Eminem, Juice WRLD","Godzilla (feat. Juice WRLD)","Shady/Aftermath/Interscope Records",2,105,55,"425284"
116,"spotify:track:0JJP0IS4w0fJx01EcrfkDe","All Time Low","Dear Maria, Count Me In","Hopeless Records",112,112,3,"424220"
117,"spotify:track:6FE2iI43OZnszFLuLtvvmg","MKTO","Classic","Columbia/M2V",117,124,14,"420996"
118,"spotify:track:3H7ihDc1dqLriiWXwsc2po","Topic, A7S","Breaking Me","Virgin",4,109,44,"420103"
119,"spotify:track:6u3CPnFMKANYgfdiifFOiJ","Brent Faiyaz, Dahi, Tyler, The Creator","GRAVITY (FEAT. TYLER, THE CREATOR)","Lost Kids",119,-1,1,"417751"
120,"spotify:track:33EGYJLLwz56YIP5Ex9VKs","AJ Tracey, Mabel","West Ten (with Mabel)","Revenge Records",7,115,31,"417127"
121,"spotify:track:0u2P5u6lvoDfwTYjAADbn4","Billie Eilish, Khalid","lovely (with Khalid)","Darkroom",54,122,143,"416285"
122,"spotify:track:31c1V9xUONZYk78NE4Id8D","Ryn Weaver","Pierre","Benny Blanco Major",100,111,4,"416226"
123,"spotify:track:27u7t9d7ZQoyjsCROHuZJ3","Clean Bandit, Mabel, 24kGoldn","Tick Tock (feat. 24kGoldn)","Atlantic Records UK",22,77,24,"412735"
124,"spotify:track:5uEYRdEIh9Bo4fpjDd4Na9","Travis Scott, HVME","Goosebumps - Remix","Cactus Jack/Epic",124,169,2,"412457"
125,"spotify:track:6gBFPUFcJLzWGx4lenP6h2","Travis Scott","goosebumps","Cactus Jack / Epic",10,125,95,"411468"
126,"spotify:track:4slSrbTK1sNK4I1mDYEthf","S1mba, DTG","Rover (feat. DTG)","Parlophone UK",4,113,45,"410990"
127,"spotify:track:35RJhm1pEovTBwnNR0zWad","DJ Khaled, Drake","GREECE (feat. Drake)","OVO/We The Best/Epic",9,110,29,"410304"
128,"spotify:track:2VxeLyX666F8uXCJ0dZF8B","Lady Gaga, Bradley Cooper","Shallow","A Star is Born OST",3,129,121,"407643"
129,"spotify:track:3Fzlg5r1IjhLk2qRw667od","Toploader","Dancing in the Moonlight","Sony Soho Square",87,135,104,"407006"
130,"spotify:track:2tUBqZG2AbRi7Q0BIrVrEj","Whitney Houston","I Wanna Dance with Somebody (Who Loves Me)","Arista/Legacy",99,136,95,"406667"
131,"spotify:track:0nbXyq5TXYPCO7pr3N8S4I","Roddy Ricch","The Box","Atlantic Records",1,117,60,"406186"
132,"spotify:track:3ee8Jmje8o58CHK66QrVC2","XXXTENTACION","SAD!","Bad Vibes Forever, LLC",5,118,137,"405913"
133,"spotify:track:1f3yAtsJtY87CTmM8RLnxf","Nirvana","Smells Like Teen Spirit","Geffen",132,132,7,"404832"
134,"spotify:track:1IIKrJVP1C9N7iPtG6eOsK","Chris Brown, Young Thug","Go Crazy","Chris Brown Entertainment/300 Entertainment/RCA Records",13,116,39,"404807"
135,"spotify:track:1H7KnK26kc1YyellpbINEn","Pop Smoke, 50 Cent, Roddy Ricch","The Woo (feat. 50 Cent & Roddy Ricch)","Victor Victor Worldwide",9,119,31,"404399"
136,"spotify:track:3B0WbRucJ6ZIla2G9IVt2E","Tion Wayne, dutchavelli, Stormzy","I Dunno (feat. Dutchavelli & Stormzy)","Atlantic Records UK",8,130,36,"403782"
137,"spotify:track:21jGcNKet2qwijlDFuPiPb","Post Malone","Circles","Republic Records",2,131,74,"403555"
138,"spotify:track:2ZEq4HT450Ye9IFGPTl9qV","Joel Corry","Lonely","Atlantic Records UK",8,134,53,"399857"
139,"spotify:track:7E2C5rBLpCKwQlhJPVFBRS","Yung Bleu, Drake","You're Mines Still (feat. Drake)","Moon Boy University / EMPIRE",120,120,6,"398209"
140,"spotify:track:2rPHUAeUPbNgTmK18FPTiZ","The Kid LAROI, Juice WRLD","GO (feat. Juice WRLD)","Columbia",43,121,31,"393522"
141,"spotify:track:2r6OAV3WsYtXuXjvJ1lIDi","Pop Smoke, A Boogie Wit da Hoodie","Hello (feat. A Boogie Wit da Hoodie)","Victor Victor Worldwide",105,140,16,"389334"
142,"spotify:track:5qrSlOut2rNAWv3ubArkNy","Dean Lewis","Be Alright","Universal Music Australia Pty. Ltd.",14,133,104,"388960"
143,"spotify:track:4y4spB9m0Q6026KfkAvy9Q","Justin Bieber, benny blanco","Lonely (with benny blanco)","Friends Keep Secrets/Def Jam Recordings/Interscope Records",20,114,16,"387654"
144,"spotify:track:7CZHlTZRKTSntwEmsWS258","Chip, Bugzy Malone","Grown Flex","Cash Motto Limited",144,-1,1,"384146"
145,"spotify:track:254bXAqt3zP6P50BdQvEsq","Fleetwood Mac","Everywhere - 2017 Remaster","Rhino/Warner Records",86,146,117,"381600"
146,"spotify:track:07GvNcU1WdyZJq3XxP0kZa","Fleetwood Mac","Go Your Own Way - 2004 Remaster","Rhino/Warner Records",88,156,66,"380881"
147,"spotify:track:5e9TFTbltYBg2xThimr0rU","Fleetwood Mac","The Chain - 2004 Remaster","Rhino/Warner Records",74,145,71,"379344"
148,"spotify:track:0nrRP2bk19rLc0orkWPQk2","Avicii","Wake Me Up","Universal Music AB",16,160,42,"378021"
149,"spotify:track:6K4t31amVTZDgR3sKmwUJJ","Tame Impala","The Less I Know The Better","Universal Music Australia Pty. Ltd.",116,142,60,"378005"
150,"spotify:track:0WSa1sucoNRcEeULlZVQXj","Bring Me The Horizon","Can You Feel My Heart","RCA Records Label",123,123,3,"375171"
151,"spotify:track:2g1KggY9PKvsoEAOaiz4xx","Ashnikko","Daisy","Parlophone UK",39,107,21,"374698"
152,"spotify:track:1K5KBOgreBi5fkEHvg5ap3","Future, Drake","Life Is Good (feat. Drake)","Epic/Freebandz",3,139,55,"374652"
153,"spotify:track:5YaskwnGDZFDRipaqzbwQx","ATB, Topic, A7S","Your Love (9PM)","Virgin",153,-1,1,"370910"
154,"spotify:track:4bHsxqR3GMrXTxEPLuK5ue","Journey","Don't Stop Believin' (2022 Remaster)","Columbia/Legacy",133,166,90,"370422"
155,"spotify:track:0pqnGHJpmpxLKifKRmU6WP","Imagine Dragons","Believer","Kid Ina Korner / Interscope",37,157,180,"367479"
156,"spotify:track:5YSHygGN9D0mID1NsVd5my","Juice WRLD, The Kid LAROI","Reminds Me Of You","Grade A Productions/Interscope Records",66,128,8,"366531"
157,"spotify:track:5VlTQnZO89Ioku8ssdbqJk","Brent Faiyaz","Dead Man Walking","Lost Kids",128,151,5,"366268"
158,"spotify:track:2Fxmhks0bxGSBdJ92vM42m","Billie Eilish","bad guy","Darkroom/Interscope Records",1,149,95,"365626"
159,"spotify:track:60iSKGrGazRzICtMjADNSM","Lewis Capaldi","Hold Me While You Wait","Vertigo Berlin",4,147,88,"365513"
160,"spotify:track:62vpWI1CHwFy7tMIcSStl8","J. Cole","No Role Modelz","Roc Nation Records LLC",153,153,10,"365095"
161,"spotify:track:5y0ekFHNfFbjKhZlguSzdf","AJ Tracey, MoStack","Dinner Guest (feat. MoStack)","Revenge Records",7,144,40,"364936"
162,"spotify:track:2zzLRQ78kKfPTx8FJQCdC2","Arctic Monkeys","When The Sun Goes Down","Domino Recording Co",150,150,16,"364279"
163,"spotify:track:7e8utCy2JlSB8dRHKi49xM","Arctic Monkeys","Fluorescent Adolescent","Domino/Warner Records",82,161,104,"364067"
164,"spotify:track:6ZuahEctZD6w75peme58hm","Shawn Mendes","Wonder","Shawn Mendes LP4-5 PS/ Island",32,126,18,"364039"
165,"spotify:track:13YIDpKrL2caqJ3YF52uzJ","220 KID, JC Stewart","Too Many Nights (with JC Stewart)","Polydor Records",138,163,5,"363189"
166,"spotify:track:4QPEwDdOMhY7rNS05mTyMR","Stormzy, Burna Boy, Ed Sheeran","Own It (feat. Ed Sheeran & Burna Boy)","Atlantic Records UK",1,141,63,"363146"
167,"spotify:track:5NORWMFC27ywGSZxi8uquP","The Lumineers","Ophelia","Dualtone Music Group",145,154,8,"362481"
168,"spotify:track:7b4ky1LlQLFhXHmhZkFgqV","AJ Tracey","Ladbroke Grove","AJ Tracey",2,162,103,"360277"
169,"spotify:track:3DTqHfTGj1c6y2gDXsTez4","RAYE, Rudimental","Regardless","Polydor Records",169,189,2,"359818"
170,"spotify:track:6afrGc4NBIQEObX1S8DCPy","Digga D","Chingy (It’s Whatever)","EGA Music Group",27,148,16,"359527"
171,"spotify:track:2jyjhRf6DVbMPU5zxagN2h","Passenger","Let Her Go","Nettwerk Music Group",147,164,43,"359500"
172,"spotify:track:3eekarcy7kvN4yt5ZFzltW","Travis Scott","HIGHEST IN THE ROOM","Cactus Jack/Epic",2,165,67,"358139"
173,"spotify:track:11bD1JtSjlIgKgZG2134DZ","Snow Patrol","Chasing Cars","Polydor Records",150,171,66,"357198"
174,"spotify:track:3U4isOIWM3VvDubwSI3y7a","John Legend","All of Me","G.O.O.D. Music/Columbia",169,170,17,"357125"
175,"spotify:track:4OoYfejHABzYe2mG8p5s8b","Clean Bandit, iann dior","Higher (feat. iann dior)","Atlantic Records UK",175,-1,1,"356899"
176,"spotify:track:3KqBvbVtqADMWr3kmUyXEX","Fredo","What Can I Say","Since 93",176,-1,1,"356342"
177,"spotify:track:2gam98EZKrF9XuOkU13ApN","Nelly Furtado, Timbaland","Promiscuous","Mosley / Geffen",93,178,14,"351243"
178,"spotify:track:1Slwb6dOYkBlWal1PGtnNg","Ed Sheeran","Thinking out Loud","Atlantic Records UK",48,173,77,"350884"
179,"spotify:track:0A1hoCfMLkiAgvhWkkucJa","Megan Thee Stallion","Body","300 Entertainment",103,143,11,"350428"
180,"spotify:track:7h2ozcUpSL7ulXjRPPQcDy","Aitch, AJ Tracey, Tay Keith","Rain","NQ Records",2,158,47,"349207"
181,"spotify:track:7BHPGtpuuWWsvE7cCaMuEU","The Kooks","Naive","Virgin Records",68,176,168,"348546"
182,"spotify:track:30bqVoKjX479ab90a8Pafp","Lil Peep","Star Shopping","Lil Peep",159,179,11,"347722"
183,"spotify:track:4Lt6GXGzYsa1tgkv3nGSTm","Jason Derulo, Nuka","Love Not War (The Tampa Beat)","Robots & Humans",118,138,5,"346677"
184,"spotify:track:29tzJGvqJPTAFs6LXmsHoA","Arctic Monkeys","R U Mine?","Domino Recording Co",170,175,8,"343559"
185,"spotify:track:3jjBPF4NDMCU51psU8JPpR","Ariana Grande, Doja Cat, Megan Thee Stallion","34+35 Remix (feat. Doja Cat, Megan Thee Stallion) - Remix","Republic Records",22,54,3,"342912"
186,"spotify:track:5lkpeJwmQKgY3bX2zChjxX","Adele","Someone Like You","XL Recordings",172,177,12,"342555"
187,"spotify:track:4u7EnebtmKWzUH433cf5Qv","Queen","Bohemian Rhapsody - Remastered 2011","Hollywood Records",30,199,92,"340926"
188,"spotify:track:466cKvZn1j45IpxDdYZqdA","Drake","Toosie Slide","OVO",1,167,43,"340394"
189,"spotify:track:0psS4i5YooJrXfDnGvWRLi","Billie Eilish, ROSALÍA","Lo Vas A Olvidar (with ROSALÍA)","Darkroom/Interscope Records",51,51,2,"339639"
190,"spotify:track:4ofwffwvvnbSkrMSCKQDaC","George Ezra","Shotgun","Columbia",1,191,141,"339432"
191,"spotify:track:0tgVpDi06FyKpA1z0VMD4v","Ed Sheeran","Perfect","Atlantic Records UK",5,186,133,"337987"
192,"spotify:track:3bidbhpOYeV4knp8AIu8Xn","Macklemore & Ryan Lewis, Macklemore, Ryan Lewis, Ray Dalton","Can't Hold Us (feat. Ray Dalton)","Macklemore",98,-1,87,"337785"
193,"spotify:track:0ntQJM78wzOLVeCUAW7Y45","Kings of Leon","Sex on Fire","RCA/Legacy",193,197,2,"336881"
194,"spotify:track:5T8EDUDqKcs6OSOwEsfqG7","Queen","Don't Stop Me Now - Remastered 2011","Hollywood Records",73,-1,90,"336097"
195,"spotify:track:1kXHqvq1R8dkx1Mm52nH9g","Rudimental, MORGAN, Digga D, TIKE","Be the One (feat. MORGAN, Digga D & TIKE)","Atlantic Records UK",152,152,5,"335315"
196,"spotify:track:6LW3Z1GqbL78TIjfDyg4zp","Wilkinson, Becky Hill","Afterglow","EMI",196,-1,1,"334673"
197,"spotify:track:1xRRPtBWty61XDG7BvMdmL","Oasis","Don't Look Back In Anger - Remastered","Big Brother Recordings Ltd",44,192,164,"334498"
198,"spotify:track:52okn5MNA47tk87PeZJLEL","NF","Let You Down","NF Real Music",5,190,44,"331818"
199,"spotify:track:5xoUgPXbMNUmoHU0Enwtwq","The Kooks","She Moves In Her Own Way","Virgin Records",107,193,90,"331222"
200,"spotify:track:69F4G9WD5U1vKrpaCiLznl","Digga D","Woi","EGA Music Group",29,174,31,"330782"
