﻿rank,uri,artist_names,track_name,source,peak_rank,previous_rank,weeks_on_chart,streams
1,"spotify:track:5PjdY0CKGZdEuoNab3yDmX","The Kid LAROI, Justin Bieber","STAY (with Justin Bieber)","Columbia",1,2,5,"3841074"
2,"spotify:track:6PQ88X9TkUIAUIZJHW2upE","Ed Sheeran","Bad Habits","Atlantic Records UK",1,1,7,"3531551"
3,"spotify:track:4ZtFanR9U6ndgddUvNcjcG","Olivia Rodrigo","good 4 u","Olivia Rodrigo PS",1,3,13,"2900355"
4,"spotify:track:4RVwu0g32PAqgUiJoXsdF8","Billie Eilish","Happier Than Ever","Darkroom/Interscope Records",4,5,2,"2352262"
5,"spotify:track:7zx1i0jGcFwMBurajgKlO7","Jonasu","Black Magic","3Beat",5,6,7,"2115463"
6,"spotify:track:2zxEc1GCSCxbHIXTfhraRC","Dave, Stormzy","Clash (feat. Stormzy)","Neighbourhood",2,4,5,"1977602"
7,"spotify:track:27NovPIUIRrOZoCHxABJwK","Lil Nas X, Jack Harlow","INDUSTRY BABY (feat. Jack Harlow)","Columbia",7,8,3,"1918911"
8,"spotify:track:3Wrjm47oTz2sjIgck11l5e","Måneskin","Beggin'","RCA Records Label",4,7,10,"1846746"
9,"spotify:track:4pt5fDVTg5GhEvEtlz9dKk","Måneskin","I WANNA BE YOUR SLAVE","RCA Records Label",5,9,12,"1817641"
10,"spotify:track:4laAKIq9ZxBCwf99rauPYb","Becky Hill, David Guetta","Remember","Polydor Records",10,13,8,"1770270"
11,"spotify:track:5K6Ssv4Z3zRvxt0P6EKUAP","Galantis, David Guetta, Little Mix","Heartbreak Anthem (with David Guetta & Little Mix)","Big Beat Records",7,10,12,"1643895"
12,"spotify:track:3DarAbFujv6eYNliUTyqtz","Doja Cat, SZA","Kiss Me More (feat. SZA)","Kemosabe Records/RCA Records",2,12,18,"1628435"
13,"spotify:track:67BtfxlNbhBmCDR2L2l8qd","Lil Nas X","MONTERO (Call Me By Your Name)","Columbia",1,15,20,"1492132"
14,"spotify:track:3Vi5XqYrmQgOYBajMWSvCi","Doja Cat","Need to Know","Kemosabe Records/RCA Records",14,18,9,"1486307"
15,"spotify:track:5CZ40GBx1sQ9agT82CLQCT","Olivia Rodrigo","traitor","Olivia Rodrigo PS",6,14,12,"1485540"
16,"spotify:track:14Bcv6siTBPw3TlP84dasC","KSI","Holiday","BMG Rights Management (US) LLC",2,16,8,"1485530"
17,"spotify:track:6OGogr19zPTM4BALXuMQpF","The Weeknd","Take My Breath - Single Version","XO / Republic Records",17,-1,1,"1391446"
18,"spotify:track:7nVERWQXlgZRQsYw4fHf3b","KSI, Lil Wayne","Lose","BMG Rights Management (US) LLC",18,-1,1,"1279373"
19,"spotify:track:7IPKXYU2rTMnrLW5IZ7ZI5","Dave","Verdansk","Neighbourhood",5,11,3,"1258709"
20,"spotify:track:1olCzMxaeiQKNO64ssWVGr","Rain Radio, DJ Craig Gorman","Talk About","Polydor Records",20,20,6,"1227577"
21,"spotify:track:0MWiSBKm8Avs8iDIxcertp","Anne-Marie, Little Mix","Kiss My (Uh Oh)","Atlantic Records/Asylum",21,25,3,"1206283"
22,"spotify:track:2zBDKzqa6sdxeI0fC6OWIC","Tones And I","Fly Away","Elektra (NEK)",22,23,9,"1190519"
23,"spotify:track:5nujrmhLynf4yMoMtj8AQF","Dua Lipa, DaBaby","Levitating (feat. DaBaby)","Warner Records",7,19,45,"1075770"
24,"spotify:track:0vR2rIVORmgeKiGIgNT0fV","Calvin Harris, Tom Grennan","By Your Side (feat. Tom Grennan)","Columbia",13,21,10,"1075303"
25,"spotify:track:3mtaSob1BQO4HMSA8lWKRt","Dave","In The Fire","Neighbourhood",6,17,3,"1023011"
26,"spotify:track:02MWAaffLxlfxAUY7c5dvx","Glass Animals","Heat Waves","Polydor Records",12,26,43,"989923"
27,"spotify:track:4XvcHTUfIlWfyJTRG0aqlo","Sleepy Hallow","2055","Winners Circle/RCA Records",27,46,4,"989856"
28,"spotify:track:0siYMEsGrzzzlWLXK5zJfS","Joel Corry, RAYE, David Guetta","BED","Perfect Havoc / Asylum Records",4,27,24,"976433"
29,"spotify:track:37BZB0z9T8Xu7U3e65qxFy","The Weeknd, Ariana Grande","Save Your Tears (with Ariana Grande) (Remix)","Republic Records",14,22,16,"972610"
30,"spotify:track:5lAnYvAIkSDNXqfo7DyFUm","Doja Cat","Ain't Shit","Kemosabe Records/RCA Records",29,29,7,"972529"
31,"spotify:track:2lw3naleLuf81Si3tuFVak","Mabel","Let Them Know","Polydor Records",31,59,8,"957534"
32,"spotify:track:6mSzsSdu0CWIV70jEjWMhI","ArrDee","Oliver Twist","Universal-Island Records Ltd.",8,28,10,"937128"
33,"spotify:track:5wANPM4fQCJwkGd4rN57mH","Olivia Rodrigo","drivers license","Olivia Rodrigo PS",1,30,31,"936452"
34,"spotify:track:6HU7h9RYOaPRFeh0R3UeAr","Olivia Rodrigo","deja vu","Olivia Rodrigo PS",3,24,19,"935694"
35,"spotify:track:3kNWyHdLVW1x6pn9EnSQ1H","Tom Zanetti","Didn't Know","SiC Records Limited",21,34,25,"928825"
36,"spotify:track:6uvMKqNlrSvcC4NaKnrwjZ","Tion Wayne, Russ Millions, ArrDee, E1 (3x3), ZT (3x3), Bugzy Malone, Buni, Fivio Foreign, Darkoo","Body (Remix) [feat. ArrDee, E1 (3x3), ZT (3x3), Bugzy Malone, Buni, Fivio Foreign & Darkoo]","Atlantic Records UK",1,31,16,"893460"
37,"spotify:track:7CIERzyqIwLVKGp00YbHRO","PinkPantheress","Pain","Parlophone UK",33,33,6,"887557"
38,"spotify:track:6cx06DFPPHchuUAcTxznu9","Joel Corry, MNEK","Head & Heart (feat. MNEK)","Atlantic Records UK",1,38,58,"868910"
39,"spotify:track:15OCqNPYoLziEAsbVnqRj5","Mimi Webb","Good Without","Epic",16,35,20,"862967"
40,"spotify:track:18vXApRmJSgQ6wG2ll9AOg","Polo G","RAPSTAR","Columbia",3,36,18,"844101"
41,"spotify:track:003vvx7Niy0yvhvHt4a68B","The Killers","Mr. Brightside","Island Records",35,50,242,"839509"
42,"spotify:track:0VjIjW4GlUZAMYd2vXMi3b","The Weeknd","Blinding Lights","Republic Records",1,47,89,"818759"
43,"spotify:track:0MMyJUC3WNnFS1lit5pTjk","Olivia Rodrigo","jealousy, jealousy","Olivia Rodrigo PS",14,44,12,"805531"
44,"spotify:track:5JCoSi02qi3jJeHdZXMmR8","Olivia Rodrigo","favorite crime","Olivia Rodrigo PS",8,39,12,"803927"
45,"spotify:track:6Uj1ctrBOjOas8xZXGqKk4","Doja Cat","Woman","Kemosabe Records/RCA Records",45,87,5,"802483"
46,"spotify:track:4cG7HUWYHBV6R6tHn1gxrl","Riton, Nightcrawlers, Mufasa & Hypeman, Dopamine","Friday (feat. Mufasa & Hypeman) - Dopamine Re-Edit","Ministry of Sound Recordings",3,51,29,"767811"
47,"spotify:track:2Ms8MDDtYBw7M3K5F3EqPX","Mimi Webb","Dumb Love","Epic",21,43,9,"754899"
48,"spotify:track:4iJyoBOLtHqaGxP12qzhQI","Justin Bieber, Daniel Caesar, Giveon","Peaches (feat. Daniel Caesar & Giveon)","RBMG/Def Jam",1,52,21,"753692"
49,"spotify:track:3fGW43fnu3OHEw6ohTC2Bw","Anne-Marie, Niall Horan","Our Song","Atlantic Records/Asylum",38,55,12,"701808"
50,"spotify:track:1vicAuW47ccp1l5mYmaWi7","KSI, Lil Durk","No Time (feat. Lil Durk)","BMG Rights Management (US) LLC",22,42,4,"675649"
51,"spotify:track:5gOtq0sKU24ZF8hnXlSp1V","Dave, Wizkid","System (feat. WizKid)","Neighbourhood",8,32,3,"671588"
52,"spotify:track:3Iba59sFmGhQ4kbCY5L8AX","Tom Grennan","Little Bit of Love","Insanity Records",12,60,24,"657731"
53,"spotify:track:4qu63nuBpdn0qHUHuObEj1","Marshmello, Jonas Brothers","Leave Before You Love Me (with Jonas Brothers)","Republic Records",53,57,9,"634061"
54,"spotify:track:2tGvwE8GcFKwNdAXMnlbfl","Olivia Rodrigo","happier","Olivia Rodrigo PS",10,58,12,"623112"
55,"spotify:track:73QyyUMMvtNELmULI4FOsp","Sigala, Rita Ora","You for Me","Ministry of Sound Recordings",55,81,6,"618694"
56,"spotify:track:6SRsiMl7w1USE4mFqrOhHC","Olivia Rodrigo","brutal","Olivia Rodrigo PS",8,61,12,"614317"
57,"spotify:track:6f3Slt0GbA2bPZlz0aIFXN","Tiësto","The Business","Atlantic Records",4,64,39,"610352"
58,"spotify:track:7yq4Qj7cqayVTp3FF9CWbm","Vance Joy","Riptide","Atlantic Records",58,73,195,"589106"
59,"spotify:track:6UelLqGlWMcVH1E5c4H7lY","Harry Styles","Watermelon Sugar","Columbia",4,71,91,"586162"
60,"spotify:track:7EkWXAI1wn8Ii883ecd9xr","Surf Curse","Freaks","Surf Curse",60,85,15,"582147"
61,"spotify:track:22agj1ppHejR41cUyf7k6v","Dave","We're All Alone","Neighbourhood",11,37,3,"572087"
62,"spotify:track:5FG7Tl93LdH117jEKYl3Cm","Wizkid, Tems","Essence (feat. Tems)","Starboy/RCA Records",62,106,6,"561166"
63,"spotify:track:7qEHsqek33rTcFNT9PFqLf","Lewis Capaldi","Someone You Loved","Vertigo Berlin",1,88,137,"549388"
64,"spotify:track:0ofHAoxe9vBkTCp2UQIavz","Fleetwood Mac","Dreams - 2004 Remaster","Rhino/Warner Records",17,89,69,"547023"
65,"spotify:track:38GBNKZUhfBkk3oNlWzRYd","Billie Eilish","NDA","Darkroom/Interscope Records",29,48,5,"544440"
66,"spotify:track:1058fW9H3fZA6QjYCdOBad","Camila Cabello","Don't Go Yet","Epic",66,72,3,"543607"
67,"spotify:track:5JKnYZOhSP7rOK0jPYcCjV","WILLOW, Travis Barker","t r a n s p a r e n t s o u l feat. Travis Barker","MSFTSMusic / Roc Nation Records, LLC",25,75,11,"540556"
68,"spotify:track:27OeeYzk6klgBh83TSvGMA","The Kid LAROI","WITHOUT YOU","Columbia",2,95,40,"538001"
69,"spotify:track:3z4CGd63tpUn9a6oQSG0CI","Dave, Burna Boy","Location (feat. Burna Boy)","Neighbourhood",9,80,127,"537667"
70,"spotify:track:1dIWPXMX4kRHj6Dt2DStUQ","Blxst, Tyga, Ty Dolla $ign","Chosen (feat. Ty Dolla $ign)","Red Bull Records Inc. / Evgle LLC",70,144,3,"536454"
71,"spotify:track:02L35AUJSHvIOeKERcWUdj","Fredo","Flowers and the Snow","Since 93",71,-1,1,"532522"
72,"spotify:track:4uwMD6gmDmbwaY2cjqhy7c","Dave","Twenty To One","Neighbourhood",17,45,3,"524692"
73,"spotify:track:5QO79kh1waicV47BqGRL3g","The Weeknd","Save Your Tears","Republic Records",7,99,34,"522356"
74,"spotify:track:5YaskwnGDZFDRipaqzbwQx","ATB, Topic, A7S","Your Love (9PM)","Virgin",11,77,28,"519908"
75,"spotify:track:0b18g3G5spr4ZCkz7Y6Q0Q","Majestic, Boney M.","Rasputin","NITRON music",25,79,20,"519270"
76,"spotify:track:5qqabIl2vWzo9ApSC317sa","Oasis","Wonderwall - Remastered","Big Brother Recordings Ltd",61,109,237,"510541"
77,"spotify:track:4toYTJxK1Q7uNkzeFzKJuu","PS1, Alex Hosking","Life Goes On (feat. Alex Hosking)","Columbia",70,115,8,"506678"
78,"spotify:track:2QjOHCTQ1Jl3zawyYOpxh6","The Neighbourhood","Sweater Weather","Columbia",39,105,46,"506036"
79,"spotify:track:37y7iDayfwm3WXn5BiAoRk","Steve Lacy","Dark Red","Three Quarter",79,-1,1,"504633"
80,"spotify:track:4FEcEwbE2vsqhxbTPtiNTL","Noizu","Summer 91 (Looking Back)","RCA Records Label",56,92,19,"503834"
81,"spotify:track:4wvnXoQqjIOoEis5eyTbCl","Dave, Boj","Lazarus (feat. Boj)","Neighbourhood",18,53,3,"502974"
82,"spotify:track:1VLtjHwRWOVJiE5Py7JxoQ","Polo G","Martin & Gina","Columbia",45,100,49,"502360"
83,"spotify:track:0k4d5YPDr1r7FX77VdqWez","Doja Cat, The Weeknd","You Right","Kemosabe Records/RCA Records",13,90,7,"498104"
84,"spotify:track:0Kdj7nwaYQmvhxnqZaIQuW","Bo Burnham","Bezos I","Bo Burnham",60,78,6,"492331"
85,"spotify:track:0939D7aT18uBDS2MTjWzct","Coldplay","Higher Power","Parlophone UK",30,98,14,"491760"
86,"spotify:track:4jPy3l0RUwlUI9T5XHBW2m","24kGoldn, iann dior","Mood (feat. iann dior)","Records/Columbia",1,110,52,"487508"
87,"spotify:track:7jtQIBanIiJOMS6RyCx6jZ","Tom Odell","Another Love","ITNO/Columbia",40,112,27,"483105"
88,"spotify:track:40uMIn2zJLAQhNXghRjBed","Post Malone","Motley Crew","Republic Records",32,82,5,"482208"
89,"spotify:track:2j7WMNAPSknc94Id7Ciuas","Anne-Marie, KSI, Digital Farm Animals","Don't Play","Atlantic Records/Asylum",2,76,30,"477857"
90,"spotify:track:2Y0wPrPQBrGhoLn14xRYCG","Juice WRLD, Marshmello","Come & Go (with Marshmello)","Grade A Productions/Interscope Records",3,-1,39,"473726"
91,"spotify:track:0BGwAKW4u8kWOhWFflZxfl","Masked Wolf","Astronaut In The Ocean","Elektra (NEK)",18,102,27,"469118"
92,"spotify:track:0DwVfCYLrVXgvejYbWwZAd","PinkPantheress","Break It Off","Parlophone UK",84,84,3,"467552"
93,"spotify:track:3rq5w4bQGigXOfdN30ATJt","Arctic Monkeys","Do I Wanna Know?","Domino Recording Co",52,117,178,"465612"
94,"spotify:track:3hX0ilh84w2KGaiNw2rRCV","Dave, James Blake","Both Sides Of A Smile (feat. James Blake)","Neighbourhood",24,70,3,"463993"
95,"spotify:track:4t2OeILB07eMGTXSUbMPEu","Billie Eilish","Oxytocin","Darkroom/Interscope Records",41,41,2,"462855"
96,"spotify:track:5erCwioOcRwP59NJUAtEK3","D-Block Europe, RAYE","Ferrari Horses","D-Block Europe",11,113,24,"456485"
97,"spotify:track:3gbBpTdY8lnQwqxNCcf795","Bastille","Pompeii","Virgin Records Ltd",90,119,78,"453699"
98,"spotify:track:1f3yAtsJtY87CTmM8RLnxf","Nirvana","Smells Like Teen Spirit","Geffen",98,123,34,"450776"
99,"spotify:track:4CH0dVylkeBPydRM7AaG8g","Ella Henderson, Tom Grennan","Let’s Go Home Together","Atlantic Records UK",24,93,24,"450766"
100,"spotify:track:53HqOfi7OfHRXzcWTdGJB3","AJ Tracey","Little More Love","Revenge Records",20,114,17,"450594"
101,"spotify:track:0W6I02J9xcqK8MtSeosEXb","Doja Cat","Get Into It (Yuh)","Kemosabe Records/RCA Records",101,-1,2,"447632"
102,"spotify:track:7MAibcTli4IisCtbHKrGMh","Bruno Mars, Anderson .Paak, Silk Sonic","Leave The Door Open","Aftermath Entertainment/Atlantic",22,107,23,"444898"
103,"spotify:track:4HOryCnbme0zBnF8LWij3f","Billie Eilish","Getting Older","Darkroom/Interscope Records",40,40,2,"444256"
104,"spotify:track:3J8EOeKLTLXORtWPpOU5bE","Lil Tjay, 6LACK","Calling My Phone","Columbia",1,118,26,"443112"
105,"spotify:track:3AJwUDP919kvQ9QcozQPxg","Coldplay","Yellow","Parlophone UK",80,120,41,"441992"
106,"spotify:track:2vCKQ9NNCTXoAF8ltW0Zv9","Dermot Kennedy","Better Days","Riggins Recording",97,97,2,"441706"
107,"spotify:track:5e9TFTbltYBg2xThimr0rU","Fleetwood Mac","The Chain - 2004 Remaster","Rhino/Warner Records",74,127,98,"437853"
108,"spotify:track:3PfIrDoz19wz7qK7tYeu62","Dua Lipa","Don't Start Now","Warner Records",2,121,93,"437818"
109,"spotify:track:4191RXFPa7Ge9XkA4cWlna","Billie Eilish","Lost Cause","Darkroom/Interscope Records",20,56,8,"435875"
110,"spotify:track:40JjCZcdzT9ldZk5DhFqdZ","Little Mix, Saweetie","Confetti (feat. Saweetie)","RCA Records Label",32,108,15,"432954"
111,"spotify:track:2prnn41CblB8B4yWACDljP","Shouse, David Guetta","Love Tonight (David Guetta Remix Edit)","Hell Beach",111,160,2,"425129"
112,"spotify:track:7hxHWCCAIIxFLCzvDgnQHX","Internet Money, Gunna, Don Toliver, NAV","Lemonade (feat. NAV)","Internet Money Records / TenThousand Projects",2,128,52,"423749"
113,"spotify:track:60ynsPSSKe6O3sfwRnIBRf","Doja Cat","Streets","Kemosabe Records/RCA Records",5,134,31,"420909"
114,"spotify:track:4rPkN1FMzQyFNP9cLUGIIB","Dua Lipa","Love Again","Warner Records",51,172,5,"420349"
115,"spotify:track:0Fs9cdPDhptWEDJmiCbkEW","J. Cole, Cults, Amber Coffman","She Knows (feat. Amber Coffman & Cults)","Roc Nation LLC",115,145,2,"419166"
116,"spotify:track:7pnQ23WgZca9jEfMts9qsR","A1 x J1","Latest Trends","EMI",4,129,27,"418279"
117,"spotify:track:2KnuaZYoGzDoHiBTNYOTXG","Billie Eilish","Billie Bossa Nova","Darkroom/Interscope Records",49,49,2,"417843"
118,"spotify:track:1JXBNvlDEl2epKSJ9EOgKX","The Kid LAROI, Polo G, Stunna Gambino","NOT SOBER (feat. Polo G & Stunna Gambino)","Columbia",56,101,3,"416889"
119,"spotify:track:48q0vSHcJdhK3IiXH8C5WJ","Arctic Monkeys","Why'd You Only Call Me When You're High?","Domino Recording Co",38,141,43,"414205"
120,"spotify:track:58T4yPLn4NjBYXfRxeweyM","Pop Smoke, Chris Brown","Woo Baby (feat. Chris Brown)","Victor Victor Worldwide",57,122,4,"413344"
121,"spotify:track:3Fzlg5r1IjhLk2qRw667od","Toploader","Dancing in the Moonlight","Sony Soho Square",87,138,131,"412387"
122,"spotify:track:07GvNcU1WdyZJq3XxP0kZa","Fleetwood Mac","Go Your Own Way - 2004 Remaster","Rhino/Warner Records",88,131,93,"411971"
123,"spotify:track:0ntQJM78wzOLVeCUAW7Y45","Kings of Leon","Sex on Fire","RCA/Legacy",120,143,29,"410487"
124,"spotify:track:6ZJqCviTotiIujl1rfcL53","PinkPantheress","Passion","Parlophone UK",98,103,3,"409648"
125,"spotify:track:25tXNghelZKdGZZVoSL9Yg","Dave, Snoh Aalegra","Law Of Attraction (feat. Snoh Aalegra)","Neighbourhood",23,66,3,"409644"
126,"spotify:track:6ft4hAq6yde8jPZY2i5zLr","MEDUZA, Dermot Kennedy","Paradise (feat. Dermot Kennedy)","Universal-Island Records Ltd.",6,137,41,"407743"
127,"spotify:track:3yfqSUWxFvZELEM4PmlwIR","Eminem","The Real Slim Shady","Interscope",127,149,21,"405957"
128,"spotify:track:7BHPGtpuuWWsvE7cCaMuEU","The Kooks","Naive","Virgin Records",68,155,195,"405810"
129,"spotify:track:0RiRZpuVRbi7oqRdSMwhQY","Post Malone, Swae Lee","Sunflower - Spider-Man: Into the Spider-Verse","Republic Records",3,142,147,"405662"
130,"spotify:track:35mvY5S1H3J2QZyna3TFe0","Ariana Grande","positions","Republic Records",1,-1,40,"404956"
131,"spotify:track:2N8m6CYs74qQO4mjVcXO30","Tones And I","Dance Monkey","Elektra (NEK)",1,139,106,"404918"
132,"spotify:track:0UvCh63URrLFcPkKt99hHd","Oasis","Don't Look Back In Anger - Remastered","Big Brother Recordings Ltd",44,154,190,"404029"
133,"spotify:track:7qiZfU4dY1lWllzX7mPBI3","Ed Sheeran","Shape of You","Atlantic Records UK",1,147,194,"402335"
134,"spotify:track:0ZEFUsb2AVGup8SV3y3yXl","Skepta, J Balvin","Nirvana","Boy Better Know",67,67,2,"400592"
135,"spotify:track:1tkg4EHVoqnhR6iFEXb60y","Pop Smoke","What You Know Bout Love","Victor Victor Worldwide",4,140,58,"400046"
136,"spotify:track:2gMXnyrvIjhVBUZwvLZDMP","Lewis Capaldi","Before You Go","Vertigo Berlin",1,148,91,"399861"
137,"spotify:track:1YLJVmuzeM2YSUkCCaTNUB","Florence + The Machine","Dog Days Are Over","Universal-Island Records Ltd.",137,-1,12,"399159"
138,"spotify:track:4ka1FkKAMde6dQAFFMXKac","Nessa Barrett","i hope ur miserable until ur dead","Warner Records",138,-1,1,"398944"
139,"spotify:track:0nrRP2bk19rLc0orkWPQk2","Avicii","Wake Me Up","Universal Music AB",16,156,69,"398290"
140,"spotify:track:1zi7xx7UVEFkmKfv06H8x0","Drake, Wizkid, Kyla","One Dance","Cash Money Records/Young Money Ent./Universal Rec.",15,151,131,"398130"
141,"spotify:track:285pBltuF7vW8TeWk8hdRR","Juice WRLD","Lucid Dreams","Juice WRLD Mixtape / ISR P&D",6,152,169,"396302"
142,"spotify:track:7IEzHchpLMXAemfAsyiA3n","Fredo, Potter Payper","14 (feat. Potter Payper)","Since 93",142,-1,1,"396138"
143,"spotify:track:6LW3Z1GqbL78TIjfDyg4zp","Wilkinson, Becky Hill","Afterglow","EMI",38,153,28,"393232"
144,"spotify:track:5zNW5ARjYhJQJz1AChP33n","Megan Thee Stallion","Thot Shit","300 Entertainment",68,135,9,"392270"
145,"spotify:track:2TOzTqQXNmR2zDJXihjZ2e","Olivia Rodrigo","enough for you","Olivia Rodrigo PS",9,124,12,"391562"
146,"spotify:track:254bXAqt3zP6P50BdQvEsq","Fleetwood Mac","Everywhere - 2017 Remaster","Rhino/Warner Records",86,158,144,"390749"
147,"spotify:track:2tUBqZG2AbRi7Q0BIrVrEj","Whitney Houston","I Wanna Dance with Somebody (Who Loves Me)","Arista/Legacy",99,162,122,"389542"
148,"spotify:track:4bHsxqR3GMrXTxEPLuK5ue","Journey","Don't Stop Believin' (2022 Remaster)","Columbia/Legacy",133,167,117,"386644"
149,"spotify:track:44xO8889yUQHn70P73NILS","Navos","Believe Me","Universal-Island Records Ltd.",29,146,27,"385943"
150,"spotify:track:20R4HfKloPKgXDqU7UKk3x","Billie Eilish","Therefore I Am","Darkroom/Interscope Records",1,83,27,"385919"
151,"spotify:track:2sXf2JdbB2GlNju00kw9WE","Bruno Mars, Anderson .Paak, Silk Sonic","Skate","Aftermath Entertainment/Atlantic",94,94,2,"383142"
152,"spotify:track:2gvIIpYdM9x1rdekmQMXCL","MENTIS, Kate Wild","Excuses","Columbia",152,188,3,"380305"
153,"spotify:track:4lQ87x6SYGR9E8v28xqhh2","Central Cee","Little Bit of This","Central Cee",59,133,4,"379769"
154,"spotify:track:7ytR5pFWmSjzHJIeQkgog4","DaBaby, Roddy Ricch","ROCKSTAR (feat. Roddy Ricch)","South Coast Music Group/Interscope Records",1,150,69,"379214"
155,"spotify:track:042Sl6Mn83JHyLEqdK7uI0","Billie Eilish","Your Power","Darkroom/Interscope Records",4,68,10,"379147"
156,"spotify:track:45bE4HXI0AwGZXfZtMp8JR","Tate McRae","you broke me first","RCA Records Label",8,157,56,"378498"
157,"spotify:track:0d28khcov6AiegSCpG5TuT","Gorillaz","Feel Good Inc.","Parlophone UK",157,-1,13,"378412"
158,"spotify:track:2tpWsVSb9UEmDRxAl1zhX1","OneRepublic","Counting Stars","Mosley / Interscope",153,170,20,"376752"
159,"spotify:track:54zJ1SxDe0CQhWRij7E0no","Becky Hill","Last Time","Polydor Records",84,169,19,"375472"
160,"spotify:track:4wcBRRpIfesgcyUtis7PEg","Olivia Rodrigo","1 step forward, 3 steps back","Olivia Rodrigo PS",11,132,12,"375328"
161,"spotify:track:5xoUgPXbMNUmoHU0Enwtwq","The Kooks","She Moves In Her Own Way","Virgin Records",107,190,114,"374431"
162,"spotify:track:7l97ElWmIdVHWUaOeeU5ZC","Tate McRae","that way","Not specified",161,161,2,"374107"
163,"spotify:track:5UZRiz52aaoW64Sp88qVQc","MIST, Burna Boy","Rollin' (feat. Burna Boy)","Warner Records",163,187,4,"373087"
164,"spotify:track:65OVbaJR5O1RmwOQx0875b","Drake, Lil Baby","Wants and Needs (feat. Lil Baby)","OVO",6,163,23,"371505"
165,"spotify:track:7pQ5nfrBV8SD6u0aH3DKTj","Fredo, Sus","Double Tap (feat. Sus)","Since 93",165,-1,1,"370787"
166,"spotify:track:62vpWI1CHwFy7tMIcSStl8","J. Cole","No Role Modelz","Roc Nation Records LLC",95,177,37,"370556"
167,"spotify:track:0pqnGHJpmpxLKifKRmU6WP","Imagine Dragons","Believer","Kid Ina Korner / Interscope",37,175,207,"370491"
168,"spotify:track:5WHTFyqSii0lmT9R21abT8","Mabel","Don't Call Me Up","Polydor Records",3,-1,88,"369735"
169,"spotify:track:2f0pn9DkEJwAzXApnFh5cr","BANNERS","Someone To You","Island Records",60,171,56,"369186"
170,"spotify:track:5T8EDUDqKcs6OSOwEsfqG7","Queen","Don't Stop Me Now - Remastered 2011","Hollywood Records",73,174,116,"369106"
171,"spotify:track:2RlgNHKcydI9sayD2Df2xp","Electric Light Orchestra","Mr. Blue Sky","Epic/Legacy",101,181,95,"368677"
172,"spotify:track:62AuGbAkt8Ox2IrFFb8GKV","Neil Diamond","Sweet Caroline","Geffen",19,166,6,"368078"
173,"spotify:track:25AvaE23MXl06YRtQcQoJS","Bo Burnham","Welcome to The Internet","Bo Burnham",70,136,9,"367608"
174,"spotify:track:4RvWPyQ5RL0ao9LPZeSouE","Tears For Fears","Everybody Wants To Rule The World","UMC (Universal Music Catalogue)",150,184,19,"366343"
175,"spotify:track:3dYD57lRAUcMHufyqn9GcI","Hozier","Take Me to Church","Columbia",84,178,57,"366126"
176,"spotify:track:0vnKE8ukNmF641XhnEyZJD","Griff","Black Hole","Warner Records",44,159,20,"365354"
177,"spotify:track:0tgVpDi06FyKpA1z0VMD4v","Ed Sheeran","Perfect","Atlantic Records UK",5,176,142,"364533"
178,"spotify:track:3bidbhpOYeV4knp8AIu8Xn","Macklemore & Ryan Lewis, Macklemore, Ryan Lewis, Ray Dalton","Can't Hold Us (feat. Ray Dalton)","Macklemore",98,173,114,"363757"
179,"spotify:track:4kbj5MwxO1bq9wjT5g9HaA","WALK THE MOON","Shut Up and Dance","RCA Records Label",132,-1,45,"363280"
180,"spotify:track:2U5WueTLIK5WJLD7mvDODv","Juice WRLD","Wishing Well","Grade A Productions/Interscope Records",11,179,55,"362208"
181,"spotify:track:1fxYz1s15pyZLsJT0Hdh1m","Roddy Ricch","late at night","Atlantic Records",53,180,10,"362006"
182,"spotify:track:5uCax9HTNlzGybIStD3vDh","James Arthur","Say You Won't Let Go","Columbia",5,196,228,"361440"
183,"spotify:track:2VxeLyX666F8uXCJ0dZF8B","Lady Gaga, Bradley Cooper","Shallow","A Star is Born OST",3,-1,146,"360617"
184,"spotify:track:2374M0fQpWi3dLnB54qaLX","TOTO","Africa","Columbia",89,194,139,"360385"
185,"spotify:track:4ak9GGe6afmi2HbxEjvhIC","Billie Eilish","Male Fantasy","Darkroom/Interscope Records",65,65,2,"359833"
186,"spotify:track:3EzYtOjWoZQ4jHe78hfpQo","Dave","Heart Attack","Neighbourhood",21,74,3,"359090"
187,"spotify:track:3dPQuX8Gs42Y7b454ybpMR","The White Stripes","Seven Nation Army","Legacy Recordings",90,-1,59,"358904"
188,"spotify:track:4u7EnebtmKWzUH433cf5Qv","Queen","Bohemian Rhapsody - Remastered 2011","Hollywood Records",30,-1,116,"358606"
189,"spotify:track:7ju97lgwC2rKQ6wwsf9no9","Lady Gaga, Ariana Grande","Rain On Me (with Ariana Grande)","Interscope",2,191,64,"358500"
190,"spotify:track:6N1EjQjnvhOjFrF6oUmGPa","Bryan Adams","Summer Of '69","A&M",115,182,64,"356752"
191,"spotify:track:7bcy34fBT2ap1L4bfPsl9q","Billie Eilish","I Didn't Change My Number","Darkroom/Interscope Records",54,54,2,"355478"
192,"spotify:track:1jDJFeK9x3OZboIAHsY9k2","Elton John","I'm Still Standing","EMI",109,185,26,"354867"
193,"spotify:track:1V7bZ9gEIwFQpm8yGxRHNA","David Guetta, MistaJam, John Newman","If You Really Love Me (How Will I Know)","Parlophone UK",193,-1,1,"354744"
194,"spotify:track:4ofwffwvvnbSkrMSCKQDaC","George Ezra","Shotgun","Columbia",1,199,158,"354507"
195,"spotify:track:1J14CdDAvBTE1AJYUOwl6C","Duncan Laurence","Arcade","Universal Music, a division of Universal International Music BV",47,200,25,"352752"
196,"spotify:track:4Li2WHPkuyCdtmokzW2007","JAY-Z, Kanye West","Ni**as In Paris","Roc Nation/RocAFella/IDJ",130,-1,11,"351438"
197,"spotify:track:5eXBXreN3d1zdj6Sa8dS0u","BTS","Permission to Dance","BIGHIT MUSIC",49,125,5,"349693"
198,"spotify:track:4Oun2ylbjFKMPTiaSbbCih","Cardi B, Megan Thee Stallion","WAP (feat. Megan Thee Stallion)","Atlantic/KSR",1,-1,51,"349674"
199,"spotify:track:0zLCBJZSiELJf02ucPP9wb","SAINt JHN, Imanbek","Roses - Imanbek Remix","Craft Recordings",2,189,85,"349593"
200,"spotify:track:39LLxExYz6ewLAcYrzQQyP","Dua Lipa","Levitating","Warner Records",44,197,15,"349224"
