﻿rank,uri,artist_names,track_name,source,peak_rank,previous_rank,weeks_on_chart,streams
1,"spotify:track:7lPN2DXiMsVn7XUKtOW1CS","Olivia Rodrigo","drivers license","Olivia Rodrigo PS",1,1,5,"3434958"
2,"spotify:track:27OeeYzk6klgBh83TSvGMA","The Kid LAROI","WITHOUT YOU","Columbia",2,3,14,"1785372"
3,"spotify:track:4I5bvu2KDsrCg0EWHIcvul","Anne-Marie, KSI, Digital Farm Animals","Don't Play","Asylum Records",2,4,4,"1685330"
4,"spotify:track:3inbZcvbbcwJFgEzZgANwE","Digga D, AJ Tracey","Bringing It Back","CGM Records",4,-1,1,"1666079"
5,"spotify:track:31gzwBma4iEppvk8um5ZGx","Fredo, Dave","Money Talks (feat. Dave)","Neighbourhood",2,2,2,"1459338"
6,"spotify:track:0VjIjW4GlUZAMYd2vXMi3b","The Weeknd","Blinding Lights","Republic Records",1,13,63,"1437338"
7,"spotify:track:60ynsPSSKe6O3sfwRnIBRf","Doja Cat","Streets","Kemosabe Records/RCA Records",5,5,5,"1377162"
8,"spotify:track:6ft4hAq6yde8jPZY2i5zLr","MEDUZA, Dermot Kennedy","Paradise (feat. Dermot Kennedy)","Universal-Island Records Ltd.",6,6,15,"1345235"
9,"spotify:track:6f3Slt0GbA2bPZlz0aIFXN","Tiësto","The Business","Atlantic Records",9,12,13,"1319416"
10,"spotify:track:5vGLcdRuSbUhD8ScwsGSdA","CJ","Whoopty","CJ Music Group/T-Series",3,7,17,"1313149"
11,"spotify:track:3YJJjQPAbDT7mGpX3WtQ9A","SZA","Good Days","Top Dawg Entertainment/RCA Records",4,8,7,"1239638"
12,"spotify:track:6cx06DFPPHchuUAcTxznu9","Joel Corry, MNEK","Head & Heart (feat. MNEK)","Atlantic Records UK",1,9,32,"1181764"
13,"spotify:track:5QO79kh1waicV47BqGRL3g","The Weeknd","Save Your Tears","Republic Records",13,31,8,"1154387"
14,"spotify:track:3iw6V4LH7yPj1ESORX9RIN","Nathan Evans, 220 KID","Wellerman - Sea Shanty / 220 KID x Billen Ted Remix","Polydor Records",14,15,3,"1153422"
15,"spotify:track:3tjFYV6RSFtuktYl3ZtYcq","24kGoldn, iann dior","Mood (feat. iann dior)","Records/Columbia",1,10,26,"1144032"
16,"spotify:track:7pnQ23WgZca9jEfMts9qsR","A1 x J1","Latest Trends","EMI",16,-1,1,"1123404"
17,"spotify:track:7hxHWCCAIIxFLCzvDgnQHX","Internet Money, Gunna, Don Toliver, NAV","Lemonade (feat. NAV)","Internet Money Records / TenThousand Projects",2,14,26,"1092108"
18,"spotify:track:1tkg4EHVoqnhR6iFEXb60y","Pop Smoke","What You Know Bout Love","Victor Victor Worldwide",4,16,32,"1079625"
19,"spotify:track:6Im9k8u9iIzKMrmV7BWtlF","Ariana Grande","34+35","Republic Records",6,17,15,"1031398"
20,"spotify:track:31qCy5ZaophVA81wtlwLc4","Justin Bieber","Anyone","RBMG/Def Jam",6,18,6,"1009748"
21,"spotify:track:76Tuo484SLohJakHLnGI3B","Little Mix","Sweet Melody","RCA Records Label",7,20,16,"1008881"
22,"spotify:track:35mvY5S1H3J2QZyna3TFe0","Ariana Grande","positions","Republic Records",1,19,16,"981835"
23,"spotify:track:45bE4HXI0AwGZXfZtMp8JR","Tate McRae","you broke me first","RCA Records Label",8,21,30,"975462"
24,"spotify:track:055Mme9ReKK99jRFA5UJ55","Shane Codd","Get Out My Head","Polydor Records",19,22,13,"965968"
25,"spotify:track:20McUFi8KCIVdNDLrkTDuZ","HVME","Goosebumps","Columbia/B1 Recordings",21,26,9,"939500"
26,"spotify:track:5nujrmhLynf4yMoMtj8AQF","Dua Lipa, DaBaby","Levitating (feat. DaBaby)","Warner Records",12,23,19,"934761"
27,"spotify:track:4D0GT8zWuA7Z2em6dpajAn","Central Cee","Loading","Central Cee",21,29,16,"885749"
28,"spotify:track:2Oycxb8QbPkpHTo8ZrmG0B","Miley Cyrus, Dua Lipa","Prisoner (feat. Dua Lipa)","RCA Records Label",13,28,12,"841423"
29,"spotify:track:02MWAaffLxlfxAUY7c5dvx","Glass Animals","Heat Waves","Polydor Records",29,32,17,"839619"
30,"spotify:track:0E4Y1XIbs8GrAT1YqVy6dq","Ed Sheeran","Afterglow","Atlantic Records UK",9,27,8,"838172"
31,"spotify:track:7qEHsqek33rTcFNT9PFqLf","Lewis Capaldi","Someone You Loved","Vertigo Berlin",1,30,111,"826261"
32,"spotify:track:4cG7HUWYHBV6R6tHn1gxrl","Riton, Nightcrawlers, Mufasa & Hypeman, Dopamine","Friday (feat. Mufasa & Hypeman) - Dopamine Re-Edit","Ministry of Sound Recordings",32,54,3,"795380"
33,"spotify:track:1M4OcYkxAtu3ErzSgDEfoi","Cardi B","Up","Atlantic Records",33,-1,1,"769631"
34,"spotify:track:65vHYhe2AprpDBHBTpOBaE","Fredo, Pop Smoke, Young Adz","Burner on Deck (feat. Pop Smoke & Young Adz)","Since 93",11,11,2,"742250"
35,"spotify:track:0osdzA0D159EUmBcrwMcB4","Wes Nelson, Hardy Caprio","See Nobody","EMI",6,33,21,"731272"
36,"spotify:track:003vvx7Niy0yvhvHt4a68B","The Killers","Mr. Brightside","Island Records",36,37,216,"729290"
37,"spotify:track:4Oun2ylbjFKMPTiaSbbCih","Cardi B, Megan Thee Stallion","WAP (feat. Megan Thee Stallion)","Atlantic/KSR",1,36,27,"728905"
38,"spotify:track:285pBltuF7vW8TeWk8hdRR","Juice WRLD","Lucid Dreams","Juice WRLD Mixtape / ISR P&D",6,41,143,"705399"
39,"spotify:track:45S5WTQEGOB1VHr1Q4FuPl","Harry Styles","Golden","Columbia",29,35,19,"704830"
40,"spotify:track:2U5WueTLIK5WJLD7mvDODv","Juice WRLD","Wishing Well","Grade A Productions/Interscope Records",11,39,31,"703659"
41,"spotify:track:54bFM56PmE4YLRnqpW6Tha","Billie Eilish","Therefore I Am","Darkroom/Interscope Records",1,34,13,"701260"
42,"spotify:track:6UelLqGlWMcVH1E5c4H7lY","Harry Styles","Watermelon Sugar","Columbia",4,40,65,"690361"
43,"spotify:track:48q0vSHcJdhK3IiXH8C5WJ","Arctic Monkeys","Why'd You Only Call Me When You're High?","Domino Recording Co",38,42,17,"681039"
44,"spotify:track:50v2TSRV31bwpAPkjWejNL","KSI, Digital Farm Animals, Craig David","Really Love (feat. Craig David & Digital Farm Animals)","BMG Rights Management (US) LLC",6,38,16,"674696"
45,"spotify:track:2QjOHCTQ1Jl3zawyYOpxh6","The Neighbourhood","Sweater Weather","Columbia",39,46,20,"673581"
46,"spotify:track:7ytR5pFWmSjzHJIeQkgog4","DaBaby, Roddy Ricch","ROCKSTAR (feat. Roddy Ricch)","South Coast Music Group/Interscope Records",1,43,43,"665240"
47,"spotify:track:0PvFJmanyNQMseIFrU708S","Pop Smoke, Lil Baby, DaBaby","For The Night (feat. Lil Baby & DaBaby)","Victor Victor Worldwide",10,45,32,"660673"
48,"spotify:track:6Hj9jySrnFppAI0sEMCZpJ","Juice WRLD","Robbery","Grade A Productions/Interscope Records",31,48,77,"653151"
49,"spotify:track:55Am8neGJkdj2ADaM3aw5H","James Arthur","Train Wreck","Columbia",27,44,21,"651835"
50,"spotify:track:2Rr1INov0ckj7bLTsk9LV1","Nathan Dawe, Little Mix","No Time For Tears","Atlantic Records UK",50,51,11,"609525"
51,"spotify:track:3Uo7WG0vmLQ07WB4BDwy7D","Taylor Swift","willow","Taylor Swift",11,47,9,"607426"
52,"spotify:track:3rq5w4bQGigXOfdN30ATJt","Arctic Monkeys","Do I Wanna Know?","Domino Recording Co",52,56,152,"604847"
53,"spotify:track:0ofHAoxe9vBkTCp2UQIavz","Fleetwood Mac","Dreams - 2004 Remaster","Rhino/Warner Records",17,57,43,"590159"
54,"spotify:track:17bGtGqqaXOgVnhnfx5NlE","Paul Woolford, Diplo, Kareen Lomax","Looking For Me","Higher Ground",6,49,30,"588352"
55,"spotify:track:5rZlwNFl01HqLWBQGryKSm","Pop Smoke, Lil Tjay","Mood Swings (feat. Lil Tjay)","Victor Victor Worldwide",6,55,32,"570812"
56,"spotify:track:4VXIryQMWpIdGgYR4TrjT1","Juice WRLD","All Girls Are The Same","Juice WRLD Mixtape / ISR P&D",53,58,64,"566191"
57,"spotify:track:03snIuKJr5u7zpyp9zpQMU","Headie One, AJ Tracey, Stormzy","Ain't It Different (feat. AJ Tracey & Stormzy)","Relentless Records",2,53,25,"565888"
58,"spotify:track:2gMXnyrvIjhVBUZwvLZDMP","Lewis Capaldi","Before You Go","Vertigo Berlin",1,60,65,"564867"
59,"spotify:track:4vLBnQtece15fFhqWxZvJP","Wilbur Soot","Your New Boyfriend","Wilbur Soot",50,69,9,"553380"
60,"spotify:track:2f0pn9DkEJwAzXApnFh5cr","BANNERS","Someone To You","Island Records",60,63,30,"549871"
61,"spotify:track:0XDlwVNtd6wvp3PGGsghqf","Fredo, Summer Walker","Ready (feat. Summer Walker)","Since 93",24,24,2,"549196"
62,"spotify:track:1VLtjHwRWOVJiE5Py7JxoQ","Polo G","Martin & Gina","Columbia",62,81,23,"545608"
63,"spotify:track:0zLCBJZSiELJf02ucPP9wb","SAINt JHN, Imanbek","Roses - Imanbek Remix","Craft Recordings",2,65,59,"544179"
64,"spotify:track:6zFMeegAMYQo0mt8rXtrli","Lil Nas X","HOLIDAY","Columbia",19,59,13,"531446"
65,"spotify:track:1rgnBhdG2JDFTbYkYRZAku","Tones And I","Dance Monkey","Elektra (NEK)",1,67,80,"529852"
66,"spotify:track:0RiRZpuVRbi7oqRdSMwhQY","Post Malone, Swae Lee","Sunflower - Spider-Man: Into the Spider-Verse","Republic Records",3,75,121,"526867"
67,"spotify:track:5lWUeSYO61UYgNlFlqcwYl","Nathan Dawe, KSI","Lighter (feat. KSI)","Atlantic Records UK",4,62,29,"522867"
68,"spotify:track:1ZMiCix7XSAbfAJlEZWMCp","Harry Styles","Falling","Columbia",27,68,61,"521608"
69,"spotify:track:4Agtk2MrapdZAVN7v6PuFO","Dream, PmBata","Roadtrip","Dream Music",69,-1,1,"519709"
70,"spotify:track:3z4CGd63tpUn9a6oQSG0CI","Dave, Burna Boy","Location (feat. Burna Boy)","Neighbourhood",9,77,101,"519621"
71,"spotify:track:5YaskwnGDZFDRipaqzbwQx","ATB, Topic, A7S","Your Love (9PM)","Virgin",71,153,2,"517773"
72,"spotify:track:2etHQJxIbV0soyPhelVs9Y","Saweetie, Doja Cat","Best Friend (feat. Doja Cat)","ICY/Warner Records",71,83,5,"509003"
73,"spotify:track:2SAqBLGA283SUiwJ3xOUVI","Drake, Lil Durk","Laugh Now Cry Later (feat. Lil Durk)","OVO",3,78,26,"506719"
74,"spotify:track:2gqWRRCXnma9L8xQ1RdemQ","The Kid LAROI","SO DONE","Columbia",36,61,16,"504879"
75,"spotify:track:4or9opxT7BGioeiZHFdZu9","Fredo","Back to Basics","Since 93",25,25,3,"500055"
76,"spotify:track:4xqrdfXkTW4T0RauPLv3WA","Conan Gray","Heather","Republic Records",22,72,29,"498497"
77,"spotify:track:3PfIrDoz19wz7qK7tYeu62","Dua Lipa","Don't Start Now","Warner Records",2,73,67,"486301"
78,"spotify:track:59qrUpoplZxbIZxk6X0Bm3","Jason Derulo","Take You Dancing","Atlantic Records",15,66,29,"486278"
79,"spotify:track:7fBv7CLKzipRk6EC6TWHOB","The Weeknd","The Hills","Universal Republic Records",79,-1,2,"484899"
80,"spotify:track:7G5VNGDnHt414PyL8rosns","D-Block Europe, Aitch","UFO","D-Block Europe",12,79,19,"483836"
81,"spotify:track:1HbA4N1MiOsPthALesGFR1","Shawn Mendes, Justin Bieber","Monster (Shawn Mendes & Justin Bieber)","Shawn Mendes LP4-5 PS/ Island",21,71,12,"482096"
82,"spotify:track:5u1n1kITHCxxp8twBcZxWy","Justin Bieber, Chance the Rapper","Holy (feat. Chance The Rapper)","RBMG/Def Jam",11,70,21,"481742"
83,"spotify:track:7yq4Qj7cqayVTp3FF9CWbm","Vance Joy","Riptide","Atlantic Records",68,101,169,"478575"
84,"spotify:track:3dYD57lRAUcMHufyqn9GcI","Hozier","Take Me to Church","Columbia",84,90,31,"476764"
85,"spotify:track:31c1V9xUONZYk78NE4Id8D","Ryn Weaver","Pierre","Benny Blanco Major",85,122,5,"469883"
86,"spotify:track:7kDUspsoYfLkWnZR7qwHZl","Machine Gun Kelly, blackbear","my ex's best friend (with blackbear)","Bad Boy/Interscope Records",44,86,26,"465469"
87,"spotify:track:1DadkoAI2gicYJfindPY20","Oasis","Wonderwall - Remastered","Big Brother Recordings Ltd",61,98,211,"461485"
88,"spotify:track:7CH8J4ulT49UfZwSDSkSZA","Jax Jones, Au/Ra","i miss u (with Au/Ra)","Polydor Records",69,82,18,"460712"
89,"spotify:track:7ju97lgwC2rKQ6wwsf9no9","Lady Gaga, Ariana Grande","Rain On Me (with Ariana Grande)","Interscope",2,85,38,"459958"
90,"spotify:track:2kS6td1yvmpNgZTt1q5pQq","Mother Mother","Hayloft","Last Gang",70,95,7,"459522"
91,"spotify:track:0RLLvYBopDwooCyvnTwgYu","Lil Tjay","F.N","Columbia",75,88,73,"458552"
92,"spotify:track:79s5XnCN4TJKTVMSmOx8Ep","Pop Smoke","Dior","Victor Victor Worldwide/Republic Records",25,92,52,"458401"
93,"spotify:track:22LAwLoDA5b4AaGSkg6bKW","Lil Mosey","Blueberry Faygo","Mogul Vision/Interscope Records",4,93,53,"454785"
94,"spotify:track:5uCax9HTNlzGybIStD3vDh","James Arthur","Say You Won't Let Go","Columbia",5,102,203,"454437"
95,"spotify:track:4Of7rzpRpV1mWRbhp5rAqG","Lewis Capaldi","Bruises","Vertigo Berlin",9,100,106,"452110"
96,"spotify:track:3AJwUDP919kvQ9QcozQPxg","Coldplay","Yellow","Parlophone UK",85,94,15,"451344"
97,"spotify:track:5E30LdtzQTGqRvNd7l6kG5","The Neighbourhood","Daddy Issues","Columbia",83,103,19,"449264"
98,"spotify:track:0goOUCNL6MYrqSVvGhvsxw","Fumez The Engineer, A92, Offica","A92 x Fumez The Engineer - Plugged In Freestyle","Fumez The Engineer",53,87,15,"448299"
99,"spotify:track:0DmAvNCAK08oCi7miSZUIY","Sigala, James Arthur","Lasting Lover","Ministry of Sound Recordings",28,97,23,"442041"
100,"spotify:track:3jjujdWJ72nww5eGnfs2E7","Harry Styles","Adore You","Columbia",8,96,62,"438398"
101,"spotify:track:4saklk6nie3yiGePpBwUoc","BTS","Dynamite","BIGHIT MUSIC",21,105,25,"431408"
102,"spotify:track:7m9OqQk4RVRkw9JJdeAw96","XXXTENTACION","Jocelyn Flores","Bad Vibes Forever / EMPIRE",12,107,150,"430249"
103,"spotify:track:1xQ6trAsedVPCdbtDAmk0c","Jawsh 685, Jason Derulo","Savage Love (Laxed - Siren Beat)","Columbia",2,108,35,"428867"
104,"spotify:track:1J14CdDAvBTE1AJYUOwl6C","Duncan Laurence","Arcade","Universal Music, a division of Universal International Music BV",104,-1,2,"428222"
105,"spotify:track:2Y0wPrPQBrGhoLn14xRYCG","Juice WRLD, Marshmello","Come & Go (with Marshmello)","Grade A Productions/Interscope Records",3,104,31,"425190"
106,"spotify:track:43CHdbHYdcbUWP10UFKyZ7","Dermot Kennedy","Giants","Riggins Recording Limited",23,84,33,"420619"
107,"spotify:track:7eJMfftS33KTjuF7lTsMCx","Powfu, beabadoobee","death bed (coffee for your head)","Columbia",5,114,52,"417714"
108,"spotify:track:58ge6dfP91o9oXMzq3XkIS","Arctic Monkeys","505","Domino/Warner Records",99,113,21,"416865"
109,"spotify:track:4i2qxFEVVUi8yOYoxB8TCX","Miley Cyrus","Midnight Sky","RCA Records Label",14,112,26,"416262"
110,"spotify:track:5uEYRdEIh9Bo4fpjDd4Na9","Travis Scott, HVME","Goosebumps - Remix","Cactus Jack/Epic",110,124,3,"415606"
111,"spotify:track:03B2SfXuvDh1m9F4tqrX07","Sabrina Carpenter","Skin","Island Records",36,74,3,"412873"
112,"spotify:track:1f3yAtsJtY87CTmM8RLnxf","Nirvana","Smells Like Teen Spirit","Geffen",112,133,8,"411810"
113,"spotify:track:6FE2iI43OZnszFLuLtvvmg","MKTO","Classic","Columbia/M2V",113,117,15,"410709"
114,"spotify:track:7MXVkk9YMctZqd1Srtv4MB","The Weeknd, Daft Punk","Starboy","Universal Republic Records",2,-1,52,"406744"
115,"spotify:track:7FIWs0pqAYbP91WWM0vlTQ","Eminem, Juice WRLD","Godzilla (feat. Juice WRLD)","Shady/Aftermath/Interscope Records",2,115,56,"402919"
116,"spotify:track:3Fzlg5r1IjhLk2qRw667od","Toploader","Dancing in the Moonlight","Sony Soho Square",87,129,105,"401934"
117,"spotify:track:6gBFPUFcJLzWGx4lenP6h2","Travis Scott","goosebumps","Cactus Jack / Epic",10,125,96,"401819"
118,"spotify:track:2tUBqZG2AbRi7Q0BIrVrEj","Whitney Houston","I Wanna Dance with Somebody (Who Loves Me)","Arista/Legacy",99,130,96,"401218"
119,"spotify:track:35RJhm1pEovTBwnNR0zWad","DJ Khaled, Drake","GREECE (feat. Drake)","OVO/We The Best/Epic",9,127,30,"400410"
120,"spotify:track:4Yxc55NX3tAXC2mHRAhtcW","Olivia Rodrigo, Disney","All I Want - From ""High School Musical: The Musical: The Series""","Walt Disney Records",44,99,21,"399688"
121,"spotify:track:2VxeLyX666F8uXCJ0dZF8B","Lady Gaga, Bradley Cooper","Shallow","A Star is Born OST",3,128,122,"399585"
122,"spotify:track:0u2P5u6lvoDfwTYjAADbn4","Billie Eilish, Khalid","lovely (with Khalid)","Darkroom",54,121,144,"398853"
123,"spotify:track:44xO8889yUQHn70P73NILS","Navos","Believe Me","Universal-Island Records Ltd.",123,-1,1,"397053"
124,"spotify:track:2u8NmvhYX6wiviyxJTOhEi","Foo Fighters","Making A Fire","RCA Records Label",124,-1,1,"396703"
125,"spotify:track:33EGYJLLwz56YIP5Ex9VKs","AJ Tracey, Mabel","West Ten (with Mabel)","Revenge Records",7,120,32,"394747"
126,"spotify:track:3H7ihDc1dqLriiWXwsc2po","Topic, A7S","Breaking Me","Virgin",4,118,45,"394220"
127,"spotify:track:21jGcNKet2qwijlDFuPiPb","Post Malone","Circles","Republic Records",2,137,75,"392742"
128,"spotify:track:0nbXyq5TXYPCO7pr3N8S4I","Roddy Ricch","The Box","Atlantic Records",1,131,61,"390481"
129,"spotify:track:3ee8Jmje8o58CHK66QrVC2","XXXTENTACION","SAD!","Bad Vibes Forever, LLC",5,132,138,"388683"
130,"spotify:track:1H7KnK26kc1YyellpbINEn","Pop Smoke, 50 Cent, Roddy Ricch","The Woo (feat. 50 Cent & Roddy Ricch)","Victor Victor Worldwide",9,135,32,"388418"
131,"spotify:track:1IIKrJVP1C9N7iPtG6eOsK","Chris Brown, Young Thug","Go Crazy","Chris Brown Entertainment/300 Entertainment/RCA Records",13,134,40,"387970"
132,"spotify:track:7E2C5rBLpCKwQlhJPVFBRS","Yung Bleu, Drake","You're Mines Still (feat. Drake)","Moon Boy University / EMPIRE",120,139,7,"387428"
133,"spotify:track:27u7t9d7ZQoyjsCROHuZJ3","Clean Bandit, Mabel, 24kGoldn","Tick Tock (feat. 24kGoldn)","Atlantic Records UK",22,123,25,"384795"
134,"spotify:track:3Ofmpyhv5UAQ70mENzB277","Masked Wolf","Astronaut In The Ocean","Elektra (NEK)",134,-1,1,"383954"
135,"spotify:track:4slSrbTK1sNK4I1mDYEthf","S1mba, DTG","Rover (feat. DTG)","Parlophone UK",4,126,46,"382568"
136,"spotify:track:3B0WbRucJ6ZIla2G9IVt2E","Tion Wayne, dutchavelli, Stormzy","I Dunno (feat. Dutchavelli & Stormzy)","Atlantic Records UK",8,136,37,"381070"
137,"spotify:track:5qrSlOut2rNAWv3ubArkNy","Dean Lewis","Be Alright","Universal Music Australia Pty. Ltd.",14,142,105,"379928"
138,"spotify:track:2ZEq4HT450Ye9IFGPTl9qV","Joel Corry","Lonely","Atlantic Records UK",8,138,54,"377434"
139,"spotify:track:254bXAqt3zP6P50BdQvEsq","Fleetwood Mac","Everywhere - 2017 Remaster","Rhino/Warner Records",86,145,118,"375739"
140,"spotify:track:5e9TFTbltYBg2xThimr0rU","Fleetwood Mac","The Chain - 2004 Remaster","Rhino/Warner Records",74,147,72,"374738"
141,"spotify:track:07GvNcU1WdyZJq3XxP0kZa","Fleetwood Mac","Go Your Own Way - 2004 Remaster","Rhino/Warner Records",88,146,67,"374525"
142,"spotify:track:6AGOKlMZWLCaEJGnaROtF9","Ritt Momney","Put Your Records On","Columbia",19,110,22,"373370"
143,"spotify:track:43CIWpJaJHRcI4mUSjqgc2","Juice WRLD, Young Thug","Bad Boy (with Young Thug)","Grade A Productions/Interscope Records",41,111,4,"372285"
144,"spotify:track:2rPHUAeUPbNgTmK18FPTiZ","The Kid LAROI, Juice WRLD","GO (feat. Juice WRLD)","Columbia",43,140,32,"371704"
145,"spotify:track:6K4t31amVTZDgR3sKmwUJJ","Tame Impala","The Less I Know The Better","Universal Music Australia Pty. Ltd.",116,149,61,"371190"
146,"spotify:track:54OBgO0Xwu20Jak9TMXbR7","Nathan Evans","Wellerman - Sea Shanty","Polydor Records",106,106,3,"370932"
147,"spotify:track:6afrGc4NBIQEObX1S8DCPy","Digga D","Chingy (It’s Whatever)","EGA Music Group",27,170,17,"366889"
148,"spotify:track:7szuecWAPwGoV1e5vGu8tl","The Weeknd","In Your Eyes","Republic Records",15,-1,20,"366483"
149,"spotify:track:1kXHqvq1R8dkx1Mm52nH9g","Rudimental, MORGAN, Digga D, TIKE","Be the One (feat. MORGAN, Digga D & TIKE)","Atlantic Records UK",149,195,6,"366267"
150,"spotify:track:2jyjhRf6DVbMPU5zxagN2h","Passenger","Let Her Go","Nettwerk Music Group",147,171,44,"362619"
151,"spotify:track:0WfOuXw05LJq4ik1lVvTzi","Bicep","Apricots","Ninja Tune",70,109,3,"362035"
152,"spotify:track:0pqnGHJpmpxLKifKRmU6WP","Imagine Dragons","Believer","Kid Ina Korner / Interscope",37,155,181,"361981"
153,"spotify:track:3U4isOIWM3VvDubwSI3y7a","John Legend","All of Me","G.O.O.D. Music/Columbia",153,174,18,"361794"
154,"spotify:track:4bHsxqR3GMrXTxEPLuK5ue","Journey","Don't Stop Believin' (2022 Remaster)","Columbia/Legacy",133,154,91,"360971"
155,"spotify:track:0JJP0IS4w0fJx01EcrfkDe","All Time Low","Dear Maria, Count Me In","Hopeless Records",112,116,4,"360961"
156,"spotify:track:2GzIlFiI42N11SDbnh4VjN","Yxng Bane, Nafe Smallz, M Huncho","Dancing On Ice (feat. Nafe Smallz & M Huncho)","Disturbing London Records",80,80,2,"360096"
157,"spotify:track:5NORWMFC27ywGSZxi8uquP","The Lumineers","Ophelia","Dualtone Music Group",145,167,9,"360028"
158,"spotify:track:3DTqHfTGj1c6y2gDXsTez4","RAYE, Rudimental","Regardless","Polydor Records",158,169,3,"358929"
159,"spotify:track:1K5KBOgreBi5fkEHvg5ap3","Future, Drake","Life Is Good (feat. Drake)","Epic/Freebandz",3,152,56,"358513"
160,"spotify:track:60iSKGrGazRzICtMjADNSM","Lewis Capaldi","Hold Me While You Wait","Vertigo Berlin",4,159,89,"356038"
161,"spotify:track:11bD1JtSjlIgKgZG2134DZ","Snow Patrol","Chasing Cars","Polydor Records",150,173,67,"354790"
162,"spotify:track:7e8utCy2JlSB8dRHKi49xM","Arctic Monkeys","Fluorescent Adolescent","Domino/Warner Records",82,163,105,"351226"
163,"spotify:track:7b4ky1LlQLFhXHmhZkFgqV","AJ Tracey","Ladbroke Grove","AJ Tracey",2,168,104,"351095"
164,"spotify:track:4y4spB9m0Q6026KfkAvy9Q","Justin Bieber, benny blanco","Lonely (with benny blanco)","Friends Keep Secrets/Def Jam Recordings/Interscope Records",20,143,17,"351009"
165,"spotify:track:2zzLRQ78kKfPTx8FJQCdC2","Arctic Monkeys","When The Sun Goes Down","Domino Recording Co",150,162,17,"350711"
166,"spotify:track:0nrRP2bk19rLc0orkWPQk2","Avicii","Wake Me Up","Universal Music AB",16,148,43,"350604"
167,"spotify:track:62vpWI1CHwFy7tMIcSStl8","J. Cole","No Role Modelz","Roc Nation Records LLC",153,160,11,"350022"
168,"spotify:track:3eekarcy7kvN4yt5ZFzltW","Travis Scott","HIGHEST IN THE ROOM","Cactus Jack/Epic",2,172,68,"348338"
169,"spotify:track:5VlTQnZO89Ioku8ssdbqJk","Brent Faiyaz","Dead Man Walking","Lost Kids",128,157,6,"347828"
170,"spotify:track:4tA8lpQoWkMRWOZ29HbR86","Foo Fighters","Waiting On A War","RCA Records Label",170,-1,1,"347322"
171,"spotify:track:2gam98EZKrF9XuOkU13ApN","Nelly Furtado, Timbaland","Promiscuous","Mosley / Geffen",93,177,15,"346870"
172,"spotify:track:2Fxmhks0bxGSBdJ92vM42m","Billie Eilish","bad guy","Darkroom/Interscope Records",1,158,96,"346259"
173,"spotify:track:5y0ekFHNfFbjKhZlguSzdf","AJ Tracey, MoStack","Dinner Guest (feat. MoStack)","Revenge Records",7,161,41,"345591"
174,"spotify:track:4QPEwDdOMhY7rNS05mTyMR","Stormzy, Burna Boy, Ed Sheeran","Own It (feat. Ed Sheeran & Burna Boy)","Atlantic Records UK",1,166,64,"345261"
175,"spotify:track:7qiZfU4dY1lWllzX7mPBI3","Ed Sheeran","Shape of You","Atlantic Records UK",1,-1,172,"342529"
176,"spotify:track:6LW3Z1GqbL78TIjfDyg4zp","Wilkinson, Becky Hill","Afterglow","EMI",176,196,2,"342206"
177,"spotify:track:7h2ozcUpSL7ulXjRPPQcDy","Aitch, AJ Tracey, Tay Keith","Rain","NQ Records",2,180,48,"340868"
178,"spotify:track:5lkpeJwmQKgY3bX2zChjxX","Adele","Someone Like You","XL Recordings",172,186,13,"340240"
179,"spotify:track:7BHPGtpuuWWsvE7cCaMuEU","The Kooks","Naive","Virgin Records",68,181,169,"339709"
180,"spotify:track:2g1KggY9PKvsoEAOaiz4xx","Ashnikko","Daisy","Parlophone UK",39,151,22,"338959"
181,"spotify:track:2r6OAV3WsYtXuXjvJ1lIDi","Pop Smoke, A Boogie Wit da Hoodie","Hello (feat. A Boogie Wit da Hoodie)","Victor Victor Worldwide",105,141,17,"336721"
182,"spotify:track:5fVZC9GiM4e8vu99W0Xf6J","The Fray","How to Save a Life","Epic",182,-1,3,"336192"
183,"spotify:track:6ZuahEctZD6w75peme58hm","Shawn Mendes","Wonder","Shawn Mendes LP4-5 PS/ Island",32,164,19,"335379"
184,"spotify:track:0tgVpDi06FyKpA1z0VMD4v","Ed Sheeran","Perfect","Atlantic Records UK",5,191,134,"334718"
185,"spotify:track:69F4G9WD5U1vKrpaCiLznl","Digga D","Woi","EGA Music Group",29,200,32,"333822"
186,"spotify:track:7jtQIBanIiJOMS6RyCx6jZ","Tom Odell","Another Love","ITNO/Columbia",186,-1,1,"333378"
187,"spotify:track:0ntQJM78wzOLVeCUAW7Y45","Kings of Leon","Sex on Fire","RCA/Legacy",187,193,3,"332410"
188,"spotify:track:4ofwffwvvnbSkrMSCKQDaC","George Ezra","Shotgun","Columbia",1,190,142,"331433"
189,"spotify:track:3E7dfMvvCLUddWissuqMwr","Miley Cyrus","Party In The U.S.A.","Hollywood Records",154,-1,43,"330202"
190,"spotify:track:4Lt6GXGzYsa1tgkv3nGSTm","Jason Derulo, Nuka","Love Not War (The Tampa Beat)","Robots & Humans",118,183,6,"329159"
191,"spotify:track:5YSHygGN9D0mID1NsVd5my","Juice WRLD, The Kid LAROI","Reminds Me Of You","Grade A Productions/Interscope Records",66,156,9,"329128"
192,"spotify:track:29tzJGvqJPTAFs6LXmsHoA","Arctic Monkeys","R U Mine?","Domino Recording Co",170,184,9,"328799"
193,"spotify:track:4u7EnebtmKWzUH433cf5Qv","Queen","Bohemian Rhapsody - Remastered 2011","Hollywood Records",30,187,93,"328649"
194,"spotify:track:13YIDpKrL2caqJ3YF52uzJ","220 KID, JC Stewart","Too Many Nights (with JC Stewart)","Polydor Records",138,165,6,"328310"
195,"spotify:track:3bidbhpOYeV4knp8AIu8Xn","Macklemore & Ryan Lewis, Macklemore, Ryan Lewis, Ray Dalton","Can't Hold Us (feat. Ray Dalton)","Macklemore",98,192,88,"328102"
196,"spotify:track:4kPV7Tx30Ph0tQ4XrhgYCh","Mimi Webb","Reasons","Epic",196,-1,1,"328023"
197,"spotify:track:2RlgNHKcydI9sayD2Df2xp","Electric Light Orchestra","Mr. Blue Sky","Epic/Legacy",101,-1,69,"327993"
198,"spotify:track:2BOqDYLOJBiMOXShCV1neZ","Calum Scott","Dancing On My Own","Capitol Records (US1A)",62,-1,36,"327356"
199,"spotify:track:5T8EDUDqKcs6OSOwEsfqG7","Queen","Don't Stop Me Now - Remastered 2011","Hollywood Records",73,194,91,"327182"
200,"spotify:track:466cKvZn1j45IpxDdYZqdA","Drake","Toosie Slide","OVO",1,188,44,"326760"
