﻿rank,uri,artist_names,track_name,source,peak_rank,previous_rank,weeks_on_chart,streams
1,"spotify:track:7lPN2DXiMsVn7XUKtOW1CS","Olivia Rodrigo","drivers license","Olivia Rodrigo PS",1,1,8,"2493649"
2,"spotify:track:5Kskr9LcNYa0tpt5f0ZEJx","Lil Tjay, 6LACK","Calling My Phone","Columbia",1,2,3,"2307608"
3,"spotify:track:27OeeYzk6klgBh83TSvGMA","The Kid LAROI","WITHOUT YOU","Columbia",2,3,17,"1759630"
4,"spotify:track:6f3Slt0GbA2bPZlz0aIFXN","Tiësto","The Business","Atlantic Records",4,4,16,"1728315"
5,"spotify:track:4I5bvu2KDsrCg0EWHIcvul","Anne-Marie, KSI, Digital Farm Animals","Don't Play","Asylum Records",2,5,7,"1542274"
6,"spotify:track:4cG7HUWYHBV6R6tHn1gxrl","Riton, Nightcrawlers, Mufasa & Hypeman, Dopamine","Friday (feat. Mufasa & Hypeman) - Dopamine Re-Edit","Ministry of Sound Recordings",6,13,6,"1492417"
7,"spotify:track:7pnQ23WgZca9jEfMts9qsR","A1 x J1","Latest Trends","EMI",6,6,4,"1453246"
8,"spotify:track:5QO79kh1waicV47BqGRL3g","The Weeknd","Save Your Tears","Republic Records",7,7,11,"1352146"
9,"spotify:track:6ft4hAq6yde8jPZY2i5zLr","MEDUZA, Dermot Kennedy","Paradise (feat. Dermot Kennedy)","Universal-Island Records Ltd.",6,8,18,"1325275"
10,"spotify:track:6cx06DFPPHchuUAcTxznu9","Joel Corry, MNEK","Head & Heart (feat. MNEK)","Atlantic Records UK",1,12,35,"1311376"
11,"spotify:track:60ynsPSSKe6O3sfwRnIBRf","Doja Cat","Streets","Kemosabe Records/RCA Records",5,10,8,"1310806"
12,"spotify:track:3iw6V4LH7yPj1ESORX9RIN","Nathan Evans, 220 KID","Wellerman - Sea Shanty / 220 KID x Billen Ted Remix","Polydor Records",11,11,6,"1302654"
13,"spotify:track:0VjIjW4GlUZAMYd2vXMi3b","The Weeknd","Blinding Lights","Republic Records",1,9,66,"1269080"
14,"spotify:track:5YaskwnGDZFDRipaqzbwQx","ATB, Topic, A7S","Your Love (9PM)","Virgin",14,24,5,"1201092"
15,"spotify:track:5w3CtwPT5e0k8zg2LyjvNN","Central Cee","Commitment Issues","Central Cee",15,21,3,"1120714"
16,"spotify:track:3io8SywLvvaJDxTU94phL7","Digga D, AJ Tracey","Bringing It Back","CGM Records",4,17,4,"1094077"
17,"spotify:track:3tjFYV6RSFtuktYl3ZtYcq","24kGoldn, iann dior","Mood (feat. iann dior)","Records/Columbia",1,16,29,"1090786"
18,"spotify:track:3YJJjQPAbDT7mGpX3WtQ9A","SZA","Good Days","Top Dawg Entertainment/RCA Records",4,15,10,"1069072"
19,"spotify:track:055Mme9ReKK99jRFA5UJ55","Shane Codd","Get Out My Head","Polydor Records",19,20,16,"1068371"
20,"spotify:track:7hxHWCCAIIxFLCzvDgnQHX","Internet Money, Gunna, Don Toliver, NAV","Lemonade (feat. NAV)","Internet Money Records / TenThousand Projects",2,18,29,"1048121"
21,"spotify:track:02MWAaffLxlfxAUY7c5dvx","Glass Animals","Heat Waves","Polydor Records",21,25,20,"1046728"
22,"spotify:track:1t9WgS8FN0534tLBRwbaxO","CJ","Whoopty","Warner Records",3,14,20,"1045514"
23,"spotify:track:1M4OcYkxAtu3ErzSgDEfoi","Cardi B","Up","Atlantic Records",22,22,4,"1037885"
24,"spotify:track:1tkg4EHVoqnhR6iFEXb60y","Pop Smoke","What You Know Bout Love","Victor Victor Worldwide",4,19,35,"1006626"
25,"spotify:track:5nujrmhLynf4yMoMtj8AQF","Dua Lipa, DaBaby","Levitating (feat. DaBaby)","Warner Records",12,26,22,"986351"
26,"spotify:track:20McUFi8KCIVdNDLrkTDuZ","HVME","Goosebumps","Columbia/B1 Recordings",21,30,12,"947664"
27,"spotify:track:4D0GT8zWuA7Z2em6dpajAn","Central Cee","Loading","Central Cee",21,29,19,"934900"
28,"spotify:track:6Im9k8u9iIzKMrmV7BWtlF","Ariana Grande","34+35","Republic Records",6,27,18,"930244"
29,"spotify:track:70dadmYOwUCwEGHgEVV3NV","Digga D","Bluuwuu","CGM Records",29,-1,1,"912423"
30,"spotify:track:76Tuo484SLohJakHLnGI3B","Little Mix","Sweet Melody","RCA Records Label",7,31,19,"892843"
31,"spotify:track:31gzwBma4iEppvk8um5ZGx","Fredo, Dave","Money Talks (feat. Dave)","Neighbourhood",2,23,5,"885628"
32,"spotify:track:31qCy5ZaophVA81wtlwLc4","Justin Bieber","Anyone","RBMG/Def Jam",6,28,9,"869291"
33,"spotify:track:0siYMEsGrzzzlWLXK5zJfS","Joel Corry, RAYE, David Guetta","BED","Perfect Havoc / Asylum Records",33,-1,1,"853315"
34,"spotify:track:7qEHsqek33rTcFNT9PFqLf","Lewis Capaldi","Someone You Loved","Vertigo Berlin",1,33,114,"842829"
35,"spotify:track:3VT8hOC5vuDXBsHrR53WFh","Masked Wolf","Astronaut In The Ocean","Elektra (NEK)",35,48,4,"815594"
36,"spotify:track:003vvx7Niy0yvhvHt4a68B","The Killers","Mr. Brightside","Island Records",36,36,219,"800246"
37,"spotify:track:35mvY5S1H3J2QZyna3TFe0","Ariana Grande","positions","Republic Records",1,32,19,"795166"
38,"spotify:track:6LW3Z1GqbL78TIjfDyg4zp","Wilkinson, Becky Hill","Afterglow","EMI",38,123,5,"781545"
39,"spotify:track:7ytR5pFWmSjzHJIeQkgog4","DaBaby, Roddy Ricch","ROCKSTAR (feat. Roddy Ricch)","South Coast Music Group/Interscope Records",1,41,46,"777378"
40,"spotify:track:44xO8889yUQHn70P73NILS","Navos","Believe Me","Universal-Island Records Ltd.",40,58,4,"754331"
41,"spotify:track:2Oycxb8QbPkpHTo8ZrmG0B","Miley Cyrus, Dua Lipa","Prisoner (feat. Dua Lipa)","RCA Records Label",13,35,15,"739951"
42,"spotify:track:45bE4HXI0AwGZXfZtMp8JR","Tate McRae","you broke me first","RCA Records Label",8,34,33,"737329"
43,"spotify:track:6UelLqGlWMcVH1E5c4H7lY","Harry Styles","Watermelon Sugar","Columbia",4,39,68,"707320"
44,"spotify:track:4Oun2ylbjFKMPTiaSbbCih","Cardi B, Megan Thee Stallion","WAP (feat. Megan Thee Stallion)","Atlantic/KSR",1,38,30,"700243"
45,"spotify:track:1diS6nkxMQc3wwC4G1j0bh","Dua Lipa","We're Good","Warner Records",37,40,3,"699106"
46,"spotify:track:0zLCBJZSiELJf02ucPP9wb","SAINt JHN, Imanbek","Roses - Imanbek Remix","Craft Recordings",2,46,62,"681855"
47,"spotify:track:7EZA4wXtnlZBiJQibMvtyA","Digga D","Toxic","CGM Records",47,61,2,"672031"
48,"spotify:track:1J14CdDAvBTE1AJYUOwl6C","Duncan Laurence","Arcade","Universal Music, a division of Universal International Music BV",48,59,5,"670935"
49,"spotify:track:0E4Y1XIbs8GrAT1YqVy6dq","Ed Sheeran","Afterglow","Atlantic Records UK",9,37,11,"653986"
50,"spotify:track:285pBltuF7vW8TeWk8hdRR","Juice WRLD","Lucid Dreams","Juice WRLD Mixtape / ISR P&D",6,42,146,"636332"
51,"spotify:track:0osdzA0D159EUmBcrwMcB4","Wes Nelson, Hardy Caprio","See Nobody","EMI",6,44,24,"631609"
52,"spotify:track:3FxPbp05KjMBa4HbhAJTH0","ElyOtto","SugarCrash!","Otto Dynamite/RCA Records",52,95,2,"627483"
53,"spotify:track:6tDDoYIxWvMLTdKpjFkc1B","Kali Uchis","telepatía","EMI / Interscope",53,116,2,"623409"
54,"spotify:track:1KixkQVDUHggZMU9dUobgm","Ava Max","My Head & My Heart","Atlantic Records",54,69,3,"618417"
55,"spotify:track:48q0vSHcJdhK3IiXH8C5WJ","Arctic Monkeys","Why'd You Only Call Me When You're High?","Domino Recording Co",38,47,20,"611388"
56,"spotify:track:45S5WTQEGOB1VHr1Q4FuPl","Harry Styles","Golden","Columbia",29,45,22,"610881"
57,"spotify:track:2U5WueTLIK5WJLD7mvDODv","Juice WRLD","Wishing Well","Grade A Productions/Interscope Records",11,43,34,"607466"
58,"spotify:track:2QjOHCTQ1Jl3zawyYOpxh6","The Neighbourhood","Sweater Weather","Columbia",39,51,23,"594782"
59,"spotify:track:54bFM56PmE4YLRnqpW6Tha","Billie Eilish","Therefore I Am","Darkroom/Interscope Records",1,49,16,"592623"
60,"spotify:track:3z4CGd63tpUn9a6oQSG0CI","Dave, Burna Boy","Location (feat. Burna Boy)","Neighbourhood",9,62,104,"590701"
61,"spotify:track:17bGtGqqaXOgVnhnfx5NlE","Paul Woolford, Diplo, Kareen Lomax","Looking For Me","Higher Ground",6,60,33,"586996"
62,"spotify:track:0ofHAoxe9vBkTCp2UQIavz","Fleetwood Mac","Dreams - 2004 Remaster","Rhino/Warner Records",17,53,46,"574383"
63,"spotify:track:3rq5w4bQGigXOfdN30ATJt","Arctic Monkeys","Do I Wanna Know?","Domino Recording Co",52,52,155,"572137"
64,"spotify:track:0RiRZpuVRbi7oqRdSMwhQY","Post Malone, Swae Lee","Sunflower - Spider-Man: Into the Spider-Verse","Republic Records",3,76,124,"569788"
65,"spotify:track:5lWUeSYO61UYgNlFlqcwYl","Nathan Dawe, KSI","Lighter (feat. KSI)","Atlantic Records UK",4,72,32,"567594"
66,"spotify:track:2gMXnyrvIjhVBUZwvLZDMP","Lewis Capaldi","Before You Go","Vertigo Berlin",1,63,68,"562844"
67,"spotify:track:4vLBnQtece15fFhqWxZvJP","Wilbur Soot","Your New Boyfriend","Wilbur Soot",50,68,12,"555357"
68,"spotify:track:2etHQJxIbV0soyPhelVs9Y","Saweetie, Doja Cat","Best Friend (feat. Doja Cat)","ICY/Warner Records",65,65,8,"554780"
69,"spotify:track:50v2TSRV31bwpAPkjWejNL","KSI, Digital Farm Animals, Craig David","Really Love (feat. Craig David & Digital Farm Animals)","BMG Rights Management (US) LLC",6,57,19,"553123"
70,"spotify:track:6Hj9jySrnFppAI0sEMCZpJ","Juice WRLD","Robbery","Grade A Productions/Interscope Records",31,56,80,"552301"
71,"spotify:track:5rZlwNFl01HqLWBQGryKSm","Pop Smoke, Lil Tjay","Mood Swings (feat. Lil Tjay)","Victor Victor Worldwide",6,54,35,"551833"
72,"spotify:track:2f0pn9DkEJwAzXApnFh5cr","BANNERS","Someone To You","Island Records",60,66,33,"549191"
73,"spotify:track:5uEYRdEIh9Bo4fpjDd4Na9","Travis Scott, HVME","Goosebumps - Remix","Cactus Jack/Epic",73,77,6,"545795"
74,"spotify:track:0PvFJmanyNQMseIFrU708S","Pop Smoke, Lil Baby, DaBaby","For The Night (feat. Lil Baby & DaBaby)","Victor Victor Worldwide",10,55,35,"541450"
75,"spotify:track:5qqabIl2vWzo9ApSC317sa","Oasis","Wonderwall - Remastered","Big Brother Recordings Ltd",61,79,214,"538165"
76,"spotify:track:1rgnBhdG2JDFTbYkYRZAku","Tones And I","Dance Monkey","Elektra (NEK)",1,70,83,"533618"
77,"spotify:track:7yq4Qj7cqayVTp3FF9CWbm","Vance Joy","Riptide","Atlantic Records",68,82,172,"533508"
78,"spotify:track:1VLtjHwRWOVJiE5Py7JxoQ","Polo G","Martin & Gina","Columbia",62,74,26,"518205"
79,"spotify:track:55Am8neGJkdj2ADaM3aw5H","James Arthur","Train Wreck","Columbia",27,71,24,"514591"
80,"spotify:track:2Rr1INov0ckj7bLTsk9LV1","Nathan Dawe, Little Mix","No Time For Tears","Atlantic Records UK",50,73,14,"513285"
81,"spotify:track:03snIuKJr5u7zpyp9zpQMU","Headie One, AJ Tracey, Stormzy","Ain't It Different (feat. AJ Tracey & Stormzy)","Relentless Records",2,81,28,"508932"
82,"spotify:track:3PfIrDoz19wz7qK7tYeu62","Dua Lipa","Don't Start Now","Warner Records",2,80,70,"508249"
83,"spotify:track:4VXIryQMWpIdGgYR4TrjT1","Juice WRLD","All Girls Are The Same","Juice WRLD Mixtape / ISR P&D",53,75,67,"505557"
84,"spotify:track:59qrUpoplZxbIZxk6X0Bm3","Jason Derulo","Take You Dancing","Atlantic Records",15,84,32,"492400"
85,"spotify:track:1u1QQ0WaMCFnWdNE4V61v6","Digga D","Chingy (It’s Whatever)","CGM Records",27,-1,18,"489275"
86,"spotify:track:2kS6td1yvmpNgZTt1q5pQq","Mother Mother","Hayloft","Last Gang",70,96,10,"488385"
87,"spotify:track:2SAqBLGA283SUiwJ3xOUVI","Drake, Lil Durk","Laugh Now Cry Later (feat. Lil Durk)","OVO",3,78,29,"481309"
88,"spotify:track:0DmAvNCAK08oCi7miSZUIY","Sigala, James Arthur","Lasting Lover","Ministry of Sound Recordings",28,92,26,"478078"
89,"spotify:track:17vGPZ5EsdvtgAOCD4FLWI","Pop Smoke","AP - Music from the film Boogie","Victor Victor Worldwide / Republic Records",89,-1,1,"477306"
90,"spotify:track:3dYD57lRAUcMHufyqn9GcI","Hozier","Take Me to Church","Columbia",84,87,34,"476050"
91,"spotify:track:7ju97lgwC2rKQ6wwsf9no9","Lady Gaga, Ariana Grande","Rain On Me (with Ariana Grande)","Interscope",2,90,41,"471601"
92,"spotify:track:6Sb6bDbhCuAi27HE9koUXp","Digga D","Woi","CGM Records",29,-1,33,"466700"
93,"spotify:track:3Fzlg5r1IjhLk2qRw667od","Toploader","Dancing in the Moonlight","Sony Soho Square",87,98,108,"464240"
94,"spotify:track:1ZMiCix7XSAbfAJlEZWMCp","Harry Styles","Falling","Columbia",27,88,64,"463197"
95,"spotify:track:0RLLvYBopDwooCyvnTwgYu","Lil Tjay","F.N","Columbia",75,89,76,"462245"
96,"spotify:track:79s5XnCN4TJKTVMSmOx8Ep","Pop Smoke","Dior","Victor Victor Worldwide/Republic Records",25,85,55,"461692"
97,"spotify:track:4Of7rzpRpV1mWRbhp5rAqG","Lewis Capaldi","Bruises","Vertigo Berlin",9,101,109,"460340"
98,"spotify:track:3Uo7WG0vmLQ07WB4BDwy7D","Taylor Swift","willow","Taylor Swift",11,67,12,"457965"
99,"spotify:track:21jGcNKet2qwijlDFuPiPb","Post Malone","Circles","Republic Records",2,129,78,"457504"
100,"spotify:track:7G5VNGDnHt414PyL8rosns","D-Block Europe, Aitch","UFO","D-Block Europe",12,99,22,"456888"
101,"spotify:track:3UjtIALeg72qmJiKPWBvM3","Two Door Cinema Club","What You Know","Glassnote Entertainment Group LLC",69,186,59,"456375"
102,"spotify:track:5uCax9HTNlzGybIStD3vDh","James Arthur","Say You Won't Let Go","Columbia",5,94,206,"454184"
103,"spotify:track:22LAwLoDA5b4AaGSkg6bKW","Lil Mosey","Blueberry Faygo","Mogul Vision/Interscope Records",4,97,56,"452132"
104,"spotify:track:7CH8J4ulT49UfZwSDSkSZA","Jax Jones, Au/Ra","i miss u (with Au/Ra)","Polydor Records",69,108,21,"443278"
105,"spotify:track:2VxeLyX666F8uXCJ0dZF8B","Lady Gaga, Bradley Cooper","Shallow","A Star is Born OST",3,103,125,"439402"
106,"spotify:track:1xQ6trAsedVPCdbtDAmk0c","Jawsh 685, Jason Derulo","Savage Love (Laxed - Siren Beat)","Columbia",2,104,38,"437540"
107,"spotify:track:3AJwUDP919kvQ9QcozQPxg","Coldplay","Yellow","Parlophone UK",85,100,18,"436994"
108,"spotify:track:31c1V9xUONZYk78NE4Id8D","Ryn Weaver","Pierre","Benny Blanco Major",83,86,8,"436788"
109,"spotify:track:3jjujdWJ72nww5eGnfs2E7","Harry Styles","Adore You","Columbia",8,106,65,"434472"
110,"spotify:track:0goOUCNL6MYrqSVvGhvsxw","Fumez The Engineer, A92, Offica","A92 x Fumez The Engineer - Plugged In Freestyle","Fumez The Engineer",53,105,18,"433575"
111,"spotify:track:6FE2iI43OZnszFLuLtvvmg","MKTO","Classic","Columbia/M2V",111,115,18,"433213"
112,"spotify:track:7b4ky1LlQLFhXHmhZkFgqV","AJ Tracey","Ladbroke Grove","AJ Tracey",2,155,107,"431593"
113,"spotify:track:25JRyuLsCus2fzuemAeVMS","Digga D, M1llionz","No Chorus","CGM Records",113,-1,1,"431336"
114,"spotify:track:7eJMfftS33KTjuF7lTsMCx","Powfu, beabadoobee","death bed (coffee for your head)","Columbia",5,110,55,"430638"
115,"spotify:track:2ZEq4HT450Ye9IFGPTl9qV","Joel Corry","Lonely","Atlantic Records UK",8,137,57,"429537"
116,"spotify:track:2Fxmhks0bxGSBdJ92vM42m","Billie Eilish","bad guy","Darkroom/Interscope Records",1,145,99,"427689"
117,"spotify:track:33EGYJLLwz56YIP5Ex9VKs","AJ Tracey, Mabel","West Ten (with Mabel)","Revenge Records",7,131,35,"426295"
118,"spotify:track:2tUBqZG2AbRi7Q0BIrVrEj","Whitney Houston","I Wanna Dance with Somebody (Who Loves Me)","Arista/Legacy",99,114,99,"425259"
119,"spotify:track:7tCOBSryRDEQXSUTNFLBBS","Abra Cadabra","Mixed Emotions","Abra Cadabra",83,83,3,"423139"
120,"spotify:track:5E30LdtzQTGqRvNd7l6kG5","The Neighbourhood","Daddy Issues","Columbia",83,112,22,"420844"
121,"spotify:track:6gBFPUFcJLzWGx4lenP6h2","Travis Scott","goosebumps","Cactus Jack / Epic",10,117,99,"420776"
122,"spotify:track:4xqrdfXkTW4T0RauPLv3WA","Conan Gray","Heather","Republic Records",22,111,32,"412488"
123,"spotify:track:4CH0dVylkeBPydRM7AaG8g","Ella Henderson, Tom Grennan","Let’s Go Home Together","Atlantic Records UK",123,-1,1,"411361"
124,"spotify:track:3CeCwYWvdfXbZLXFhBrbnf","Taylor Swift","Love Story (Taylor’s Version)","Taylor Swift",9,50,3,"410718"
125,"spotify:track:3H7ihDc1dqLriiWXwsc2po","Topic, A7S","Breaking Me","Virgin",4,119,48,"410572"
126,"spotify:track:2gqWRRCXnma9L8xQ1RdemQ","The Kid LAROI","SO DONE","Columbia",36,109,19,"410084"
127,"spotify:track:0UvCh63URrLFcPkKt99hHd","Oasis","Don't Look Back In Anger - Remastered","Big Brother Recordings Ltd",44,125,167,"409592"
128,"spotify:track:5e9TFTbltYBg2xThimr0rU","Fleetwood Mac","The Chain - 2004 Remaster","Rhino/Warner Records",74,134,75,"404344"
129,"spotify:track:2Y0wPrPQBrGhoLn14xRYCG","Juice WRLD, Marshmello","Come & Go (with Marshmello)","Grade A Productions/Interscope Records",3,124,34,"404120"
130,"spotify:track:6zFMeegAMYQo0mt8rXtrli","Lil Nas X","HOLIDAY","Columbia",19,93,16,"401683"
131,"spotify:track:5DXKtoZLm31msT7tNGNHLG","Stormzy","Vossi Bop","Atlantic Records UK",1,-1,88,"400457"
132,"spotify:track:0u2P5u6lvoDfwTYjAADbn4","Billie Eilish, Khalid","lovely (with Khalid)","Darkroom",54,150,147,"400365"
133,"spotify:track:7FIWs0pqAYbP91WWM0vlTQ","Eminem, Juice WRLD","Godzilla (feat. Juice WRLD)","Shady/Aftermath/Interscope Records",2,122,59,"399973"
134,"spotify:track:58ge6dfP91o9oXMzq3XkIS","Arctic Monkeys","505","Domino/Warner Records",99,127,24,"397052"
135,"spotify:track:35RJhm1pEovTBwnNR0zWad","DJ Khaled, Drake","GREECE (feat. Drake)","OVO/We The Best/Epic",9,130,33,"396762"
136,"spotify:track:7jtQIBanIiJOMS6RyCx6jZ","Tom Odell","Another Love","ITNO/Columbia",136,140,4,"395645"
137,"spotify:track:07GvNcU1WdyZJq3XxP0kZa","Fleetwood Mac","Go Your Own Way - 2004 Remaster","Rhino/Warner Records",88,144,70,"394455"
138,"spotify:track:5GkQIP5mWPi4KZLLXeuFTT","Ariana Grande, Doja Cat","motive (with Doja Cat)","Republic Records",12,113,7,"394388"
139,"spotify:track:6K4t31amVTZDgR3sKmwUJJ","Tame Impala","The Less I Know The Better","Universal Music Australia Pty. Ltd.",116,146,64,"393804"
140,"spotify:track:0nbXyq5TXYPCO7pr3N8S4I","Roddy Ricch","The Box","Atlantic Records",1,126,64,"393409"
141,"spotify:track:3SawmGBjjq8EOYZJV11cJm","Post Malone","Only Wanna Be With You - Pokémon 25 Version","Republic Records",141,-1,1,"392987"
142,"spotify:track:4slSrbTK1sNK4I1mDYEthf","S1mba, DTG","Rover (feat. DTG)","Parlophone UK",4,152,49,"392863"
143,"spotify:track:3FAJ6O0NOHQV8Mc5Ri6ENp","Giveon","Heartbreak Anniversary","Epic/Not So Fast",143,195,2,"392459"
144,"spotify:track:7m9OqQk4RVRkw9JJdeAw96","XXXTENTACION","Jocelyn Flores","Bad Vibes Forever / EMPIRE",12,128,153,"392441"
145,"spotify:track:65vHYhe2AprpDBHBTpOBaE","Fredo, Pop Smoke, Young Adz","Burner on Deck (feat. Pop Smoke & Young Adz)","Since 93",11,102,5,"392318"
146,"spotify:track:6N1EjQjnvhOjFrF6oUmGPa","Bryan Adams","Summer Of '69","A&M",132,162,42,"390920"
147,"spotify:track:5u1n1kITHCxxp8twBcZxWy","Justin Bieber, Chance the Rapper","Holy (feat. Chance The Rapper)","RBMG/Def Jam",11,107,24,"389366"
148,"spotify:track:1IIKrJVP1C9N7iPtG6eOsK","Chris Brown, Young Thug","Go Crazy","Chris Brown Entertainment/300 Entertainment/RCA Records",13,132,43,"389332"
149,"spotify:track:78q4ESvMkPVJzHAV11LAGE","Tom Grennan","Little Bit of Love","Insanity Records",149,-1,1,"388935"
150,"spotify:track:254bXAqt3zP6P50BdQvEsq","Fleetwood Mac","Everywhere - 2017 Remaster","Rhino/Warner Records",86,149,121,"388909"
151,"spotify:track:0pqnGHJpmpxLKifKRmU6WP","Imagine Dragons","Believer","Kid Ina Korner / Interscope",37,141,184,"388709"
152,"spotify:track:0nrRP2bk19rLc0orkWPQk2","Avicii","Wake Me Up","Universal Music AB",16,172,46,"386320"
153,"spotify:track:7fBv7CLKzipRk6EC6TWHOB","The Weeknd","The Hills","Universal Republic Records",79,118,5,"385954"
154,"spotify:track:3bidbhpOYeV4knp8AIu8Xn","Macklemore & Ryan Lewis, Macklemore, Ryan Lewis, Ray Dalton","Can't Hold Us (feat. Ray Dalton)","Macklemore",98,175,91,"383632"
155,"spotify:track:1f3yAtsJtY87CTmM8RLnxf","Nirvana","Smells Like Teen Spirit","Geffen",112,133,11,"383593"
156,"spotify:track:4saklk6nie3yiGePpBwUoc","BTS","Dynamite","BIGHIT MUSIC",21,139,28,"382207"
157,"spotify:track:4QPEwDdOMhY7rNS05mTyMR","Stormzy, Burna Boy, Ed Sheeran","Own It (feat. Ed Sheeran & Burna Boy)","Atlantic Records UK",1,176,67,"381920"
158,"spotify:track:1H7KnK26kc1YyellpbINEn","Pop Smoke, 50 Cent, Roddy Ricch","The Woo (feat. 50 Cent & Roddy Ricch)","Victor Victor Worldwide",9,135,35,"380695"
159,"spotify:track:4i2qxFEVVUi8yOYoxB8TCX","Miley Cyrus","Midnight Sky","RCA Records Label",14,136,29,"380063"
160,"spotify:track:4bHsxqR3GMrXTxEPLuK5ue","Journey","Don't Stop Believin' (2022 Remaster)","Columbia/Legacy",133,151,94,"379226"
161,"spotify:track:5y0ekFHNfFbjKhZlguSzdf","AJ Tracey, MoStack","Dinner Guest (feat. MoStack)","Revenge Records",7,183,44,"378898"
162,"spotify:track:7BHPGtpuuWWsvE7cCaMuEU","The Kooks","Naive","Virgin Records",68,173,172,"378819"
163,"spotify:track:1XGmzt0PVuFgQYYnV2It7A","Maroon 5, Wiz Khalifa","Payphone","Interscope Records*",163,178,3,"377628"
164,"spotify:track:43CHdbHYdcbUWP10UFKyZ7","Dermot Kennedy","Giants","Riggins Recording Limited",23,154,36,"376037"
165,"spotify:track:1HbA4N1MiOsPthALesGFR1","Shawn Mendes, Justin Bieber","Monster (Shawn Mendes & Justin Bieber)","Shawn Mendes LP4-5 PS/ Island",21,120,15,"375651"
166,"spotify:track:7E2C5rBLpCKwQlhJPVFBRS","Yung Bleu, Drake","You're Mines Still (feat. Drake)","Moon Boy University / EMPIRE",120,143,10,"375570"
167,"spotify:track:1qDrWA6lyx8cLECdZE7TV7","Gotye, Kimbra","Somebody That I Used To Know","Samples & Seconds / Republic",167,191,2,"374820"
168,"spotify:track:4u7EnebtmKWzUH433cf5Qv","Queen","Bohemian Rhapsody - Remastered 2011","Hollywood Records",30,156,95,"374647"
169,"spotify:track:1kXHqvq1R8dkx1Mm52nH9g","Rudimental, MORGAN, Digga D, TIKE","Be the One (feat. MORGAN, Digga D & TIKE)","Atlantic Records UK",149,185,9,"370781"
170,"spotify:track:0ntQJM78wzOLVeCUAW7Y45","Kings of Leon","Sex on Fire","RCA/Legacy",170,180,6,"370767"
171,"spotify:track:6DgMffCX9ftTdDEZgZLVSd","Central Cee","Day in the Life","Central Cee",171,192,2,"370523"
172,"spotify:track:2RlgNHKcydI9sayD2Df2xp","Electric Light Orchestra","Mr. Blue Sky","Epic/Legacy",101,184,72,"369474"
173,"spotify:track:62vpWI1CHwFy7tMIcSStl8","J. Cole","No Role Modelz","Roc Nation Records LLC",153,159,14,"369456"
174,"spotify:track:7qiZfU4dY1lWllzX7mPBI3","Ed Sheeran","Shape of You","Atlantic Records UK",1,160,175,"369213"
175,"spotify:track:5NORWMFC27ywGSZxi8uquP","The Lumineers","Ophelia","Dualtone Music Group",145,181,12,"368919"
176,"spotify:track:1jDJFeK9x3OZboIAHsY9k2","Elton John","I'm Still Standing","EMI",171,171,6,"368362"
177,"spotify:track:5T8EDUDqKcs6OSOwEsfqG7","Queen","Don't Stop Me Now - Remastered 2011","Hollywood Records",73,168,94,"367997"
178,"spotify:track:2gam98EZKrF9XuOkU13ApN","Nelly Furtado, Timbaland","Promiscuous","Mosley / Geffen",93,165,18,"366980"
179,"spotify:track:3gbBpTdY8lnQwqxNCcf795","Bastille","Pompeii","Virgin Records Ltd",90,188,56,"366863"
180,"spotify:track:2jyjhRf6DVbMPU5zxagN2h","Passenger","Let Her Go","Nettwerk Music Group",147,163,47,"366426"
181,"spotify:track:2WfaOiMkCvy7F5fcp2zZ8L","a-ha","Take on Me","Rhino",170,170,4,"365582"
182,"spotify:track:3B0WbRucJ6ZIla2G9IVt2E","Tion Wayne, dutchavelli, Stormzy","I Dunno (feat. Dutchavelli & Stormzy)","Atlantic Records UK",8,161,40,"365390"
183,"spotify:track:5qrSlOut2rNAWv3ubArkNy","Dean Lewis","Be Alright","Universal Music Australia Pty. Ltd.",14,158,108,"364874"
184,"spotify:track:1gihuPhrLraKYrJMAEONyc","Calvin Harris","Feel So Close - Radio Edit","Columbia",184,-1,1,"364732"
185,"spotify:track:2zzLRQ78kKfPTx8FJQCdC2","Arctic Monkeys","When The Sun Goes Down","Domino Recording Co",150,174,20,"364024"
186,"spotify:track:3U4isOIWM3VvDubwSI3y7a","John Legend","All of Me","G.O.O.D. Music/Columbia",94,157,21,"362975"
187,"spotify:track:4ofwffwvvnbSkrMSCKQDaC","George Ezra","Shotgun","Columbia",1,194,145,"362523"
188,"spotify:track:3DTqHfTGj1c6y2gDXsTez4","RAYE, Rudimental","Regardless","Polydor Records",153,153,6,"362470"
189,"spotify:track:3ee8Jmje8o58CHK66QrVC2","XXXTENTACION","SAD!","Bad Vibes Forever, LLC",5,167,141,"362043"
190,"spotify:track:0XDlwVNtd6wvp3PGGsghqf","Fredo, Summer Walker","Ready (feat. Summer Walker)","Since 93",24,148,5,"361964"
191,"spotify:track:1K5KBOgreBi5fkEHvg5ap3","Future, Drake","Life Is Good (feat. Drake)","Epic/Freebandz",3,169,59,"360141"
192,"spotify:track:5erCwioOcRwP59NJUAtEK3","D-Block Europe, RAYE","Ferrari Horses","D-Block Europe",192,-1,1,"359678"
193,"spotify:track:7h2ozcUpSL7ulXjRPPQcDy","Aitch, AJ Tracey, Tay Keith","Rain","NQ Records",2,196,50,"359369"
194,"spotify:track:2r6OAV3WsYtXuXjvJ1lIDi","Pop Smoke, A Boogie Wit da Hoodie","Hello (feat. A Boogie Wit da Hoodie)","Victor Victor Worldwide",105,166,19,"359006"
195,"spotify:track:6t8XoDG0YGFGBqUsgj9Ih9","Tom Zanetti","Didn't Know","SiC Records Limited",195,199,2,"358866"
196,"spotify:track:60iSKGrGazRzICtMjADNSM","Lewis Capaldi","Hold Me While You Wait","Vertigo Berlin",4,189,92,"358848"
197,"spotify:track:5aYWnrsYvJk8NT7PmUcxVN","Nathan Dawe, Jaykae, Malika","Flowers (feat. Jaykae and MALIKA)","Atlantic Records UK",14,-1,48,"357788"
198,"spotify:track:5xoUgPXbMNUmoHU0Enwtwq","The Kooks","She Moves In Her Own Way","Virgin Records",107,-1,91,"357760"
199,"spotify:track:7e8utCy2JlSB8dRHKi49xM","Arctic Monkeys","Fluorescent Adolescent","Domino/Warner Records",82,182,108,"356704"
200,"spotify:track:11bD1JtSjlIgKgZG2134DZ","Snow Patrol","Chasing Cars","Polydor Records",125,179,70,"356312"
