﻿rank,uri,artist_names,track_name,source,peak_rank,previous_rank,weeks_on_chart,streams
1,"spotify:track:4ZtFanR9U6ndgddUvNcjcG","Olivia Rodrigo","good 4 u","Olivia Rodrigo PS",1,1,3,"7260082"
2,"spotify:track:6uvMKqNlrSvcC4NaKnrwjZ","Tion Wayne, Russ Millions, ArrDee, E1 (3x3), ZT (3x3), Bugzy Malone, Buni, Fivio Foreign, Darkoo","Body (Remix) [feat. ArrDee, E1 (3x3), ZT (3x3), Bugzy Malone, Buni, Fivio Foreign & Darkoo]","Atlantic Records UK",1,2,6,"3193753"
3,"spotify:track:748mdHapucXQri7IAO8yFK","Doja Cat, SZA","Kiss Me More (feat. SZA)","Kemosabe Records/RCA Records",2,4,8,"2829698"
4,"spotify:track:6HU7h9RYOaPRFeh0R3UeAr","Olivia Rodrigo","deja vu","Olivia Rodrigo PS",3,3,9,"2804572"
5,"spotify:track:67BtfxlNbhBmCDR2L2l8qd","Lil Nas X","MONTERO (Call Me By Your Name)","Columbia",1,6,10,"2554613"
6,"spotify:track:5CZ40GBx1sQ9agT82CLQCT","Olivia Rodrigo","traitor","Olivia Rodrigo PS",6,7,2,"2185225"
7,"spotify:track:5wANPM4fQCJwkGd4rN57mH","Olivia Rodrigo","drivers license","Olivia Rodrigo PS",1,5,21,"2128158"
8,"spotify:track:0siYMEsGrzzzlWLXK5zJfS","Joel Corry, RAYE, David Guetta","BED","Perfect Havoc / Asylum Records",4,17,14,"1872826"
9,"spotify:track:5nujrmhLynf4yMoMtj8AQF","Dua Lipa, DaBaby","Levitating (feat. DaBaby)","Warner Records",7,16,35,"1802408"
10,"spotify:track:4iJyoBOLtHqaGxP12qzhQI","Justin Bieber, Daniel Caesar, Giveon","Peaches (feat. Daniel Caesar & Giveon)","RBMG/Def Jam",1,15,11,"1759370"
11,"spotify:track:6SRsiMl7w1USE4mFqrOhHC","Olivia Rodrigo","brutal","Olivia Rodrigo PS",8,8,2,"1757209"
12,"spotify:track:43PGPuHIlVOc04jrZVh9L6","Polo G","RAPSTAR","Columbia",3,12,8,"1728113"
13,"spotify:track:5JCoSi02qi3jJeHdZXMmR8","Olivia Rodrigo","favorite crime","Olivia Rodrigo PS",13,13,2,"1724596"
14,"spotify:track:4cG7HUWYHBV6R6tHn1gxrl","Riton, Nightcrawlers, Mufasa & Hypeman, Dopamine","Friday (feat. Mufasa & Hypeman) - Dopamine Re-Edit","Ministry of Sound Recordings",3,20,19,"1711826"
15,"spotify:track:2tGvwE8GcFKwNdAXMnlbfl","Olivia Rodrigo","happier","Olivia Rodrigo PS",10,10,2,"1430721"
16,"spotify:track:37BZB0z9T8Xu7U3e65qxFy","The Weeknd, Ariana Grande","Save Your Tears (with Ariana Grande) (Remix)","Republic Records",16,37,6,"1405567"
17,"spotify:track:5YaskwnGDZFDRipaqzbwQx","ATB, Topic, A7S","Your Love (9PM)","Virgin",11,28,18,"1385031"
18,"spotify:track:2TOzTqQXNmR2zDJXihjZ2e","Olivia Rodrigo","enough for you","Olivia Rodrigo PS",9,9,2,"1384789"
19,"spotify:track:6f3Slt0GbA2bPZlz0aIFXN","Tiësto","The Business","Atlantic Records",4,29,29,"1325878"
20,"spotify:track:3Iba59sFmGhQ4kbCY5L8AX","Tom Grennan","Little Bit of Love","Insanity Records",12,23,14,"1307445"
21,"spotify:track:5K6Ssv4Z3zRvxt0P6EKUAP","Galantis, David Guetta, Little Mix","Heartbreak Anthem (with David Guetta & Little Mix)","Big Beat Records",21,22,2,"1303592"
22,"spotify:track:0MMyJUC3WNnFS1lit5pTjk","Olivia Rodrigo","jealousy, jealousy","Olivia Rodrigo PS",14,14,2,"1293686"
23,"spotify:track:6cx06DFPPHchuUAcTxznu9","Joel Corry, MNEK","Head & Heart (feat. MNEK)","Atlantic Records UK",1,32,48,"1289153"
24,"spotify:track:02MWAaffLxlfxAUY7c5dvx","Glass Animals","Heat Waves","Polydor Records",12,27,33,"1278856"
25,"spotify:track:4wcBRRpIfesgcyUtis7PEg","Olivia Rodrigo","1 step forward, 3 steps back","Olivia Rodrigo PS",11,11,2,"1274957"
26,"spotify:track:0b18g3G5spr4ZCkz7Y6Q0Q","Majestic, Boney M.","Rasputin","NITRON music",25,31,10,"1257040"
27,"spotify:track:0BGwAKW4u8kWOhWFflZxfl","Masked Wolf","Astronaut In The Ocean","Elektra (NEK)",18,25,17,"1236241"
28,"spotify:track:776AftMmFFAWUIEAb3lHhw","Måneskin","ZITTI E BUONI","RCA Records Label",24,24,2,"1228463"
29,"spotify:track:15OCqNPYoLziEAsbVnqRj5","Mimi Webb","Good Without","Epic",21,21,10,"1223743"
30,"spotify:track:4pt5fDVTg5GhEvEtlz9dKk","Måneskin","I WANNA BE YOUR SLAVE","RCA Records Label",30,96,2,"1200499"
31,"spotify:track:5erCwioOcRwP59NJUAtEK3","D-Block Europe, RAYE","Ferrari Horses","D-Block Europe",11,26,14,"1153653"
32,"spotify:track:3VqeTFIvhxu3DIe4eZVzGq","BTS","Butter","BIGHIT MUSIC",18,18,2,"1121429"
33,"spotify:track:53HqOfi7OfHRXzcWTdGJB3","AJ Tracey","Little More Love","Revenge Records",20,30,7,"1115344"
34,"spotify:track:0VjIjW4GlUZAMYd2vXMi3b","The Weeknd","Blinding Lights","Republic Records",1,36,79,"1104891"
35,"spotify:track:3kNWyHdLVW1x6pn9EnSQ1H","Tom Zanetti","Didn't Know","SiC Records Limited",33,38,15,"1094558"
36,"spotify:track:4CH0dVylkeBPydRM7AaG8g","Ella Henderson, Tom Grennan","Let’s Go Home Together","Atlantic Records UK",24,33,14,"1068887"
37,"spotify:track:1pfZ8IYPDEjvdrllsYBgEC","Stay Flee Get Lizzy, Fredo, Central Cee","Meant To Be (feat. Fredo & Central Cee)","YE Records",37,-1,1,"1036645"
38,"spotify:track:1zejeOnykpCoyVSit6Bwp3","Olivia Rodrigo","hope ur ok","Olivia Rodrigo PS",19,19,2,"1028138"
39,"spotify:track:40JjCZcdzT9ldZk5DhFqdZ","Little Mix, Saweetie","Confetti (feat. Saweetie)","RCA Records Label",39,42,5,"995706"
40,"spotify:track:44xO8889yUQHn70P73NILS","Navos","Believe Me","Universal-Island Records Ltd.",29,56,17,"956380"
41,"spotify:track:1KixkQVDUHggZMU9dUobgm","Ava Max","My Head & My Heart","Atlantic Records",26,43,16,"924849"
42,"spotify:track:003vvx7Niy0yvhvHt4a68B","The Killers","Mr. Brightside","Island Records",36,52,232,"915321"
43,"spotify:track:7pnQ23WgZca9jEfMts9qsR","A1 x J1","Latest Trends","EMI",4,40,17,"898312"
44,"spotify:track:6xw8ld1ztoCKifwTN6uGDq","Griff","Black Hole","Warner Records",44,45,10,"888800"
45,"spotify:track:3J8EOeKLTLXORtWPpOU5bE","Lil Tjay, 6LACK","Calling My Phone","Columbia",1,41,16,"888654"
46,"spotify:track:7BoobGhD4x5K96Me0hqC8Q","Bella Poarch","Build a Bitch","Warner Records",46,49,3,"882563"
47,"spotify:track:7MAibcTli4IisCtbHKrGMh","Bruno Mars, Anderson .Paak, Silk Sonic","Leave The Door Open","Aftermath Entertainment/Atlantic",22,50,13,"863980"
48,"spotify:track:6UelLqGlWMcVH1E5c4H7lY","Harry Styles","Watermelon Sugar","Columbia",4,63,81,"837445"
49,"spotify:track:5QO79kh1waicV47BqGRL3g","The Weeknd","Save Your Tears","Republic Records",7,57,24,"831625"
50,"spotify:track:3CVb6hkMrlF7eHhXi5B3PZ","Russ Millions, Tion Wayne","Body","Atlantic Records UK",9,39,10,"831211"
51,"spotify:track:27OeeYzk6klgBh83TSvGMA","The Kid LAROI","WITHOUT YOU","Columbia",2,46,30,"795436"
52,"spotify:track:0ofHAoxe9vBkTCp2UQIavz","Fleetwood Mac","Dreams - 2004 Remaster","Rhino/Warner Records",17,67,59,"749919"
53,"spotify:track:5zqObw7wjBgL9TDiAymxPn","Anne-Marie, Niall Horan","Our Song","Atlantic Records/Asylum",53,58,2,"743137"
54,"spotify:track:5qNh5WtzMbfpSj2jLlBkoD","Billie Eilish","Your Power","Darkroom/Interscope Records",4,44,5,"742068"
55,"spotify:track:4I5bvu2KDsrCg0EWHIcvul","Anne-Marie, KSI, Digital Farm Animals","Don't Play","Asylum Records",2,68,20,"715280"
56,"spotify:track:5W8jRrZ6tWrTrqnKRtIQBf","J. Cole, Lil Baby","p r i d e . i s . t h e . d e v i l (with Lil Baby)","Dreamville, Inc., Under exclusive license to Roc Nation Records",10,34,3,"706751"
57,"spotify:track:60ynsPSSKe6O3sfwRnIBRf","Doja Cat","Streets","Kemosabe Records/RCA Records",5,55,21,"706082"
58,"spotify:track:2qzW5AK8ldKUOWUETwAkZY","Dave","Titanium","Neighbourhood",9,48,8,"697754"
59,"spotify:track:0UCKUJU94sx8XBQnaNsRkB","Central Cee","Commitment Issues","Central Cee",9,54,16,"692612"
60,"spotify:track:4FEcEwbE2vsqhxbTPtiNTL","Noizu","Summer 91 (Looking Back)","RCA Records Label",60,95,9,"689443"
61,"spotify:track:5Z8Dj3LtbyCMiwE86rhg2f","Fred again.., The Blessed Madonna","Marea (we’ve lost dancing)","Atlantic Records UK",59,80,9,"680420"
62,"spotify:track:1nahzW3kfMuwReTka28tH5","Justin Bieber","Hold On","RBMG/Def Jam",7,64,13,"679092"
63,"spotify:track:7yq4Qj7cqayVTp3FF9CWbm","Vance Joy","Riptide","Atlantic Records",62,79,185,"677315"
64,"spotify:track:0939D7aT18uBDS2MTjWzct","Coldplay","Higher Power","Parlophone UK",30,62,4,"675690"
65,"spotify:track:4YMApzzqCO31TPxPvgdHhh","Nathan Dawe, Anne-Marie, MoStack","Way Too Long","Atlantic Records UK",58,78,8,"675226"
66,"spotify:track:7qEHsqek33rTcFNT9PFqLf","Lewis Capaldi","Someone You Loved","Vertigo Berlin",1,60,127,"665977"
67,"spotify:track:1M4OcYkxAtu3ErzSgDEfoi","Cardi B","Up","Atlantic Records",16,59,17,"661515"
68,"spotify:track:1D3z6HTiQsNmZxjl7F7eoG","J. Cole, 21 Savage, Morray","m y . l i f e (with 21 Savage & Morray)","Dreamville, Inc., Under exclusive license to Roc Nation Records",9,35,3,"660959"
69,"spotify:track:055Mme9ReKK99jRFA5UJ55","Shane Codd","Get Out My Head","Polydor Records",19,90,29,"655875"
70,"spotify:track:4jPy3l0RUwlUI9T5XHBW2m","24kGoldn, iann dior","Mood (feat. iann dior)","Records/Columbia",1,75,42,"649289"
71,"spotify:track:7jtQIBanIiJOMS6RyCx6jZ","Tom Odell","Another Love","ITNO/Columbia",40,51,17,"648759"
72,"spotify:track:1VLtjHwRWOVJiE5Py7JxoQ","Polo G","Martin & Gina","Columbia",45,61,39,"639296"
73,"spotify:track:4cJgjjWMjf4nfLRuSr4hVl","Bad Boy Chiller Crew","Don't You Worry About Me","Relentless Records",73,82,7,"638438"
74,"spotify:track:6ft4hAq6yde8jPZY2i5zLr","MEDUZA, Dermot Kennedy","Paradise (feat. Dermot Kennedy)","Universal-Island Records Ltd.",6,77,31,"629235"
75,"spotify:track:1v1oIWf2Xgh54kIWuKsDf6","AURORA","Runaway","Glassnote Entertainment Group LLC",31,53,10,"626371"
76,"spotify:track:3PfIrDoz19wz7qK7tYeu62","Dua Lipa","Don't Start Now","Warner Records",2,86,83,"622035"
77,"spotify:track:5qqabIl2vWzo9ApSC317sa","Oasis","Wonderwall - Remastered","Big Brother Recordings Ltd",61,92,227,"618756"
78,"spotify:track:1diS6nkxMQc3wwC4G1j0bh","Dua Lipa","We're Good","Warner Records",37,88,16,"610374"
79,"spotify:track:4vzJrkfHbCGaodPA5RY5BV","Central Cee","Loading","Central Cee",20,71,32,"610205"
80,"spotify:track:5gjATWO1EIhrCP1CQ2GWg8","Rag'n'Bone Man, P!nk","Anywhere Away from Here (Rag’n’Bone Man & P!nk)","Best Laid Plans/Columbia",51,65,6,"608673"
81,"spotify:track:3z4CGd63tpUn9a6oQSG0CI","Dave, Burna Boy","Location (feat. Burna Boy)","Neighbourhood",9,84,117,"606071"
82,"spotify:track:1YHjRAptXqPdsdx3g6FNJL","Wes Nelson, Yxng Bane","Nice To Meet Ya (feat. Yxng Bane)","EMI",44,73,9,"598799"
83,"spotify:track:7hxHWCCAIIxFLCzvDgnQHX","Internet Money, Gunna, Don Toliver, NAV","Lemonade (feat. NAV)","Internet Money Records / TenThousand Projects",2,83,42,"591010"
84,"spotify:track:7ytR5pFWmSjzHJIeQkgog4","DaBaby, Roddy Ricch","ROCKSTAR (feat. Roddy Ricch)","South Coast Music Group/Interscope Records",1,93,59,"578911"
85,"spotify:track:3FAJ6O0NOHQV8Mc5Ri6ENp","Giveon","Heartbreak Anniversary","Epic/Not So Fast",34,72,15,"552178"
86,"spotify:track:3N9GvVYWFdMEEzdVVYFEnC","Morrisson, Aitch","House & Garage (feat. Aitch)","RCA/Since 93",86,-1,1,"550452"
87,"spotify:track:1zi7xx7UVEFkmKfv06H8x0","Drake, Wizkid, Kyla","One Dance","Cash Money Records/Young Money Ent./Universal Rec.",15,134,121,"549719"
88,"spotify:track:6LW3Z1GqbL78TIjfDyg4zp","Wilkinson, Becky Hill","Afterglow","EMI",38,139,18,"544653"
89,"spotify:track:5e9TFTbltYBg2xThimr0rU","Fleetwood Mac","The Chain - 2004 Remaster","Rhino/Warner Records",74,102,88,"541547"
90,"spotify:track:5J5CpT6bgE6KYKk23jgp9W","KSI, YUNGBLUD, Polo G","Patience (feat. YUNGBLUD & Polo G)","BMG Rights Management (US) LLC",2,94,12,"540539"
91,"spotify:track:3rq5w4bQGigXOfdN30ATJt","Arctic Monkeys","Do I Wanna Know?","Domino Recording Co",52,89,168,"539639"
92,"spotify:track:1tkg4EHVoqnhR6iFEXb60y","Pop Smoke","What You Know Bout Love","Victor Victor Worldwide",4,87,48,"539137"
93,"spotify:track:2cnKST6T9qUo2i907lm8zX","J. Cole","a m a r i","Dreamville, Inc., Under exclusive license to Roc Nation Records",11,47,3,"537726"
94,"spotify:track:3iw6V4LH7yPj1ESORX9RIN","Nathan Evans, 220 KID","Wellerman - Sea Shanty / 220 KID x Billen Ted Remix","Polydor Records",10,97,19,"536241"
95,"spotify:track:2QjOHCTQ1Jl3zawyYOpxh6","The Neighbourhood","Sweater Weather","Columbia",39,85,36,"535464"
96,"spotify:track:1rgnBhdG2JDFTbYkYRZAku","Tones And I","Dance Monkey","Elektra (NEK)",1,122,96,"531466"
97,"spotify:track:0zLCBJZSiELJf02ucPP9wb","SAINt JHN, Imanbek","Roses - Imanbek Remix","Craft Recordings",2,118,75,"528232"
98,"spotify:track:54zJ1SxDe0CQhWRij7E0no","Becky Hill","Last Time","Polydor Records",84,135,9,"527375"
99,"spotify:track:3YJJjQPAbDT7mGpX3WtQ9A","SZA","Good Days","Top Dawg Entertainment/RCA Records",4,91,23,"526835"
100,"spotify:track:285pBltuF7vW8TeWk8hdRR","Juice WRLD","Lucid Dreams","Juice WRLD Mixtape / ISR P&D",6,105,159,"524512"
101,"spotify:track:3Fzlg5r1IjhLk2qRw667od","Toploader","Dancing in the Moonlight","Sony Soho Square",87,119,121,"521765"
102,"spotify:track:2WJVFqVQ3ivhAoAQWzEzeL","Olly Alexander (Years & Years)","Starstruck","Polydor Records",102,143,6,"518019"
103,"spotify:track:6YUTL4dYpB9xZO5qExPf05","Calvin Harris","Summer","Columbia",103,-1,2,"517303"
104,"spotify:track:35mvY5S1H3J2QZyna3TFe0","Ariana Grande","positions","Republic Records",1,107,32,"515925"
105,"spotify:track:1nOmks3MV11sLNxxY7xelv","Young Adz, D-Block Europe","Daily Duppy","D-Block Europe",105,-1,1,"511407"
106,"spotify:track:5uEYRdEIh9Bo4fpjDd4Na9","Travis Scott, HVME","Goosebumps - Remix","Cactus Jack/Epic",72,123,19,"510593"
107,"spotify:track:34eF4BoV8FPk0uhAAoqU7h","Lil Nas X","SUN GOES DOWN","Columbia",66,66,2,"509158"
108,"spotify:track:2tUBqZG2AbRi7Q0BIrVrEj","Whitney Houston","I Wanna Dance with Somebody (Who Loves Me)","Arista/Legacy",99,150,112,"505433"
109,"spotify:track:0UvCh63URrLFcPkKt99hHd","Oasis","Don't Look Back In Anger - Remastered","Big Brother Recordings Ltd",44,127,180,"504330"
110,"spotify:track:0RiRZpuVRbi7oqRdSMwhQY","Post Malone, Swae Lee","Sunflower - Spider-Man: Into the Spider-Verse","Republic Records",3,121,137,"503789"
111,"spotify:track:7EkWXAI1wn8Ii883ecd9xr","Surf Curse","Freaks","Surf Curse",70,106,5,"502793"
112,"spotify:track:07GvNcU1WdyZJq3XxP0kZa","Fleetwood Mac","Go Your Own Way - 2004 Remaster","Rhino/Warner Records",88,149,83,"501953"
113,"spotify:track:3bidbhpOYeV4knp8AIu8Xn","Macklemore & Ryan Lewis, Macklemore, Ryan Lewis, Ray Dalton","Can't Hold Us (feat. Ray Dalton)","Macklemore",98,171,104,"501732"
114,"spotify:track:0nrRP2bk19rLc0orkWPQk2","Avicii","Wake Me Up","Universal Music AB",16,144,59,"500418"
115,"spotify:track:6N1EjQjnvhOjFrF6oUmGPa","Bryan Adams","Summer Of '69","A&M",115,190,54,"500234"
116,"spotify:track:2RlgNHKcydI9sayD2Df2xp","Electric Light Orchestra","Mr. Blue Sky","Epic/Legacy",101,176,85,"496523"
117,"spotify:track:65OVbaJR5O1RmwOQx0875b","Drake, Lil Baby","Wants and Needs (feat. Lil Baby)","OVO",6,101,13,"495823"
118,"spotify:track:3AJwUDP919kvQ9QcozQPxg","Coldplay","Yellow","Parlophone UK",80,98,31,"490561"
119,"spotify:track:1J14CdDAvBTE1AJYUOwl6C","Duncan Laurence","Arcade","Universal Music, a division of Universal International Music BV",47,81,18,"490290"
120,"spotify:track:1jDJFeK9x3OZboIAHsY9k2","Elton John","I'm Still Standing","EMI",109,137,16,"483470"
121,"spotify:track:1HFfMOxCAT4GAwaPfCdmUs","Mr. Probz, Robin Schulz","Waves - Robin Schulz Radio Edit","Left Lane Recordings",121,-1,5,"481992"
122,"spotify:track:254bXAqt3zP6P50BdQvEsq","Fleetwood Mac","Everywhere - 2017 Remaster","Rhino/Warner Records",86,161,134,"481935"
123,"spotify:track:4oOHB3fuLw3x75x7zkAifk","Bugzy Malone","Ride Out","B-Somebody",123,-1,1,"479674"
124,"spotify:track:48q0vSHcJdhK3IiXH8C5WJ","Arctic Monkeys","Why'd You Only Call Me When You're High?","Domino Recording Co",38,109,33,"478897"
125,"spotify:track:2KYnSFIrSbaKUXWetW7Klt","Paul Woolford, Diplo, Kareen Lomax","Looking For Me","Higher Ground",6,185,46,"476843"
126,"spotify:track:4Oun2ylbjFKMPTiaSbbCih","Cardi B, Megan Thee Stallion","WAP (feat. Megan Thee Stallion)","Atlantic/KSR",1,114,43,"476328"
127,"spotify:track:7BHPGtpuuWWsvE7cCaMuEU","The Kooks","Naive","Virgin Records",68,140,185,"475521"
128,"spotify:track:7ju97lgwC2rKQ6wwsf9no9","Lady Gaga, Ariana Grande","Rain On Me (with Ariana Grande)","Interscope",2,153,54,"469003"
129,"spotify:track:76Tuo484SLohJakHLnGI3B","Little Mix","Sweet Melody","RCA Records Label",7,113,32,"465691"
130,"spotify:track:5lWUeSYO61UYgNlFlqcwYl","Nathan Dawe, KSI","Lighter (feat. KSI)","Atlantic Records UK",4,166,45,"463942"
131,"spotify:track:3nY8AqaMNNHHLYV4380ol0","StarBoi3, Doja Cat","Dick (feat. Doja Cat)","Not specified",91,108,5,"463511"
132,"spotify:track:0ntQJM78wzOLVeCUAW7Y45","Kings of Leon","Sex on Fire","RCA/Legacy",120,120,19,"462823"
133,"spotify:track:4ofwffwvvnbSkrMSCKQDaC","George Ezra","Shotgun","Columbia",1,-1,150,"460576"
134,"spotify:track:6nL0wIy3rcQPqHNAtm61Gh","Fat Joe, DJ Khaled, Amorphous","Sunshine (The Light)","RNG / EMPIRE",134,-1,5,"459221"
135,"spotify:track:6dGnYIeXmHdcikdzNNDMm2","The Beatles","Here Comes The Sun - Remastered 2009","EMI Catalogue",135,-1,13,"457194"
136,"spotify:track:6Im9k8u9iIzKMrmV7BWtlF","Ariana Grande","34+35","Republic Records",6,148,31,"453634"
137,"spotify:track:2gMXnyrvIjhVBUZwvLZDMP","Lewis Capaldi","Before You Go","Vertigo Berlin",1,111,81,"453272"
138,"spotify:track:4bHsxqR3GMrXTxEPLuK5ue","Journey","Don't Stop Believin' (2022 Remaster)","Columbia/Legacy",133,184,107,"451861"
139,"spotify:track:1t9WgS8FN0534tLBRwbaxO","CJ","Whoopty","Warner Records",3,125,33,"451724"
140,"spotify:track:45bE4HXI0AwGZXfZtMp8JR","Tate McRae","you broke me first","RCA Records Label",8,104,46,"449783"
141,"spotify:track:2f0pn9DkEJwAzXApnFh5cr","BANNERS","Someone To You","Island Records",60,128,46,"449381"
142,"spotify:track:45S5WTQEGOB1VHr1Q4FuPl","Harry Styles","Golden","Columbia",29,172,35,"448180"
143,"spotify:track:03snIuKJr5u7zpyp9zpQMU","Headie One, AJ Tracey, Stormzy","Ain't It Different (feat. AJ Tracey & Stormzy)","Relentless Records",2,131,41,"447712"
144,"spotify:track:2BITQ360Knh6qNAOqR7Dyq","Trippie Redd, Playboi Carti","Miss The Rage","Homemade Projects / 10K Projects",35,112,4,"445896"
145,"spotify:track:39LLxExYz6ewLAcYrzQQyP","Dua Lipa","Levitating","Warner Records",44,164,10,"445562"
146,"spotify:track:3yfqSUWxFvZELEM4PmlwIR","Eminem","The Real Slim Shady","Interscope",138,138,11,"444036"
147,"spotify:track:4f2GB5ZC7vOUYPAg69N2Xw","Earth, Wind & Fire","September","Columbia/Legacy",59,-1,93,"443407"
148,"spotify:track:62vpWI1CHwFy7tMIcSStl8","J. Cole","No Role Modelz","Roc Nation Records LLC",95,110,27,"442796"
149,"spotify:track:20McUFi8KCIVdNDLrkTDuZ","HVME","Goosebumps","Columbia/B1 Recordings",21,156,25,"442340"
150,"spotify:track:4RvWPyQ5RL0ao9LPZeSouE","Tears For Fears","Everybody Wants To Rule The World","UMC (Universal Music Catalogue)",150,186,9,"442161"
151,"spotify:track:1f3yAtsJtY87CTmM8RLnxf","Nirvana","Smells Like Teen Spirit","Geffen",112,154,24,"441949"
152,"spotify:track:5xoUgPXbMNUmoHU0Enwtwq","The Kooks","She Moves In Her Own Way","Virgin Records",107,165,104,"441407"
153,"spotify:track:1QL7nSDZCwZMnbisV4KOXt","WILLOW, Travis Barker","t r a n s p a r e n t s o u l feat. Travis Barker","MSFTSMusic / Roc Nation Records, LLC",153,-1,1,"440054"
154,"spotify:track:2U5WueTLIK5WJLD7mvDODv","Juice WRLD","Wishing Well","Grade A Productions/Interscope Records",11,146,47,"438164"
155,"spotify:track:4u7EnebtmKWzUH433cf5Qv","Queen","Bohemian Rhapsody - Remastered 2011","Hollywood Records",30,170,108,"437475"
156,"spotify:track:5T8EDUDqKcs6OSOwEsfqG7","Queen","Don't Stop Me Now - Remastered 2011","Hollywood Records",73,187,106,"435767"
157,"spotify:track:7kQUdVjev73xIuwu7W6YW9","SR","Welcome To Brixton","SR",113,147,10,"433577"
158,"spotify:track:3gdewACMIVMEWVbyb8O9sY","Elton John","Rocket Man (I Think It's Going To Be A Long, Long Time)","EMI",77,173,35,"429354"
159,"spotify:track:3dYD57lRAUcMHufyqn9GcI","Hozier","Take Me to Church","Columbia",84,136,47,"428798"
160,"spotify:track:3ZFTkvIE7kyPt6Nu3PEa7V","Shakira, Wyclef Jean","Hips Don't Lie (feat. Wyclef Jean)","Epic",160,-1,13,"426579"
161,"spotify:track:4kbj5MwxO1bq9wjT5g9HaA","WALK THE MOON","Shut Up and Dance","RCA Records Label",132,-1,37,"426364"
162,"spotify:track:2WfaOiMkCvy7F5fcp2zZ8L","a-ha","Take on Me","Rhino",162,199,9,"425350"
163,"spotify:track:4VXIryQMWpIdGgYR4TrjT1","Juice WRLD","All Girls Are The Same","Juice WRLD Mixtape / ISR P&D",53,182,80,"424555"
164,"spotify:track:11ZulcYY4lowvcQm4oe3VJ","Ashnikko, Princess Nokia","Slumber Party (feat. Princess Nokia)","Parlophone UK",88,115,10,"424481"
165,"spotify:track:7b4ky1LlQLFhXHmhZkFgqV","AJ Tracey","Ladbroke Grove","AJ Tracey",2,-1,119,"423690"
166,"spotify:track:2VxeLyX666F8uXCJ0dZF8B","Lady Gaga, Bradley Cooper","Shallow","A Star is Born OST",3,142,138,"422837"
167,"spotify:track:7qiZfU4dY1lWllzX7mPBI3","Ed Sheeran","Shape of You","Atlantic Records UK",1,-1,184,"422052"
168,"spotify:track:1tLV0GD0WXQ1Z8BKOQscti","Central Cee","6 For 6","Central Cee",14,124,12,"421763"
169,"spotify:track:2fuCquhmrzHpu5xcA1ci9x","Queen, David Bowie","Under Pressure - Remastered 2011","Hollywood Records",88,-1,26,"421003"
170,"spotify:track:2SAqBLGA283SUiwJ3xOUVI","Drake, Lil Durk","Laugh Now Cry Later (feat. Lil Durk)","OVO",3,163,42,"420169"
171,"spotify:track:6fRxMU4LWwyaSSowV441IU","Maroon 5, Megan Thee Stallion","Beautiful Mistakes (feat. Megan Thee Stallion)","Interscope Records*",108,197,8,"420162"
172,"spotify:track:2374M0fQpWi3dLnB54qaLX","TOTO","Africa","Columbia",89,-1,131,"419615"
173,"spotify:track:0pqnGHJpmpxLKifKRmU6WP","Imagine Dragons","Believer","Kid Ina Korner / Interscope",37,189,197,"419335"
174,"spotify:track:7htmRcPbmrY9oenatxz9UL","A1 x J1, Aitch","Latest Trends (feat. Aitch) - Remix","EMI",23,117,12,"419075"
175,"spotify:track:6FE2iI43OZnszFLuLtvvmg","MKTO","Classic","Columbia/M2V",109,179,31,"418926"
176,"spotify:track:2gam98EZKrF9XuOkU13ApN","Nelly Furtado, Timbaland","Promiscuous","Mosley / Geffen",93,169,31,"418678"
177,"spotify:track:5rZlwNFl01HqLWBQGryKSm","Pop Smoke, Lil Tjay","Mood Swings (feat. Lil Tjay)","Victor Victor Worldwide",6,151,48,"418525"
178,"spotify:track:2cc8Sw1OnCuA5bV8nqWqpE","Regard, Troye Sivan, Tate McRae","You","Ministry of Sound Recordings",98,196,7,"417487"
179,"spotify:track:3gbBpTdY8lnQwqxNCcf795","Bastille","Pompeii","Virgin Records Ltd",90,-1,68,"412809"
180,"spotify:track:2Fxmhks0bxGSBdJ92vM42m","Billie Eilish","bad guy","Darkroom/Interscope Records",1,191,112,"412530"
181,"spotify:track:6Hj9jySrnFppAI0sEMCZpJ","Juice WRLD","Robbery","Grade A Productions/Interscope Records",31,157,93,"411133"
182,"spotify:track:2Lhdl74nwwVGOE2Gv35QuK","Gym Class Heroes","Cupid's Chokehold / Breakfast in America","Decaydance/Fueled By Ramen/ATL",46,145,13,"408974"
183,"spotify:track:79s5XnCN4TJKTVMSmOx8Ep","Pop Smoke","Dior","Victor Victor Worldwide/Republic Records",25,168,68,"408644"
184,"spotify:track:20BOju91NaEFK5Py4VJ2pp","Saweetie, Doja Cat","Best Friend (feat. Doja Cat)","ICY/Warner Records",64,141,21,"406958"
185,"spotify:track:3H7ihDc1dqLriiWXwsc2po","Topic, A7S","Breaking Me","Virgin",4,-1,57,"404070"
186,"spotify:track:2ZEq4HT450Ye9IFGPTl9qV","Joel Corry","Lonely","Atlantic Records UK",8,-1,66,"403711"
187,"spotify:track:0PvFJmanyNQMseIFrU708S","Pop Smoke, Lil Baby, DaBaby","For The Night (feat. Lil Baby & DaBaby)","Victor Victor Worldwide",10,175,48,"402322"
188,"spotify:track:2tpWsVSb9UEmDRxAl1zhX1","OneRepublic","Counting Stars","Mosley / Interscope",180,-1,10,"401832"
189,"spotify:track:0d28khcov6AiegSCpG5TuT","Gorillaz","Feel Good Inc.","Parlophone UK",158,198,6,"401471"
190,"spotify:track:5vdp5UmvTsnMEMESIF2Ym7","Queen","Another One Bites The Dust - Remastered 2011","Hollywood Records",62,-1,36,"400015"
191,"spotify:track:0I3q5fE6wg7LIfHGngUTnV","Outkast","Ms. Jackson","Arista/LaFace Records",191,-1,1,"399471"
192,"spotify:track:0IUprcNjE2hDtlvY8rq2W9","Lovejoy","One Day","NVLCTRCRDS Limited",63,99,4,"398076"
193,"spotify:track:1xQ6trAsedVPCdbtDAmk0c","Jawsh 685, Jason Derulo","Savage Love (Laxed - Siren Beat)","Columbia",2,-1,47,"397916"
194,"spotify:track:3UjtIALeg72qmJiKPWBvM3","Two Door Cinema Club","What You Know","Glassnote Entertainment Group LLC",69,-1,70,"397753"
195,"spotify:track:0ct6r3EGTcMLPtrXHDvVjc","Avicii","The Nights","Universal Music AB",38,-1,4,"397370"
196,"spotify:track:7ef4DlsgrMEH11cDZd32M6","Calvin Harris, Dua Lipa","One Kiss (with Dua Lipa)","Sony Music UK",1,-1,99,"397254"
197,"spotify:track:5ChkMS8OtdzJeqyybCc9R5","Michael Jackson","Billie Jean","Epic/Legacy",115,-1,5,"397205"
198,"spotify:track:0DmAvNCAK08oCi7miSZUIY","Sigala, James Arthur","Lasting Lover","Ministry of Sound Recordings",28,193,39,"397181"
199,"spotify:track:1gihuPhrLraKYrJMAEONyc","Calvin Harris","Feel So Close - Radio Edit","Columbia",184,-1,2,"396249"
200,"spotify:track:5uCax9HTNlzGybIStD3vDh","James Arthur","Say You Won't Let Go","Columbia",5,155,219,"394252"
