﻿rank,uri,artist_names,track_name,source,peak_rank,previous_rank,weeks_on_chart,streams
1,"spotify:track:75MNhvTCCKsST3YqqUiU9r","Ed Sheeran","Shivers","Atlantic Records UK",1,2,3,"2888548"
2,"spotify:track:5PjdY0CKGZdEuoNab3yDmX","The Kid LAROI, Justin Bieber","STAY (with Justin Bieber)","Columbia",1,1,12,"2865837"
3,"spotify:track:6PQ88X9TkUIAUIZJHW2upE","Ed Sheeran","Bad Habits","Atlantic Records UK",1,3,14,"2528357"
4,"spotify:track:5Z9KJZvQzH6PFmb8SNkxuk","Lil Nas X, Jack Harlow","INDUSTRY BABY (feat. Jack Harlow)","Columbia",4,4,10,"2307809"
5,"spotify:track:4PYfFHKfjYz6dwAtZhBy1z","Central Cee","Obsessed With You","Central Cee",5,5,3,"2135862"
6,"spotify:track:02MWAaffLxlfxAUY7c5dvx","Glass Animals","Heat Waves","Polydor Records",6,6,50,"2113883"
7,"spotify:track:6zSpb8dQRaw0M1dK8PBwQz","Elton John, Dua Lipa, PNAU","Cold Heart - PNAU Remix","EMI",7,13,7,"1914342"
8,"spotify:track:37Nqx7iavZpotJSDXZWbJ3","Drake, Lil Baby","Girls Want Girls (with Lil Baby)","OVO",1,7,4,"1838316"
9,"spotify:track:4ZtFanR9U6ndgddUvNcjcG","Olivia Rodrigo","good 4 u","Olivia Rodrigo PS",1,8,20,"1816172"
10,"spotify:track:0e8nrvls4Qqv5Rfa2UhqmO","Lil Nas X","THATS WHAT I WANT","Columbia",9,9,2,"1650246"
11,"spotify:track:6Uj1ctrBOjOas8xZXGqKk4","Doja Cat","Woman","Kemosabe Records/RCA Records",11,11,12,"1640080"
12,"spotify:track:40iJIUlhi6renaREYGeIDS","Drake, Travis Scott","Fair Trade (with Travis Scott)","OVO",2,10,4,"1518659"
13,"spotify:track:6Dy1jexKYriXAVG6evyUTJ","Joel Corry, Jax Jones, Charli XCX, Saweetie","OUT OUT (feat. Charli XCX & Saweetie)","Atlantic Records UK",12,12,7,"1507511"
14,"spotify:track:2Xr1dTzJee307rmrkt8c0g","CKay","love nwantiti (ah ah ah)","Chocolate City Music",14,23,3,"1494677"
15,"spotify:track:4RVwu0g32PAqgUiJoXsdF8","Billie Eilish","Happier Than Ever","Darkroom/Interscope Records",4,21,9,"1380318"
16,"spotify:track:6feiJqgHqeSvkGUzf11AYs","Becky Hill, David Guetta","Remember (with David Guetta)","Polydor Records",6,15,15,"1348090"
17,"spotify:track:2zxEc1GCSCxbHIXTfhraRC","Dave, Stormzy","Clash (feat. Stormzy)","Neighbourhood",2,17,12,"1338027"
18,"spotify:track:7zx1i0jGcFwMBurajgKlO7","Jonasu","Black Magic","3Beat",4,18,14,"1331870"
19,"spotify:track:0k1WUmIRnG3xU6fvvDVfRG","Drake, Future, Young Thug","Way 2 Sexy (with Future & Young Thug)","OVO",5,14,4,"1304333"
20,"spotify:track:1SC5rEoYDGUK4NfG82494W","Lil Nas X","MONTERO (Call Me By Your Name)","Columbia",1,16,27,"1220842"
21,"spotify:track:3Vi5XqYrmQgOYBajMWSvCi","Doja Cat","Need to Know","Kemosabe Records/RCA Records",8,19,16,"1192679"
22,"spotify:track:32pPek0KsHsMSSFogNu49f","Digga D, ArrDee","Wasted","EGA Music Group",9,20,7,"1183625"
23,"spotify:track:4XvcHTUfIlWfyJTRG0aqlo","Sleepy Hallow","2055","Winners Circle/RCA Records",21,22,11,"1141709"
24,"spotify:track:2dWNKXTs5z7Iu1g0kYh4Xe","Becky Hill, Topic","My Heart Goes (La Di Da) (feat. Topic)","Polydor Records",24,29,5,"1094173"
25,"spotify:track:07MDkzWARZaLEdKxo6yArG","THE ANXIETY, WILLOW, Tyler Cole","Meet Me At Our Spot","MSFTSMusic / Roc Nation Records, LLC",25,26,5,"1089730"
26,"spotify:track:0RbW8kWozrVSIGb4V13o0o","Kanye West","Hurricane","Rock The World/IDJ/Kanye LP7",5,24,5,"1035978"
27,"spotify:track:3DarAbFujv6eYNliUTyqtz","Doja Cat, SZA","Kiss Me More (feat. SZA)","Kemosabe Records/RCA Records",2,25,25,"985523"
28,"spotify:track:3Wrjm47oTz2sjIgck11l5e","Måneskin","Beggin'","RCA Records Label",4,28,17,"984269"
29,"spotify:track:1olCzMxaeiQKNO64ssWVGr","Rain Radio, DJ Craig Gorman","Talk About","Polydor Records",18,27,13,"949812"
30,"spotify:track:0MWiSBKm8Avs8iDIxcertp","Anne-Marie, Little Mix","Kiss My (Uh Oh)","Atlantic Records/Asylum",21,30,10,"938106"
31,"spotify:track:3FeVmId7tL5YN8B7R3imoM","Coldplay, BTS","My Universe","Parlophone UK",31,-1,1,"911087"
32,"spotify:track:5K6Ssv4Z3zRvxt0P6EKUAP","Galantis, David Guetta, Little Mix","Heartbreak Anthem (with David Guetta & Little Mix)","Big Beat Records",7,32,19,"885421"
33,"spotify:track:5CZ40GBx1sQ9agT82CLQCT","Olivia Rodrigo","traitor","Olivia Rodrigo PS",6,35,19,"871822"
34,"spotify:track:6M3PsepEj5gyJoIi7Xvr7u","The Weeknd","Take My Breath - Single Version","XO / Republic Records",17,39,8,"838038"
35,"spotify:track:3DQRe4gHJOY4ufHBZr2jUF","Tion Wayne, ArrDee","Wid It","Atlantic Records UK",26,33,6,"835106"
36,"spotify:track:003vvx7Niy0yvhvHt4a68B","The Killers","Mr. Brightside","Island Records",35,40,249,"828390"
37,"spotify:track:4pt5fDVTg5GhEvEtlz9dKk","Måneskin","I WANNA BE YOUR SLAVE","RCA Records Label",5,37,19,"805968"
38,"spotify:track:1Ov37jtRQ2YNAe8HzfczkL","Taylor Swift","Wildest Dreams (Taylor's Version)","Taylor Swift",34,34,2,"805271"
39,"spotify:track:0eu4C55hL6x29mmeAjytzC","Oliver Tree","Life Goes On","Atlantic Records",39,59,2,"796071"
40,"spotify:track:14Bcv6siTBPw3TlP84dasC","KSI","Holiday","BMG Rights Management (US) LLC",2,36,15,"783779"
41,"spotify:track:3wA4ronkc8ZcPXUP0fDgYA","Justus Bennetts","Bad Day","Sounds Good",41,44,3,"782373"
42,"spotify:track:2zBDKzqa6sdxeI0fC6OWIC","Tones And I","Fly Away","Elektra (NEK)",20,38,16,"782157"
43,"spotify:track:2HSmyk2qMN8WQjuGhaQgCk","Drake","Champagne Poetry","OVO",4,31,4,"769224"
44,"spotify:track:1uzRV0C8fuXoO3oe5veC5C","Digga D","2k17","EGA Music Group",34,41,3,"747044"
45,"spotify:track:44V6EzbUSYgyfsNiP0FrlA","Ed Sheeran","Visiting Hours","Atlantic Records UK",12,45,6,"739313"
46,"spotify:track:5nujrmhLynf4yMoMtj8AQF","Dua Lipa, DaBaby","Levitating (feat. DaBaby)","Warner Records",7,48,52,"707880"
47,"spotify:track:2prnn41CblB8B4yWACDljP","Shouse, David Guetta","Love Tonight (David Guetta Remix Edit)","Hell Beach",47,51,9,"700737"
48,"spotify:track:0W6I02J9xcqK8MtSeosEXb","Doja Cat","Get Into It (Yuh)","Kemosabe Records/RCA Records",42,42,9,"700275"
49,"spotify:track:0W7brFokN6QtGRNp32RCQP","Arz","Alone With You","Capitol",49,57,7,"698818"
50,"spotify:track:2BcMwX1MPV6ZHP4tUT9uq6","Drake, 21 Savage, Project Pat","Knife Talk (with 21 Savage ft. Project Pat)","OVO",15,50,4,"678032"
51,"spotify:track:1is8gU4RVcN4J8xItxWoOY","Clinton Kane","I GUESS I'M IN LOVE","Columbia",32,46,6,"675891"
52,"spotify:track:5wANPM4fQCJwkGd4rN57mH","Olivia Rodrigo","drivers license","Olivia Rodrigo PS",1,54,38,"665845"
53,"spotify:track:0VjIjW4GlUZAMYd2vXMi3b","The Weeknd","Blinding Lights","Republic Records",1,55,96,"662644"
54,"spotify:track:7IPKXYU2rTMnrLW5IZ7ZI5","Dave","Verdansk","Neighbourhood",5,43,10,"661569"
55,"spotify:track:6cx06DFPPHchuUAcTxznu9","Joel Corry, MNEK","Head & Heart (feat. MNEK)","Atlantic Records UK",1,53,65,"661200"
56,"spotify:track:1A6gT680oQr98VtDkNzys7","Mimi Webb","24/5","Epic",39,47,3,"646538"
57,"spotify:track:4gvrJnKCKIPiacNsWVQwEU","CKay, Dj Yo!, AX'EL","love nwantiti (feat. Dj Yo! & AX'EL) - Remix","WM South Africa",57,114,2,"619845"
58,"spotify:track:0mJBiaODgK0XjOLCN5fItq","Sam Smith","Like I Can","Capitol",52,52,6,"609447"
59,"spotify:track:2lw3naleLuf81Si3tuFVak","Mabel","Let Them Know","Polydor Records",26,56,15,"606038"
60,"spotify:track:1V7bZ9gEIwFQpm8yGxRHNA","David Guetta, MistaJam, John Newman","If You Really Love Me (How Will I Know)","Parlophone UK",60,69,8,"603569"
61,"spotify:track:37y7iDayfwm3WXn5BiAoRk","Steve Lacy","Dark Red","Three Quarter",59,64,8,"580541"
62,"spotify:track:6OTKVgVpVaVjhRLYizPJKA","PinkPantheress","Just for Me","Parlophone UK",29,58,7,"580417"
63,"spotify:track:18vXApRmJSgQ6wG2ll9AOg","Polo G","RAPSTAR","Columbia",3,68,25,"578553"
64,"spotify:track:1dIWPXMX4kRHj6Dt2DStUQ","Blxst, Tyga, Ty Dolla $ign","Chosen (feat. Ty Dolla $ign)","Red Bull Records Inc. / Evgle LLC",53,65,10,"569793"
65,"spotify:track:0siYMEsGrzzzlWLXK5zJfS","Joel Corry, RAYE, David Guetta","BED","Perfect Havoc / Asylum Records",4,67,31,"559778"
66,"spotify:track:6eCmK3GQyFuTNWCJHsaF9d","Clean Bandit, Topic, Wes Nelson","Drive (feat. Wes Nelson)","Atlantic Records UK",66,73,8,"554958"
67,"spotify:track:37BZB0z9T8Xu7U3e65qxFy","The Weeknd, Ariana Grande","Save Your Tears (with Ariana Grande) (Remix)","Republic Records",14,71,23,"553686"
68,"spotify:track:0vR2rIVORmgeKiGIgNT0fV","Calvin Harris, Tom Grennan","By Your Side (feat. Tom Grennan)","Columbia",13,62,17,"550936"
69,"spotify:track:7CIERzyqIwLVKGp00YbHRO","PinkPantheress","Pain","Parlophone UK",33,66,13,"548454"
70,"spotify:track:04sN26COy28wTXYj3dMoiZ","Billie Eilish","Bored","Darkroom",70,184,2,"543691"
71,"spotify:track:7yq4Qj7cqayVTp3FF9CWbm","Vance Joy","Riptide","Atlantic Records",58,74,202,"539412"
72,"spotify:track:6HU7h9RYOaPRFeh0R3UeAr","Olivia Rodrigo","deja vu","Olivia Rodrigo PS",3,72,26,"538401"
73,"spotify:track:0ofHAoxe9vBkTCp2UQIavz","Fleetwood Mac","Dreams - 2004 Remaster","Rhino/Warner Records",17,75,76,"534843"
74,"spotify:track:7qEHsqek33rTcFNT9PFqLf","Lewis Capaldi","Someone You Loved","Vertigo Berlin",1,78,144,"534485"
75,"spotify:track:2qbkYhZy5gNl8HrK2XwddI","Tion Wayne, Russ Millions, ArrDee, E1 (3x3), ZT (3x3), Bugzy Malone, Buni, Fivio Foreign, Darkoo","Body (Remix) [feat. ArrDee, E1 (3x3), ZT (3x3), Bugzy Malone, Buni, Fivio Foreign & Darkoo]","Atlantic Records UK",1,61,23,"532287"
76,"spotify:track:3z4CGd63tpUn9a6oQSG0CI","Dave, Burna Boy","Location (feat. Burna Boy)","Neighbourhood",9,80,134,"513507"
77,"spotify:track:2vCKQ9NNCTXoAF8ltW0Zv9","Dermot Kennedy","Better Days","Riggins Recording",77,88,9,"512329"
78,"spotify:track:2QjOHCTQ1Jl3zawyYOpxh6","The Neighbourhood","Sweater Weather","Columbia",39,92,53,"508361"
79,"spotify:track:73QyyUMMvtNELmULI4FOsp","Sigala, Rita Ora","You for Me","Ministry of Sound Recordings",53,77,13,"507133"
80,"spotify:track:15OCqNPYoLziEAsbVnqRj5","Mimi Webb","Good Without","Epic",16,84,27,"507038"
81,"spotify:track:4cG7HUWYHBV6R6tHn1gxrl","Riton, Nightcrawlers, Mufasa & Hypeman, Dopamine","Friday (feat. Mufasa & Hypeman) - Dopamine Re-Edit","Ministry of Sound Recordings",3,79,36,"506990"
82,"spotify:track:6mSzsSdu0CWIV70jEjWMhI","ArrDee","Oliver Twist","Universal-Island Records Ltd.",8,83,17,"506535"
83,"spotify:track:5FG7Tl93LdH117jEKYl3Cm","Wizkid, Tems","Essence (feat. Tems)","Starboy/RCA Records",61,76,13,"504958"
84,"spotify:track:3Iba59sFmGhQ4kbCY5L8AX","Tom Grennan","Little Bit of Love","Insanity Records",12,90,31,"504413"
85,"spotify:track:5qqabIl2vWzo9ApSC317sa","Oasis","Wonderwall - Remastered","Big Brother Recordings Ltd",61,95,244,"503544"
86,"spotify:track:1058fW9H3fZA6QjYCdOBad","Camila Cabello","Don't Go Yet","Epic",66,93,10,"486593"
87,"spotify:track:0MMyJUC3WNnFS1lit5pTjk","Olivia Rodrigo","jealousy, jealousy","Olivia Rodrigo PS",14,97,19,"482549"
88,"spotify:track:6UelLqGlWMcVH1E5c4H7lY","Harry Styles","Watermelon Sugar","Columbia",4,96,98,"482094"
89,"spotify:track:7EkWXAI1wn8Ii883ecd9xr","Surf Curse","Freaks","Surf Curse",60,91,22,"481988"
90,"spotify:track:1f3yAtsJtY87CTmM8RLnxf","Nirvana","Smells Like Teen Spirit","Geffen",85,113,41,"477800"
91,"spotify:track:5lAnYvAIkSDNXqfo7DyFUm","Doja Cat","Ain't Shit","Kemosabe Records/RCA Records",29,82,14,"477612"
92,"spotify:track:5krhFNgUcYHwXlNPJJYzFM","Ewan McVicar","Tell Me Something Good","Ministry of Sound Recordings",92,123,4,"475572"
93,"spotify:track:0tgVpDi06FyKpA1z0VMD4v","Ed Sheeran","Perfect","Atlantic Records UK",5,139,149,"474805"
94,"spotify:track:3NL1kmzfIGDWGVQLjkJCHc","Canking, Ess2Mad","lemme land?","Since 93",94,-1,1,"474329"
95,"spotify:track:4iJyoBOLtHqaGxP12qzhQI","Justin Bieber, Daniel Caesar, Giveon","Peaches (feat. Daniel Caesar & Giveon)","RBMG/Def Jam",1,101,28,"472604"
96,"spotify:track:4UEHa4NafpdKahqi7XvLiq","Aitch, Avelino, Toddla T","Party Round My Place (feat. Avelino & Toddla T)","Capitol Records UK / EMI",96,-1,1,"468706"
97,"spotify:track:7jtQIBanIiJOMS6RyCx6jZ","Tom Odell","Another Love","ITNO/Columbia",40,109,34,"462040"
98,"spotify:track:4VCbgIdr8ptegWeJpqLVHH","Drake, JAY-Z","Love All (with JAY-Z)","OVO",7,60,4,"460987"
99,"spotify:track:6KgtcmCF9Ky68XC7ezxl3s","Lizzo, Cardi B","Rumors (feat. Cardi B)","Nice Life/Atlantic",28,100,7,"458613"
100,"spotify:track:3AJwUDP919kvQ9QcozQPxg","Coldplay","Yellow","Parlophone UK",80,130,48,"457740"
101,"spotify:track:4qu63nuBpdn0qHUHuObEj1","Marshmello, Jonas Brothers","Leave Before You Love Me (with Jonas Brothers)","Republic Records",53,106,16,"454605"
102,"spotify:track:7qiZfU4dY1lWllzX7mPBI3","Ed Sheeran","Shape of You","Atlantic Records UK",1,135,201,"453806"
103,"spotify:track:5JCoSi02qi3jJeHdZXMmR8","Olivia Rodrigo","favorite crime","Olivia Rodrigo PS",8,108,19,"453018"
104,"spotify:track:0Fs9cdPDhptWEDJmiCbkEW","J. Cole, Cults, Amber Coffman","She Knows (feat. Amber Coffman & Cults)","Roc Nation LLC",104,112,9,"449584"
105,"spotify:track:3rq5w4bQGigXOfdN30ATJt","Arctic Monkeys","Do I Wanna Know?","Domino Recording Co",52,116,185,"448309"
106,"spotify:track:3yfqSUWxFvZELEM4PmlwIR","Eminem","The Real Slim Shady","Interscope",106,125,28,"446770"
107,"spotify:track:6f3Slt0GbA2bPZlz0aIFXN","Tiësto","The Business","Atlantic Records",4,110,46,"443795"
108,"spotify:track:2gbMPBrBVj3CuNTLp2dHYs","Kanye West","Off The Grid","Rock The World/IDJ/Kanye LP7",9,86,5,"443147"
109,"spotify:track:3gbBpTdY8lnQwqxNCcf795","Bastille","Pompeii","Virgin Records Ltd",90,122,85,"442042"
110,"spotify:track:27OeeYzk6klgBh83TSvGMA","The Kid LAROI","WITHOUT YOU","Columbia",2,107,47,"441613"
111,"spotify:track:0UvCh63URrLFcPkKt99hHd","Oasis","Don't Look Back In Anger - Remastered","Big Brother Recordings Ltd",44,121,197,"435718"
112,"spotify:track:61S79KIVA4I9FXbnsylEHT","Drake, Lil Durk, Giveon","In The Bible (with Lil Durk & Giveon)","OVO",8,70,4,"429862"
113,"spotify:track:1VLtjHwRWOVJiE5Py7JxoQ","Polo G","Martin & Gina","Columbia",45,126,56,"429234"
114,"spotify:track:3fVnlF4pGqWI9flVENcT28","Taylor Swift","Wildest Dreams","Big Machine Records, LLC",111,111,4,"426567"
115,"spotify:track:48q0vSHcJdhK3IiXH8C5WJ","Arctic Monkeys","Why'd You Only Call Me When You're High?","Domino Recording Co",38,133,50,"423913"
116,"spotify:track:5erCwioOcRwP59NJUAtEK3","D-Block Europe, RAYE","Ferrari Horses","D-Block Europe",11,120,31,"422771"
117,"spotify:track:4HcmKnUwCKsloslonqMzCN","Bru-C, Bou","Streetside","Crucast",108,118,3,"422526"
118,"spotify:track:4jPy3l0RUwlUI9T5XHBW2m","24kGoldn, iann dior","Mood (feat. iann dior)","Records/Columbia",1,119,59,"421138"
119,"spotify:track:2gT72HL4Y84K2Mle3miAMJ","Bring Me The Horizon","DiE4u","RCA Records Label",63,63,2,"421032"
120,"spotify:track:62vpWI1CHwFy7tMIcSStl8","J. Cole","No Role Modelz","Roc Nation Records LLC",95,143,44,"420335"
121,"spotify:track:32BeYxKPrig1LefHsC0Xuo","Billie Eilish","Happier Than Ever - Edit","Darkroom/Interscope Records",121,178,3,"418611"
122,"spotify:track:7BHPGtpuuWWsvE7cCaMuEU","The Kooks","Naive","Virgin Records",68,127,202,"414450"
123,"spotify:track:0RiRZpuVRbi7oqRdSMwhQY","Post Malone, Swae Lee","Sunflower - Spider-Man: Into the Spider-Verse","Republic Records",3,134,154,"411291"
124,"spotify:track:3kNWyHdLVW1x6pn9EnSQ1H","Tom Zanetti","Didn't Know","SiC Records Limited",21,105,32,"405135"
125,"spotify:track:1sx0XsWUusUoPstbvokZjP","Tai Verdes","AOK","Arista Records",125,147,4,"402610"
126,"spotify:track:0ntQJM78wzOLVeCUAW7Y45","Kings of Leon","Sex on Fire","RCA/Legacy",115,148,36,"401511"
127,"spotify:track:1VdZ0vKfR5jneCmWIUAMxK","Ed Sheeran","The A Team","Atlantic Records UK",45,166,14,"400644"
128,"spotify:track:6LW3Z1GqbL78TIjfDyg4zp","Wilkinson, Becky Hill","Afterglow","EMI",38,124,35,"400587"
129,"spotify:track:7j31rVgGX9Q2blT92VBEA0","My Chemical Romance","Teenagers","Reprise",129,-1,1,"400327"
130,"spotify:track:3mtaSob1BQO4HMSA8lWKRt","Dave","In The Fire","Neighbourhood",6,117,10,"398704"
131,"spotify:track:2gMXnyrvIjhVBUZwvLZDMP","Lewis Capaldi","Before You Go","Vertigo Berlin",1,150,98,"397595"
132,"spotify:track:5uCax9HTNlzGybIStD3vDh","James Arthur","Say You Won't Let Go","Columbia",5,163,235,"396441"
133,"spotify:track:5e9TFTbltYBg2xThimr0rU","Fleetwood Mac","The Chain - 2004 Remaster","Rhino/Warner Records",74,140,105,"396231"
134,"spotify:track:4vzJrkfHbCGaodPA5RY5BV","Central Cee","Loading","Central Cee",20,146,47,"391809"
135,"spotify:track:07GvNcU1WdyZJq3XxP0kZa","Fleetwood Mac","Go Your Own Way - 2004 Remaster","Rhino/Warner Records",88,136,100,"391780"
136,"spotify:track:6SRsiMl7w1USE4mFqrOhHC","Olivia Rodrigo","brutal","Olivia Rodrigo PS",8,142,19,"391735"
137,"spotify:track:5JKnYZOhSP7rOK0jPYcCjV","WILLOW, Travis Barker","t r a n s p a r e n t s o u l feat. Travis Barker","MSFTSMusic / Roc Nation Records, LLC",25,141,18,"387370"
138,"spotify:track:3J8EOeKLTLXORtWPpOU5bE","Lil Tjay, 6LACK","Calling My Phone","Columbia",1,159,33,"386525"
139,"spotify:track:254bXAqt3zP6P50BdQvEsq","Fleetwood Mac","Everywhere - 2017 Remaster","Rhino/Warner Records",86,153,151,"385729"
140,"spotify:track:0VcgLoEMA06AKqPxxj2YQs","Ed Sheeran, Tion Wayne, Central Cee, Fumez The Engineer","Bad Habits (feat. Tion Wayne & Central Cee) [Fumez The Engineer Remix]","Atlantic Records/Asylum",40,131,7,"385004"
141,"spotify:track:2Ms8MDDtYBw7M3K5F3EqPX","Mimi Webb","Dumb Love","Epic",21,137,16,"384445"
142,"spotify:track:3PfIrDoz19wz7qK7tYeu62","Dua Lipa","Don't Start Now","Warner Records",2,151,100,"383527"
143,"spotify:track:3QFInJAm9eyaho5vBzxInN","Baby Keem, Kendrick Lamar","family ties (with Kendrick Lamar)","Columbia",71,132,5,"383151"
144,"spotify:track:1Slwb6dOYkBlWal1PGtnNg","Ed Sheeran","Thinking out Loud","Atlantic Records UK",48,193,83,"382098"
145,"spotify:track:2tGvwE8GcFKwNdAXMnlbfl","Olivia Rodrigo","happier","Olivia Rodrigo PS",10,154,19,"381479"
146,"spotify:track:3Fzlg5r1IjhLk2qRw667od","Toploader","Dancing in the Moonlight","Sony Soho Square",87,169,138,"381469"
147,"spotify:track:7hxHWCCAIIxFLCzvDgnQHX","Internet Money, Gunna, Don Toliver, NAV","Lemonade (feat. NAV)","Internet Money Records / TenThousand Projects",2,162,59,"379843"
148,"spotify:track:2tpWsVSb9UEmDRxAl1zhX1","OneRepublic","Counting Stars","Mosley / Interscope",148,168,27,"379121"
149,"spotify:track:3dYD57lRAUcMHufyqn9GcI","Hozier","Take Me to Church","Columbia",84,160,64,"378589"
150,"spotify:track:2tUL6dZf1mywCj5WvCPZw6","Drake","No Friends In The Industry","OVO",14,103,4,"378097"
151,"spotify:track:6FE2iI43OZnszFLuLtvvmg","MKTO","Classic","Columbia/M2V",109,-1,35,"377677"
152,"spotify:track:4CH0dVylkeBPydRM7AaG8g","Ella Henderson, Tom Grennan","Let’s Go Home Together","Atlantic Records UK",24,164,31,"377362"
153,"spotify:track:6jy9yJfgCsMHdu2Oz4BGKX","Drake","Papi’s Home","OVO",9,89,4,"376901"
154,"spotify:track:5xoUgPXbMNUmoHU0Enwtwq","The Kooks","She Moves In Her Own Way","Virgin Records",107,156,121,"375484"
155,"spotify:track:2f0pn9DkEJwAzXApnFh5cr","BANNERS","Someone To You","Island Records",60,172,63,"375059"
156,"spotify:track:6bpq1jGkVz66Q3LYeoXdjZ","Lil Nas X, Doja Cat","SCOOP (feat. Doja Cat)","Columbia",49,49,2,"374737"
157,"spotify:track:4f2GB5ZC7vOUYPAg69N2Xw","Earth, Wind & Fire","September","Columbia/Legacy",59,129,97,"372002"
158,"spotify:track:1zi7xx7UVEFkmKfv06H8x0","Drake, Wizkid, Kyla","One Dance","Cash Money Records/Young Money Ent./Universal Rec.",15,170,138,"370399"
159,"spotify:track:2DTpP3caqX3QdJIEoS83mD","Joyner Lucas, J. Cole","Your Heart","Twenty Nine Music Group",159,-1,1,"367963"
160,"spotify:track:0nrRP2bk19rLc0orkWPQk2","Avicii","Wake Me Up","Universal Music AB",16,165,76,"367317"
161,"spotify:track:7pnQ23WgZca9jEfMts9qsR","A1 x J1","Latest Trends","EMI",4,180,33,"366623"
162,"spotify:track:45bE4HXI0AwGZXfZtMp8JR","Tate McRae","you broke me first","RCA Records Label",8,182,63,"366621"
163,"spotify:track:3UjtIALeg72qmJiKPWBvM3","Two Door Cinema Club","What You Know","Glassnote Entertainment Group LLC",69,157,77,"361129"
164,"spotify:track:08XWh5c0BMyD1nKVxxl91z","Drake, Tems","Fountains (with Tems)","OVO",22,115,4,"360587"
165,"spotify:track:2Rd4eJ4KwXQQn2sMSToyUM","Kanye West","Moon","Rock The World/IDJ/Kanye LP7",27,128,5,"360506"
166,"spotify:track:0pqnGHJpmpxLKifKRmU6WP","Imagine Dragons","Believer","Kid Ina Korner / Interscope",37,175,214,"360335"
167,"spotify:track:1tkg4EHVoqnhR6iFEXb60y","Pop Smoke","What You Know Bout Love","Victor Victor Worldwide",4,181,64,"359785"
168,"spotify:track:4bHsxqR3GMrXTxEPLuK5ue","Journey","Don't Stop Believin' (2022 Remaster)","Columbia/Legacy",133,176,124,"359765"
169,"spotify:track:2tUBqZG2AbRi7Q0BIrVrEj","Whitney Houston","I Wanna Dance with Somebody (Who Loves Me)","Arista/Legacy",99,177,129,"359714"
170,"spotify:track:4s7QLoImIwmPi9L6dq1nVW","Drake","TSU","OVO",10,104,4,"359308"
171,"spotify:track:6ft4hAq6yde8jPZY2i5zLr","MEDUZA, Dermot Kennedy","Paradise (feat. Dermot Kennedy)","Universal-Island Records Ltd.",6,161,48,"358457"
172,"spotify:track:0u2P5u6lvoDfwTYjAADbn4","Billie Eilish, Khalid","lovely (with Khalid)","Darkroom",54,-1,160,"358453"
173,"spotify:track:3bidbhpOYeV4knp8AIu8Xn","Macklemore & Ryan Lewis, Macklemore, Ryan Lewis, Ray Dalton","Can't Hold Us (feat. Ray Dalton)","Macklemore",98,173,120,"358441"
174,"spotify:track:285pBltuF7vW8TeWk8hdRR","Juice WRLD","Lucid Dreams","Juice WRLD Mixtape / ISR P&D",6,192,175,"357900"
175,"spotify:track:3gdewACMIVMEWVbyb8O9sY","Elton John","Rocket Man (I Think It's Going To Be A Long, Long Time)","EMI",77,-1,39,"356611"
176,"spotify:track:6Qyc6fS4DsZjB2mRW9DsQs","The Goo Goo Dolls","Iris","Warner Records",143,185,13,"355884"
177,"spotify:track:2N8m6CYs74qQO4mjVcXO30","Tones And I","Dance Monkey","Elektra (NEK)",1,179,113,"355067"
178,"spotify:track:11bD1JtSjlIgKgZG2134DZ","Snow Patrol","Chasing Cars","Polydor Records",125,196,75,"354030"
179,"spotify:track:5QO79kh1waicV47BqGRL3g","The Weeknd","Save Your Tears","Republic Records",7,171,41,"353327"
180,"spotify:track:3vMItL2i0J010aWIw1YUwr","Tion Wayne, JAE5, Davido","Who's True","Atlantic Records UK",99,99,2,"352970"
181,"spotify:track:7lQ8MOhq6IN2w8EYcFNSUk","Eminem","Without Me","Aftermath",145,-1,13,"352063"
182,"spotify:track:2VxeLyX666F8uXCJ0dZF8B","Lady Gaga, Bradley Cooper","Shallow","A Star is Born OST",3,187,153,"350407"
183,"spotify:track:0b18g3G5spr4ZCkz7Y6Q0Q","Majestic, Boney M.","Rasputin","NITRON music",25,197,27,"349234"
184,"spotify:track:5NORWMFC27ywGSZxi8uquP","The Lumineers","Ophelia","Dualtone Music Group",145,188,24,"348537"
185,"spotify:track:3dPQuX8Gs42Y7b454ybpMR","The White Stripes","Seven Nation Army","Legacy Recordings",90,-1,62,"347791"
186,"spotify:track:1YLJVmuzeM2YSUkCCaTNUB","Florence + The Machine","Dog Days Are Over","Universal-Island Records Ltd.",116,198,19,"345480"
187,"spotify:track:21jGcNKet2qwijlDFuPiPb","Post Malone","Circles","Republic Records",2,195,98,"344940"
188,"spotify:track:58ge6dfP91o9oXMzq3XkIS","Arctic Monkeys","505","Domino/Warner Records",99,-1,37,"343672"
189,"spotify:track:6fxVffaTuwjgEk5h9QyRjy","Ed Sheeran","Photograph","Atlantic Records UK",30,-1,60,"342861"
190,"spotify:track:4RvWPyQ5RL0ao9LPZeSouE","Tears For Fears","Everybody Wants To Rule The World","UMC (Universal Music Catalogue)",150,190,25,"341750"
191,"spotify:track:5vcfy76yr163pFH7NkN6nX","Riton, RAYE","I Don't Want You","Ministry of Sound Recordings",145,199,4,"340762"
192,"spotify:track:5WtfUKzXircvW8l5aaVZWT","Julia Michaels, Niall Horan","What A Time (feat. Niall Horan)","Republic Records",132,-1,6,"340658"
193,"spotify:track:4kbj5MwxO1bq9wjT5g9HaA","WALK THE MOON","Shut Up and Dance","RCA Records Label",132,200,52,"337985"
194,"spotify:track:5T8EDUDqKcs6OSOwEsfqG7","Queen","Don't Stop Me Now - Remastered 2011","Hollywood Records",73,-1,121,"337967"
195,"spotify:track:0V5cvmTKsYmF5FmGGEAfmS","Patrick Watson","Je te laisserai des mots","Secret City Records",195,-1,1,"337723"
196,"spotify:track:7l97ElWmIdVHWUaOeeU5ZC","Tate McRae","that way","Not specified",141,-1,7,"336279"
197,"spotify:track:5YaskwnGDZFDRipaqzbwQx","ATB, Topic, A7S","Your Love (9PM)","Virgin",11,183,35,"335837"
198,"spotify:track:1jDJFeK9x3OZboIAHsY9k2","Elton John","I'm Still Standing","EMI",109,-1,28,"335624"
199,"spotify:track:6IAZHEBUIGJ6NJKxxOBIEr","Adele","Rolling in the Deep","XL Recordings",172,-1,2,"335298"
200,"spotify:track:4u7EnebtmKWzUH433cf5Qv","Queen","Bohemian Rhapsody - Remastered 2011","Hollywood Records",30,-1,120,"334943"
