﻿rank,uri,artist_names,track_name,source,peak_rank,previous_rank,weeks_on_chart,streams
1,"spotify:track:7lPN2DXiMsVn7XUKtOW1CS","Olivia Rodrigo","drivers license","Olivia Rodrigo PS",1,1,9,"2312213"
2,"spotify:track:5Kskr9LcNYa0tpt5f0ZEJx","Lil Tjay, 6LACK","Calling My Phone","Columbia",1,2,4,"2022137"
3,"spotify:track:4FRW5Nza1Ym91BGV4nFWXI","Drake, Rick Ross","Lemon Pepper Freestyle (feat. Rick Ross)","OVO",3,-1,1,"1776588"
4,"spotify:track:3aQem4jVGdhtg116TmJnHz","Drake","What’s Next","OVO",4,-1,1,"1713205"
5,"spotify:track:27OeeYzk6klgBh83TSvGMA","The Kid LAROI","WITHOUT YOU","Columbia",2,3,18,"1657759"
6,"spotify:track:65OVbaJR5O1RmwOQx0875b","Drake, Lil Baby","Wants and Needs (feat. Lil Baby)","OVO",6,-1,1,"1650254"
7,"spotify:track:6f3Slt0GbA2bPZlz0aIFXN","Tiësto","The Business","Atlantic Records",4,4,17,"1610282"
8,"spotify:track:4I5bvu2KDsrCg0EWHIcvul","Anne-Marie, KSI, Digital Farm Animals","Don't Play","Asylum Records",2,5,8,"1502764"
9,"spotify:track:7pnQ23WgZca9jEfMts9qsR","A1 x J1","Latest Trends","EMI",6,7,5,"1480384"
10,"spotify:track:4cG7HUWYHBV6R6tHn1gxrl","Riton, Nightcrawlers, Mufasa & Hypeman, Dopamine","Friday (feat. Mufasa & Hypeman) - Dopamine Re-Edit","Ministry of Sound Recordings",6,6,7,"1444140"
11,"spotify:track:60ynsPSSKe6O3sfwRnIBRf","Doja Cat","Streets","Kemosabe Records/RCA Records",5,11,9,"1339313"
12,"spotify:track:5QO79kh1waicV47BqGRL3g","The Weeknd","Save Your Tears","Republic Records",7,8,12,"1254091"
13,"spotify:track:3iw6V4LH7yPj1ESORX9RIN","Nathan Evans, 220 KID","Wellerman - Sea Shanty / 220 KID x Billen Ted Remix","Polydor Records",11,12,7,"1235717"
14,"spotify:track:6cx06DFPPHchuUAcTxznu9","Joel Corry, MNEK","Head & Heart (feat. MNEK)","Atlantic Records UK",1,10,36,"1220010"
15,"spotify:track:5w3CtwPT5e0k8zg2LyjvNN","Central Cee","Commitment Issues","Central Cee",15,15,4,"1214619"
16,"spotify:track:0VjIjW4GlUZAMYd2vXMi3b","The Weeknd","Blinding Lights","Republic Records",1,13,67,"1160690"
17,"spotify:track:6ft4hAq6yde8jPZY2i5zLr","MEDUZA, Dermot Kennedy","Paradise (feat. Dermot Kennedy)","Universal-Island Records Ltd.",6,9,19,"1159421"
18,"spotify:track:5YaskwnGDZFDRipaqzbwQx","ATB, Topic, A7S","Your Love (9PM)","Virgin",14,14,6,"1137307"
19,"spotify:track:02MWAaffLxlfxAUY7c5dvx","Glass Animals","Heat Waves","Polydor Records",19,21,21,"1066223"
20,"spotify:track:1M4OcYkxAtu3ErzSgDEfoi","Cardi B","Up","Atlantic Records",20,23,5,"1062002"
21,"spotify:track:3YJJjQPAbDT7mGpX3WtQ9A","SZA","Good Days","Top Dawg Entertainment/RCA Records",4,18,11,"1030215"
22,"spotify:track:7MAibcTli4IisCtbHKrGMh","Bruno Mars, Anderson .Paak, Silk Sonic","Leave The Door Open","Aftermath Entertainment/Atlantic",22,-1,1,"1004802"
23,"spotify:track:0siYMEsGrzzzlWLXK5zJfS","Joel Corry, RAYE, David Guetta","BED","Perfect Havoc / Asylum Records",23,33,2,"983432"
24,"spotify:track:3tjFYV6RSFtuktYl3ZtYcq","24kGoldn, iann dior","Mood (feat. iann dior)","Records/Columbia",1,17,30,"981382"
25,"spotify:track:5nujrmhLynf4yMoMtj8AQF","Dua Lipa, DaBaby","Levitating (feat. DaBaby)","Warner Records",12,25,23,"963388"
26,"spotify:track:4D0GT8zWuA7Z2em6dpajAn","Central Cee","Loading","Central Cee",21,27,20,"922858"
27,"spotify:track:055Mme9ReKK99jRFA5UJ55","Shane Codd","Get Out My Head","Polydor Records",19,19,17,"920503"
28,"spotify:track:7hxHWCCAIIxFLCzvDgnQHX","Internet Money, Gunna, Don Toliver, NAV","Lemonade (feat. NAV)","Internet Money Records / TenThousand Projects",2,20,30,"916990"
29,"spotify:track:1t9WgS8FN0534tLBRwbaxO","CJ","Whoopty","Warner Records",3,22,21,"912938"
30,"spotify:track:1tkg4EHVoqnhR6iFEXb60y","Pop Smoke","What You Know Bout Love","Victor Victor Worldwide",4,24,36,"910734"
31,"spotify:track:3io8SywLvvaJDxTU94phL7","Digga D, AJ Tracey","Bringing It Back","CGM Records",4,16,5,"880864"
32,"spotify:track:3VT8hOC5vuDXBsHrR53WFh","Masked Wolf","Astronaut In The Ocean","Elektra (NEK)",32,35,5,"879810"
33,"spotify:track:20McUFi8KCIVdNDLrkTDuZ","HVME","Goosebumps","Columbia/B1 Recordings",21,26,13,"873333"
34,"spotify:track:4u4NyuceXP7Uzh7XFJKCr1","Justin Bieber","Hold On","RBMG/Def Jam",34,-1,1,"859708"
35,"spotify:track:6Im9k8u9iIzKMrmV7BWtlF","Ariana Grande","34+35","Republic Records",6,28,19,"859076"
36,"spotify:track:76Tuo484SLohJakHLnGI3B","Little Mix","Sweet Melody","RCA Records Label",7,30,20,"848369"
37,"spotify:track:7qEHsqek33rTcFNT9PFqLf","Lewis Capaldi","Someone You Loved","Vertigo Berlin",1,34,115,"802290"
38,"spotify:track:31qCy5ZaophVA81wtlwLc4","Justin Bieber","Anyone","RBMG/Def Jam",6,32,10,"789570"
39,"spotify:track:31gzwBma4iEppvk8um5ZGx","Fredo, Dave","Money Talks (feat. Dave)","Neighbourhood",2,31,6,"784617"
40,"spotify:track:3cCLTTEpHB0f47z5GBcUr3","AJ Tracey","Anxious","AJ Tracey",40,-1,1,"784070"
41,"spotify:track:003vvx7Niy0yvhvHt4a68B","The Killers","Mr. Brightside","Island Records",36,36,220,"770552"
42,"spotify:track:44xO8889yUQHn70P73NILS","Navos","Believe Me","Universal-Island Records Ltd.",40,40,5,"764142"
43,"spotify:track:45bE4HXI0AwGZXfZtMp8JR","Tate McRae","you broke me first","RCA Records Label",8,42,34,"757037"
44,"spotify:track:35mvY5S1H3J2QZyna3TFe0","Ariana Grande","positions","Republic Records",1,37,20,"739647"
45,"spotify:track:2Oycxb8QbPkpHTo8ZrmG0B","Miley Cyrus, Dua Lipa","Prisoner (feat. Dua Lipa)","RCA Records Label",13,41,16,"699806"
46,"spotify:track:6tDDoYIxWvMLTdKpjFkc1B","Kali Uchis","telepatía","EMI / Interscope",46,53,3,"693223"
47,"spotify:track:1J14CdDAvBTE1AJYUOwl6C","Duncan Laurence","Arcade","Universal Music, a division of Universal International Music BV",47,48,6,"690485"
48,"spotify:track:7ytR5pFWmSjzHJIeQkgog4","DaBaby, Roddy Ricch","ROCKSTAR (feat. Roddy Ricch)","South Coast Music Group/Interscope Records",1,39,47,"690135"
49,"spotify:track:1KixkQVDUHggZMU9dUobgm","Ava Max","My Head & My Heart","Atlantic Records",49,54,4,"676733"
50,"spotify:track:4Oun2ylbjFKMPTiaSbbCih","Cardi B, Megan Thee Stallion","WAP (feat. Megan Thee Stallion)","Atlantic/KSR",1,44,31,"664406"
51,"spotify:track:6LW3Z1GqbL78TIjfDyg4zp","Wilkinson, Becky Hill","Afterglow","EMI",38,38,6,"644673"
52,"spotify:track:6UelLqGlWMcVH1E5c4H7lY","Harry Styles","Watermelon Sugar","Columbia",4,43,69,"639032"
53,"spotify:track:1diS6nkxMQc3wwC4G1j0bh","Dua Lipa","We're Good","Warner Records",37,45,4,"618837"
54,"spotify:track:0zLCBJZSiELJf02ucPP9wb","SAINt JHN, Imanbek","Roses - Imanbek Remix","Craft Recordings",2,46,63,"598975"
55,"spotify:track:3FxPbp05KjMBa4HbhAJTH0","ElyOtto","SugarCrash!","Otto Dynamite/RCA Records",52,52,3,"594834"
56,"spotify:track:285pBltuF7vW8TeWk8hdRR","Juice WRLD","Lucid Dreams","Juice WRLD Mixtape / ISR P&D",6,50,147,"582867"
57,"spotify:track:7EZA4wXtnlZBiJQibMvtyA","Digga D","Toxic","CGM Records",47,47,3,"581161"
58,"spotify:track:3z4CGd63tpUn9a6oQSG0CI","Dave, Burna Boy","Location (feat. Burna Boy)","Neighbourhood",9,60,105,"572928"
59,"spotify:track:48q0vSHcJdhK3IiXH8C5WJ","Arctic Monkeys","Why'd You Only Call Me When You're High?","Domino Recording Co",38,55,21,"564361"
60,"spotify:track:70dadmYOwUCwEGHgEVV3NV","Digga D","Bluuwuu","CGM Records",29,29,2,"564226"
61,"spotify:track:2QjOHCTQ1Jl3zawyYOpxh6","The Neighbourhood","Sweater Weather","Columbia",39,58,24,"561727"
62,"spotify:track:0E4Y1XIbs8GrAT1YqVy6dq","Ed Sheeran","Afterglow","Atlantic Records UK",9,49,12,"561480"
63,"spotify:track:0ofHAoxe9vBkTCp2UQIavz","Fleetwood Mac","Dreams - 2004 Remaster","Rhino/Warner Records",17,62,47,"555701"
64,"spotify:track:2etHQJxIbV0soyPhelVs9Y","Saweetie, Doja Cat","Best Friend (feat. Doja Cat)","ICY/Warner Records",64,68,9,"553290"
65,"spotify:track:3rq5w4bQGigXOfdN30ATJt","Arctic Monkeys","Do I Wanna Know?","Domino Recording Co",52,63,156,"552133"
66,"spotify:track:54bFM56PmE4YLRnqpW6Tha","Billie Eilish","Therefore I Am","Darkroom/Interscope Records",1,59,17,"549846"
67,"spotify:track:2gMXnyrvIjhVBUZwvLZDMP","Lewis Capaldi","Before You Go","Vertigo Berlin",1,66,69,"548333"
68,"spotify:track:2U5WueTLIK5WJLD7mvDODv","Juice WRLD","Wishing Well","Grade A Productions/Interscope Records",11,57,35,"548132"
69,"spotify:track:0osdzA0D159EUmBcrwMcB4","Wes Nelson, Hardy Caprio","See Nobody","EMI",6,51,25,"546718"
70,"spotify:track:17bGtGqqaXOgVnhnfx5NlE","Paul Woolford, Diplo, Kareen Lomax","Looking For Me","Higher Ground",6,61,34,"543466"
71,"spotify:track:45S5WTQEGOB1VHr1Q4FuPl","Harry Styles","Golden","Columbia",29,56,23,"541109"
72,"spotify:track:4vLBnQtece15fFhqWxZvJP","Wilbur Soot","Your New Boyfriend","Wilbur Soot",50,67,13,"535476"
73,"spotify:track:55Am8neGJkdj2ADaM3aw5H","James Arthur","Train Wreck","Columbia",27,79,25,"527781"
74,"spotify:track:5erCwioOcRwP59NJUAtEK3","D-Block Europe, RAYE","Ferrari Horses","D-Block Europe",74,192,2,"526566"
75,"spotify:track:1VLtjHwRWOVJiE5Py7JxoQ","Polo G","Martin & Gina","Columbia",62,78,27,"526140"
76,"spotify:track:2f0pn9DkEJwAzXApnFh5cr","BANNERS","Someone To You","Island Records",60,72,34,"525562"
77,"spotify:track:5lWUeSYO61UYgNlFlqcwYl","Nathan Dawe, KSI","Lighter (feat. KSI)","Atlantic Records UK",4,65,33,"524714"
78,"spotify:track:6Hj9jySrnFppAI0sEMCZpJ","Juice WRLD","Robbery","Grade A Productions/Interscope Records",31,70,81,"520799"
79,"spotify:track:5rZlwNFl01HqLWBQGryKSm","Pop Smoke, Lil Tjay","Mood Swings (feat. Lil Tjay)","Victor Victor Worldwide",6,71,36,"518981"
80,"spotify:track:0RiRZpuVRbi7oqRdSMwhQY","Post Malone, Swae Lee","Sunflower - Spider-Man: Into the Spider-Verse","Republic Records",3,64,125,"513075"
81,"spotify:track:2SAqBLGA283SUiwJ3xOUVI","Drake, Lil Durk","Laugh Now Cry Later (feat. Lil Durk)","OVO",3,87,30,"512779"
82,"spotify:track:7yq4Qj7cqayVTp3FF9CWbm","Vance Joy","Riptide","Atlantic Records",68,77,173,"512351"
83,"spotify:track:7ju97lgwC2rKQ6wwsf9no9","Lady Gaga, Ariana Grande","Rain On Me (with Ariana Grande)","Interscope",2,91,42,"512156"
84,"spotify:track:50v2TSRV31bwpAPkjWejNL","KSI, Digital Farm Animals, Craig David","Really Love (feat. Craig David & Digital Farm Animals)","BMG Rights Management (US) LLC",6,69,20,"510252"
85,"spotify:track:0PvFJmanyNQMseIFrU708S","Pop Smoke, Lil Baby, DaBaby","For The Night (feat. Lil Baby & DaBaby)","Victor Victor Worldwide",10,74,36,"504027"
86,"spotify:track:1rgnBhdG2JDFTbYkYRZAku","Tones And I","Dance Monkey","Elektra (NEK)",1,76,84,"503733"
87,"spotify:track:5qqabIl2vWzo9ApSC317sa","Oasis","Wonderwall - Remastered","Big Brother Recordings Ltd",61,75,215,"493329"
88,"spotify:track:5uEYRdEIh9Bo4fpjDd4Na9","Travis Scott, HVME","Goosebumps - Remix","Cactus Jack/Epic",73,73,7,"490119"
89,"spotify:track:03snIuKJr5u7zpyp9zpQMU","Headie One, AJ Tracey, Stormzy","Ain't It Different (feat. AJ Tracey & Stormzy)","Relentless Records",2,81,29,"484570"
90,"spotify:track:3FAJ6O0NOHQV8Mc5Ri6ENp","Giveon","Heartbreak Anniversary","Epic/Not So Fast",90,143,3,"482783"
91,"spotify:track:4VXIryQMWpIdGgYR4TrjT1","Juice WRLD","All Girls Are The Same","Juice WRLD Mixtape / ISR P&D",53,83,68,"478781"
92,"spotify:track:3PfIrDoz19wz7qK7tYeu62","Dua Lipa","Don't Start Now","Warner Records",2,82,71,"476988"
93,"spotify:track:2Rr1INov0ckj7bLTsk9LV1","Nathan Dawe, Little Mix","No Time For Tears","Atlantic Records UK",50,80,15,"476967"
94,"spotify:track:2kS6td1yvmpNgZTt1q5pQq","Mother Mother","Hayloft","Last Gang",70,86,11,"468775"
95,"spotify:track:4CH0dVylkeBPydRM7AaG8g","Ella Henderson, Tom Grennan","Let’s Go Home Together","Atlantic Records UK",95,123,2,"467554"
96,"spotify:track:0DmAvNCAK08oCi7miSZUIY","Sigala, James Arthur","Lasting Lover","Ministry of Sound Recordings",28,88,27,"466015"
97,"spotify:track:3dYD57lRAUcMHufyqn9GcI","Hozier","Take Me to Church","Columbia",84,90,35,"465869"
98,"spotify:track:5uCax9HTNlzGybIStD3vDh","James Arthur","Say You Won't Let Go","Columbia",5,102,207,"465542"
99,"spotify:track:1ZMiCix7XSAbfAJlEZWMCp","Harry Styles","Falling","Columbia",27,94,65,"463485"
100,"spotify:track:0goOUCNL6MYrqSVvGhvsxw","Fumez The Engineer, A92, Offica","A92 x Fumez The Engineer - Plugged In Freestyle","Fumez The Engineer",53,110,19,"460183"
101,"spotify:track:78q4ESvMkPVJzHAV11LAGE","Tom Grennan","Little Bit of Love","Insanity Records",101,149,2,"456156"
102,"spotify:track:3Fzlg5r1IjhLk2qRw667od","Toploader","Dancing in the Moonlight","Sony Soho Square",87,93,109,"453707"
103,"spotify:track:7G5VNGDnHt414PyL8rosns","D-Block Europe, Aitch","UFO","D-Block Europe",12,100,23,"441866"
104,"spotify:track:0RLLvYBopDwooCyvnTwgYu","Lil Tjay","F.N","Columbia",75,95,77,"436876"
105,"spotify:track:4Of7rzpRpV1mWRbhp5rAqG","Lewis Capaldi","Bruises","Vertigo Berlin",9,97,110,"436389"
106,"spotify:track:3Uo7WG0vmLQ07WB4BDwy7D","Taylor Swift","willow","Taylor Swift",11,98,13,"434619"
107,"spotify:track:2Lhdl74nwwVGOE2Gv35QuK","Gym Class Heroes","Cupid's Chokehold / Breakfast in America","Decaydance/Fueled By Ramen/ATL",107,-1,1,"430518"
108,"spotify:track:79s5XnCN4TJKTVMSmOx8Ep","Pop Smoke","Dior","Victor Victor Worldwide/Republic Records",25,96,56,"427509"
109,"spotify:track:6FE2iI43OZnszFLuLtvvmg","MKTO","Classic","Columbia/M2V",109,111,19,"425576"
110,"spotify:track:59qrUpoplZxbIZxk6X0Bm3","Jason Derulo","Take You Dancing","Atlantic Records",15,84,33,"425193"
111,"spotify:track:3AJwUDP919kvQ9QcozQPxg","Coldplay","Yellow","Parlophone UK",85,107,19,"424235"
112,"spotify:track:35RJhm1pEovTBwnNR0zWad","DJ Khaled, Drake","GREECE (feat. Drake)","OVO/We The Best/Epic",9,135,34,"423995"
113,"spotify:track:21jGcNKet2qwijlDFuPiPb","Post Malone","Circles","Republic Records",2,99,79,"422007"
114,"spotify:track:2VxeLyX666F8uXCJ0dZF8B","Lady Gaga, Bradley Cooper","Shallow","A Star is Born OST",3,105,126,"419581"
115,"spotify:track:22LAwLoDA5b4AaGSkg6bKW","Lil Mosey","Blueberry Faygo","Mogul Vision/Interscope Records",4,103,57,"413900"
116,"spotify:track:6DgMffCX9ftTdDEZgZLVSd","Central Cee","Day in the Life","Central Cee",116,171,3,"413169"
117,"spotify:track:5E30LdtzQTGqRvNd7l6kG5","The Neighbourhood","Daddy Issues","Columbia",83,120,23,"412898"
118,"spotify:track:3jjujdWJ72nww5eGnfs2E7","Harry Styles","Adore You","Columbia",8,109,66,"409653"
119,"spotify:track:33EGYJLLwz56YIP5Ex9VKs","AJ Tracey, Mabel","West Ten (with Mabel)","Revenge Records",7,117,36,"408622"
120,"spotify:track:7CHNIK6EGjnwpWkSpx6JZe","James Arthur","Medicine","Columbia Local",120,-1,1,"408521"
121,"spotify:track:7jtQIBanIiJOMS6RyCx6jZ","Tom Odell","Another Love","ITNO/Columbia",121,136,5,"408487"
122,"spotify:track:7eJMfftS33KTjuF7lTsMCx","Powfu, beabadoobee","death bed (coffee for your head)","Columbia",5,114,56,"405060"
123,"spotify:track:2ZEq4HT450Ye9IFGPTl9qV","Joel Corry","Lonely","Atlantic Records UK",8,115,58,"405027"
124,"spotify:track:7CH8J4ulT49UfZwSDSkSZA","Jax Jones, Au/Ra","i miss u (with Au/Ra)","Polydor Records",69,104,22,"403011"
125,"spotify:track:2tUBqZG2AbRi7Q0BIrVrEj","Whitney Houston","I Wanna Dance with Somebody (Who Loves Me)","Arista/Legacy",99,118,100,"400856"
126,"spotify:track:5e9TFTbltYBg2xThimr0rU","Fleetwood Mac","The Chain - 2004 Remaster","Rhino/Warner Records",74,128,76,"395968"
127,"spotify:track:1xQ6trAsedVPCdbtDAmk0c","Jawsh 685, Jason Derulo","Savage Love (Laxed - Siren Beat)","Columbia",2,106,39,"394204"
128,"spotify:track:2Fxmhks0bxGSBdJ92vM42m","Billie Eilish","bad guy","Darkroom/Interscope Records",1,116,100,"393556"
129,"spotify:track:4xqrdfXkTW4T0RauPLv3WA","Conan Gray","Heather","Republic Records",22,122,33,"392978"
130,"spotify:track:7FIWs0pqAYbP91WWM0vlTQ","Eminem, Juice WRLD","Godzilla (feat. Juice WRLD)","Shady/Aftermath/Interscope Records",2,133,60,"391152"
131,"spotify:track:7b4ky1LlQLFhXHmhZkFgqV","AJ Tracey","Ladbroke Grove","AJ Tracey",2,112,108,"389863"
132,"spotify:track:31c1V9xUONZYk78NE4Id8D","Ryn Weaver","Pierre","Benny Blanco Major",83,108,9,"389375"
133,"spotify:track:1IIKrJVP1C9N7iPtG6eOsK","Chris Brown, Young Thug","Go Crazy","Chris Brown Entertainment/300 Entertainment/RCA Records",13,148,44,"387968"
134,"spotify:track:6gBFPUFcJLzWGx4lenP6h2","Travis Scott","goosebumps","Cactus Jack / Epic",10,121,100,"387599"
135,"spotify:track:2Y0wPrPQBrGhoLn14xRYCG","Juice WRLD, Marshmello","Come & Go (with Marshmello)","Grade A Productions/Interscope Records",3,129,35,"387404"
136,"spotify:track:1qDrWA6lyx8cLECdZE7TV7","Gotye, Kimbra","Somebody That I Used To Know","Samples & Seconds / Republic",136,167,3,"385357"
137,"spotify:track:0UvCh63URrLFcPkKt99hHd","Oasis","Don't Look Back In Anger - Remastered","Big Brother Recordings Ltd",44,127,168,"385165"
138,"spotify:track:7E2C5rBLpCKwQlhJPVFBRS","Yung Bleu, Drake","You're Mines Still (feat. Drake)","Moon Boy University / EMPIRE",120,166,11,"385080"
139,"spotify:track:6K4t31amVTZDgR3sKmwUJJ","Tame Impala","The Less I Know The Better","Universal Music Australia Pty. Ltd.",116,139,65,"384855"
140,"spotify:track:3H7ihDc1dqLriiWXwsc2po","Topic, A7S","Breaking Me","Virgin",4,125,49,"384546"
141,"spotify:track:4i2qxFEVVUi8yOYoxB8TCX","Miley Cyrus","Midnight Sky","RCA Records Label",14,159,30,"383789"
142,"spotify:track:3UjtIALeg72qmJiKPWBvM3","Two Door Cinema Club","What You Know","Glassnote Entertainment Group LLC",69,101,60,"382920"
143,"spotify:track:58ge6dfP91o9oXMzq3XkIS","Arctic Monkeys","505","Domino/Warner Records",99,134,25,"382870"
144,"spotify:track:07GvNcU1WdyZJq3XxP0kZa","Fleetwood Mac","Go Your Own Way - 2004 Remaster","Rhino/Warner Records",88,137,71,"381881"
145,"spotify:track:7m9OqQk4RVRkw9JJdeAw96","XXXTENTACION","Jocelyn Flores","Bad Vibes Forever / EMPIRE",12,144,154,"380943"
146,"spotify:track:0u2P5u6lvoDfwTYjAADbn4","Billie Eilish, Khalid","lovely (with Khalid)","Darkroom",54,132,148,"380308"
147,"spotify:track:4slSrbTK1sNK4I1mDYEthf","S1mba, DTG","Rover (feat. DTG)","Parlophone UK",4,142,50,"380063"
148,"spotify:track:62vpWI1CHwFy7tMIcSStl8","J. Cole","No Role Modelz","Roc Nation Records LLC",148,173,15,"379776"
149,"spotify:track:1XGmzt0PVuFgQYYnV2It7A","Maroon 5, Wiz Khalifa","Payphone","Interscope Records*",149,163,4,"376845"
150,"spotify:track:2gqWRRCXnma9L8xQ1RdemQ","The Kid LAROI","SO DONE","Columbia",36,126,20,"376055"
151,"spotify:track:3gbBpTdY8lnQwqxNCcf795","Bastille","Pompeii","Virgin Records Ltd",90,179,57,"375399"
152,"spotify:track:1u1QQ0WaMCFnWdNE4V61v6","Digga D","Chingy (It’s Whatever)","CGM Records",27,85,19,"374638"
153,"spotify:track:27u7t9d7ZQoyjsCROHuZJ3","Clean Bandit, Mabel, 24kGoldn","Tick Tock (feat. 24kGoldn)","Atlantic Records UK",22,-1,28,"374622"
154,"spotify:track:1f3yAtsJtY87CTmM8RLnxf","Nirvana","Smells Like Teen Spirit","Geffen",112,155,12,"372780"
155,"spotify:track:1K5KBOgreBi5fkEHvg5ap3","Future, Drake","Life Is Good (feat. Drake)","Epic/Freebandz",3,191,60,"372593"
156,"spotify:track:7tCOBSryRDEQXSUTNFLBBS","Abra Cadabra","Mixed Emotions","Abra Cadabra",83,119,4,"371795"
157,"spotify:track:58mtgcQVZ56NgWHKsN94nD","Jorja Smith, Popcaan","Come Over (feat. Popcaan)","FAMM",67,-1,12,"371614"
158,"spotify:track:0ntQJM78wzOLVeCUAW7Y45","Kings of Leon","Sex on Fire","RCA/Legacy",158,170,7,"371195"
159,"spotify:track:7BHPGtpuuWWsvE7cCaMuEU","The Kooks","Naive","Virgin Records",68,162,173,"371186"
160,"spotify:track:0pqnGHJpmpxLKifKRmU6WP","Imagine Dragons","Believer","Kid Ina Korner / Interscope",37,151,185,"370451"
161,"spotify:track:254bXAqt3zP6P50BdQvEsq","Fleetwood Mac","Everywhere - 2017 Remaster","Rhino/Warner Records",86,150,122,"370421"
162,"spotify:track:3kNWyHdLVW1x6pn9EnSQ1H","Tom Zanetti","Didn't Know","SiC Records Limited",162,195,3,"369345"
163,"spotify:track:4bHsxqR3GMrXTxEPLuK5ue","Journey","Don't Stop Believin' (2022 Remaster)","Columbia/Legacy",133,160,95,"367017"
164,"spotify:track:3bidbhpOYeV4knp8AIu8Xn","Macklemore & Ryan Lewis, Macklemore, Ryan Lewis, Ray Dalton","Can't Hold Us (feat. Ray Dalton)","Macklemore",98,154,92,"365486"
165,"spotify:track:54OBgO0Xwu20Jak9TMXbR7","Nathan Evans","Wellerman - Sea Shanty","Polydor Records",106,-1,6,"364388"
166,"spotify:track:4u7EnebtmKWzUH433cf5Qv","Queen","Bohemian Rhapsody - Remastered 2011","Hollywood Records",30,168,96,"363263"
167,"spotify:track:5NORWMFC27ywGSZxi8uquP","The Lumineers","Ophelia","Dualtone Music Group",145,175,13,"363254"
168,"spotify:track:0nrRP2bk19rLc0orkWPQk2","Avicii","Wake Me Up","Universal Music AB",16,152,47,"363241"
169,"spotify:track:2gam98EZKrF9XuOkU13ApN","Nelly Furtado, Timbaland","Promiscuous","Mosley / Geffen",93,178,19,"362313"
170,"spotify:track:6N1EjQjnvhOjFrF6oUmGPa","Bryan Adams","Summer Of '69","A&M",132,146,43,"361993"
171,"spotify:track:75ZvA4QfFiZvzhj2xkaWAh","Post Malone","I Fall Apart","Universal Records",8,-1,118,"361657"
172,"spotify:track:0nbXyq5TXYPCO7pr3N8S4I","Roddy Ricch","The Box","Atlantic Records",1,140,65,"361426"
173,"spotify:track:5u1n1kITHCxxp8twBcZxWy","Justin Bieber, Chance the Rapper","Holy (feat. Chance The Rapper)","RBMG/Def Jam",11,147,25,"361415"
174,"spotify:track:3B0WbRucJ6ZIla2G9IVt2E","Tion Wayne, dutchavelli, Stormzy","I Dunno (feat. Dutchavelli & Stormzy)","Atlantic Records UK",8,182,41,"360400"
175,"spotify:track:5T8EDUDqKcs6OSOwEsfqG7","Queen","Don't Stop Me Now - Remastered 2011","Hollywood Records",73,177,95,"359337"
176,"spotify:track:5y0ekFHNfFbjKhZlguSzdf","AJ Tracey, MoStack","Dinner Guest (feat. MoStack)","Revenge Records",7,161,45,"357851"
177,"spotify:track:2jyjhRf6DVbMPU5zxagN2h","Passenger","Let Her Go","Nettwerk Music Group",147,180,48,"356757"
178,"spotify:track:5qrSlOut2rNAWv3ubArkNy","Dean Lewis","Be Alright","Universal Music Australia Pty. Ltd.",14,183,109,"356572"
179,"spotify:track:2RlgNHKcydI9sayD2Df2xp","Electric Light Orchestra","Mr. Blue Sky","Epic/Legacy",101,172,73,"356068"
180,"spotify:track:4QPEwDdOMhY7rNS05mTyMR","Stormzy, Burna Boy, Ed Sheeran","Own It (feat. Ed Sheeran & Burna Boy)","Atlantic Records UK",1,157,68,"356011"
181,"spotify:track:3U4isOIWM3VvDubwSI3y7a","John Legend","All of Me","G.O.O.D. Music/Columbia",94,186,22,"355824"
182,"spotify:track:43CHdbHYdcbUWP10UFKyZ7","Dermot Kennedy","Giants","Riggins Recording Limited",23,164,37,"355793"
183,"spotify:track:3DTqHfTGj1c6y2gDXsTez4","RAYE, Rudimental","Regardless","Polydor Records",153,188,7,"355567"
184,"spotify:track:4saklk6nie3yiGePpBwUoc","BTS","Dynamite","BIGHIT MUSIC",21,156,29,"355544"
185,"spotify:track:2tpWsVSb9UEmDRxAl1zhX1","OneRepublic","Counting Stars","Mosley / Interscope",185,-1,2,"355133"
186,"spotify:track:1H7KnK26kc1YyellpbINEn","Pop Smoke, 50 Cent, Roddy Ricch","The Woo (feat. 50 Cent & Roddy Ricch)","Victor Victor Worldwide",9,158,36,"353987"
187,"spotify:track:5GkQIP5mWPi4KZLLXeuFTT","Ariana Grande, Doja Cat","motive (with Doja Cat)","Republic Records",12,138,8,"353168"
188,"spotify:track:5xoUgPXbMNUmoHU0Enwtwq","The Kooks","She Moves In Her Own Way","Virgin Records",107,198,92,"352449"
189,"spotify:track:0XDlwVNtd6wvp3PGGsghqf","Fredo, Summer Walker","Ready (feat. Summer Walker)","Since 93",24,190,6,"352149"
190,"spotify:track:0zMAvsQmaQ4DGsmXtKixpn","Mother Mother","Burning Pile","Last Gang",190,-1,1,"351075"
191,"spotify:track:60iSKGrGazRzICtMjADNSM","Lewis Capaldi","Hold Me While You Wait","Vertigo Berlin",4,196,93,"350808"
192,"spotify:track:7fBv7CLKzipRk6EC6TWHOB","The Weeknd","The Hills","Universal Republic Records",79,153,6,"350509"
193,"spotify:track:11bD1JtSjlIgKgZG2134DZ","Snow Patrol","Chasing Cars","Polydor Records",125,200,71,"350002"
194,"spotify:track:4wVOKKEHUJxHCFFNUWDn0B","Drake, Giveon","Chicago Freestyle (feat. Giveon)","OVO",11,-1,36,"349871"
195,"spotify:track:7qiZfU4dY1lWllzX7mPBI3","Ed Sheeran","Shape of You","Atlantic Records UK",1,174,176,"349787"
196,"spotify:track:6Sb6bDbhCuAi27HE9koUXp","Digga D","Woi","CGM Records",29,92,34,"349537"
197,"spotify:track:6zFMeegAMYQo0mt8rXtrli","Lil Nas X","HOLIDAY","Columbia",19,130,17,"349451"
198,"spotify:track:7KwZNVEaqikRSBSpyhXK2j","The Notorious B.I.G.","Hypnotize - 2014 Remaster","Rhino Atlantic",198,-1,1,"349258"
199,"spotify:track:15JINEqzVMv3SvJTAXAKED","Eminem, Rihanna","Love The Way You Lie","Aftermath",192,-1,2,"348586"
200,"spotify:track:2zzLRQ78kKfPTx8FJQCdC2","Arctic Monkeys","When The Sun Goes Down","Domino Recording Co",150,185,21,"348171"
