﻿rank,uri,artist_names,track_name,source,peak_rank,previous_rank,weeks_on_chart,streams
1,"spotify:track:46IZ0fSY2mpAiktS3KOqds","Adele","Easy On Me","Columbia",1,1,7,"3736103"
2,"spotify:track:0bYg9bo50gSsH3LtXe2SQn","Mariah Carey","All I Want for Christmas Is You","Columbia",1,29,40,"2591996"
3,"spotify:track:2FRnf9qhLbvw8fu4IBXx78","Wham!","Last Christmas","Epic",1,35,37,"2538068"
4,"spotify:track:50nfwKoDiSYg8zOCREWAm5","Ed Sheeran","Shivers","Atlantic Records UK",1,7,12,"2078281"
5,"spotify:track:5rF6YUIlgiat22OT1lWspJ","Sam Fender","Seventeen Going Under","Polydor Records",5,10,8,"1828719"
6,"spotify:track:3Kkjo3cT83cw09VJyrLNwX","Adele","Oh My God","Columbia",2,2,2,"1824724"
7,"spotify:track:0lLdorYw7lVrJydTINhWdI","Michael Bublé","It's Beginning to Look a Lot like Christmas","143/Reprise",3,54,31,"1820673"
8,"spotify:track:1xIqDFx3KdByBnKMlTECcM","SwitchOTR, A1 x J1","Coming for You (feat. A1 x J1)","Robots & Humans",8,19,5,"1790266"
9,"spotify:track:7rglLriMNBPAyuJOMGwi39","Elton John, Dua Lipa, PNAU","Cold Heart - PNAU Remix","EMI",2,13,16,"1778439"
10,"spotify:track:6v0UJD4a2FtleHeSYVX02A","Adele","I Drink Wine","Columbia",3,3,2,"1715621"
11,"spotify:track:3rmo8F54jFF8OgYsqTxm5d","Ed Sheeran","Bad Habits","Atlantic Records UK",1,18,23,"1679660"
12,"spotify:track:2EjXfH91m7f8HiJN1yQg97","Brenda Lee","Rockin' Around The Christmas Tree","MCA Nashville",3,61,29,"1677628"
13,"spotify:track:337kcYVjYXdLBItCw9ry3b","D-Block Europe, Central Cee","Overseas","D-Block Europe",12,12,2,"1653939"
14,"spotify:track:5PjdY0CKGZdEuoNab3yDmX","The Kid LAROI, Justin Bieber","STAY (with Justin Bieber)","Columbia",1,21,21,"1646963"
15,"spotify:track:3VTNVsTTu05dmTsVFrmGpK","The Pogues, Kirsty MacColl","Fairytale of New York (feat. Kirsty MacColl)","WM UK",3,60,31,"1644748"
16,"spotify:track:2BzAGK3lEZAQz5cU0Ae1wd","ArrDee","Flowers (Say My Name)","Universal-Island Records Ltd.",5,17,4,"1641940"
17,"spotify:track:02MWAaffLxlfxAUY7c5dvx","Glass Animals","Heat Waves","Polydor Records",5,22,59,"1633093"
18,"spotify:track:2TE4xW3ImvpltVU0cPcKUn","Shakin' Stevens","Merry Christmas Everyone","Sony Music CG",7,65,25,"1632329"
19,"spotify:track:4fouWK6XVHhzl78KzQ1UjL","GAYLE","abcdefu","Atlantic/Arthouse Records",19,32,3,"1599746"
20,"spotify:track:5enxwA8aAbwZbf5qCHORXi","Taylor Swift","All Too Well (10 Minute Version) (Taylor's Version) (From The Vault)","Taylor Swift",2,14,3,"1465727"
21,"spotify:track:0lizgQ7Qw35od7CYaoMBZb","Ariana Grande","Santa Tell Me","Universal Records",5,73,31,"1443350"
22,"spotify:track:0247StOpd3AkeBQzANX4Zf","Band Aid","Do They Know It's Christmas? - 1984 Version","EMI",4,87,28,"1431566"
23,"spotify:track:6sBWmE23q6xQHlnEZ8jYPT","Elton John","Step Into Christmas - Remastered 1995","UMC (Universal Music Catalogue)",7,115,25,"1390078"
24,"spotify:track:27qAMKrDdKEs8HDXcvR24R","Chris Rea","Driving Home for Christmas","Rhino",9,102,24,"1337532"
25,"spotify:track:20on25jryn53hWghthWWW3","ACRAZE, Cherish","Do It To It","Thrive Music, LLC",25,28,5,"1322647"
26,"spotify:track:1IcR6RlgvDczfvoWJSSY2A","Andy Williams","It's the Most Wonderful Time of the Year","Columbia",5,110,27,"1317382"
27,"spotify:track:7vQbuQcyTflfCIOu3Uzzya","Bobby Helms","Jingle Bell Rock","Geffen",6,101,25,"1316142"
28,"spotify:track:2DuPBbS5mIldXnh7Wum8Cy","Adele","My Little Love","Columbia",4,4,2,"1314988"
29,"spotify:track:3nAp4IvdMPPWEH9uuXFFV5","Kelly Clarkson","Underneath the Tree","RCA Records Label",6,95,24,"1296472"
30,"spotify:track:2Xr1dTzJee307rmrkt8c0g","CKay","love nwantiti (ah ah ah)","Chocolate City Music",8,26,12,"1271991"
31,"spotify:track:5Z9KJZvQzH6PFmb8SNkxuk","Lil Nas X, Jack Harlow","INDUSTRY BABY (feat. Jack Harlow)","Columbia",4,23,19,"1270551"
32,"spotify:track:1mH6tZC6iXIHPI6EixCwxw","Wizzard","I Wish It Could Be Christmas Everyday","Parlophone UK",18,114,23,"1261660"
33,"spotify:track:6w8ZPYdnGajyfPddTWdthN","Adele","Can I Get It","Columbia",5,5,2,"1254377"
34,"spotify:track:4PYfFHKfjYz6dwAtZhBy1z","Central Cee","Obsessed With You","Central Cee",5,25,12,"1244398"
35,"spotify:track:4btFHqumCO31GksfuBLLv3","Ed Sheeran","Overpass Graffiti","Atlantic Records UK",5,24,5,"1185636"
36,"spotify:track:4ZtFanR9U6ndgddUvNcjcG","Olivia Rodrigo","good 4 u","Olivia Rodrigo PS",1,36,29,"1167637"
37,"spotify:track:1SV1fxF65n9NhRHp3KlBuu","Paul McCartney","Wonderful Christmastime - Edited Version / Remastered 2011","Paul McCartney Catalog",12,136,25,"1156365"
38,"spotify:track:6Uj1ctrBOjOas8xZXGqKk4","Doja Cat","Woman","Kemosabe Records/RCA Records",11,30,21,"1094414"
39,"spotify:track:7sMBvZCSUl99bJLXZaLa0b","Bruno Mars, Anderson .Paak, Silk Sonic","Smokin Out The Window","Aftermath Entertainment/Atlantic",10,27,4,"1073402"
40,"spotify:track:07MDkzWARZaLEdKxo6yArG","THE ANXIETY, WILLOW, Tyler Cole","Meet Me At Our Spot","MSFTSMusic / Roc Nation Records, LLC",13,33,14,"1059092"
41,"spotify:track:27RYrbL6S02LNVhDWVl38b","John Lennon, Yoko Ono","Happy Xmas (War Is Over) - Remastered 2010","EMI Catalogue",8,169,24,"1053163"
42,"spotify:track:7xapw9Oy21WpfEcib2ErSA","Justin Bieber","Mistletoe","RBMG/Def Jam",17,134,26,"1034833"
43,"spotify:track:6tjituizSxwSmBB5vtgHZE","Michael Bublé","Holly Jolly Christmas","143/Reprise",16,172,25,"1018125"
44,"spotify:track:7fUYUcWy853HS8YJn0b3Sr","The Ronettes","Sleigh Ride","Legacy Recordings",11,197,23,"1013374"
45,"spotify:track:2dWNKXTs5z7Iu1g0kYh4Xe","Becky Hill, Topic","My Heart Goes (La Di Da) (feat. Topic)","Polydor Records",15,34,14,"1010319"
46,"spotify:track:0e8nrvls4Qqv5Rfa2UhqmO","Lil Nas X","THATS WHAT I WANT","Columbia",9,31,11,"1003848"
47,"spotify:track:4dBQWyoZmmgvFBlALGlqZi","Slade","Merry Xmas Everybody","BMG Rights Management (UK) Ltd.",19,-1,21,"980798"
48,"spotify:track:0W7brFokN6QtGRNp32RCQP","Arz","Alone With You","Capitol",25,40,16,"976056"
49,"spotify:track:5krhFNgUcYHwXlNPJJYzFM","Ewan McVicar","Tell Me Something Good","Ministry of Sound Recordings",22,37,13,"965965"
50,"spotify:track:78pn8k7RogKo2oxl0DyX6d","Leona Lewis","One More Sleep","Syco Music",17,-1,22,"937732"
51,"spotify:track:10ImcQk9tihY1EKMDIbvXJ","Adele","To Be Loved","Columbia",9,9,2,"926398"
52,"spotify:track:6bGMSP3H9YqkmaLnaJTIoF","Adele","Hold On","Columbia",11,11,2,"908335"
53,"spotify:track:4so0Wek9Ig1p6CRCHuINwW","Bing Crosby, Ken Darby Singers, John Scott Trotter & His Orchestra","White Christmas - 1947 Version","Geffen",15,-1,21,"891399"
54,"spotify:track:2uFaJJtFpPDc5Pa95XzTvg","Dean Martin","Let It Snow! Let It Snow! Let It Snow!","Capitol Records",13,-1,20,"888552"
55,"spotify:track:09u787BYeYIGd2mFIJ505t","Adele","Cry Your Heart Out","Columbia",8,8,2,"878079"
56,"spotify:track:1r9xUipOqoNwggBpENDsvJ","Imagine Dragons, JID, Arcane, League of Legends","Enemy (with JID) - from the series Arcane League of Legends","KIDinaKORNER/Interscope Records",56,75,3,"849642"
57,"spotify:track:2zxEc1GCSCxbHIXTfhraRC","Dave, Stormzy","Clash (feat. Stormzy)","Neighbourhood",2,48,21,"835439"
58,"spotify:track:6Dy1jexKYriXAVG6evyUTJ","Joel Corry, Jax Jones, Charli XCX, Saweetie","OUT OUT (feat. Charli XCX & Saweetie)","Atlantic Records UK",12,42,16,"809774"
59,"spotify:track:0YORgvqP1MotwCnDZzOwII","Joel Corry, Mabel","I Wish (feat. Mabel)","Atlantic Records UK",40,44,5,"808991"
60,"spotify:track:3qCeq0rWK67SoBDgFd2sId","José Feliciano","Feliz Navidad","RCA/BMG Heritage",19,-1,20,"807645"
61,"spotify:track:4RVwu0g32PAqgUiJoXsdF8","Billie Eilish","Happier Than Ever","Darkroom/Interscope Records",4,47,18,"783672"
62,"spotify:track:46HNZY1i7O6jwTA7Slo2PI","Coldplay, BTS","My Universe","Parlophone UK",17,46,10,"777027"
63,"spotify:track:003vvx7Niy0yvhvHt4a68B","The Killers","Mr. Brightside","Island Records",34,50,258,"772406"
64,"spotify:track:496vIKS2INz840xZaKncvR","Adele","All Night Parking (with Erroll Garner) Interlude","Columbia",15,15,2,"765238"
65,"spotify:track:3meWkWgDoEQ3gmwzryxlfs","D-Block Europe","No Competition","D-Block Europe",34,38,5,"764501"
66,"spotify:track:6I3mqTwhRpn34SLVafSH7G","Justin Bieber","Ghost","RBMG/Def Jam",45,51,10,"762852"
67,"spotify:track:6IAZHEBUIGJ6NJKxxOBIEr","Adele","Rolling in the Deep","XL Recordings",17,41,11,"762106"
68,"spotify:track:13CVSGLSFl4UxpDVR6u3dq","Adele","Strangers By Nature","Columbia",6,6,2,"759165"
69,"spotify:track:7uoFMmxln0GPXQ0AcCBXRq","Sia","Snowman","Monkey Puzzle/Atlantic",30,-1,7,"758609"
70,"spotify:track:4XvcHTUfIlWfyJTRG0aqlo","Sleepy Hallow","2055","Winners Circle/RCA Records",21,53,20,"748925"
71,"spotify:track:2j3GxEsbNYNeEzz86wDY4J","Adele","Love Is A Game","Columbia",20,20,2,"745891"
72,"spotify:track:4kKdvXD0ez7jp1296JmAts","Frank Sinatra, B. Swanson Quartet","Let It Snow! Let It Snow! Let It Snow! (with The B. Swanson Quartet)","Columbia/Legacy",20,-1,21,"739425"
73,"spotify:track:4PS1e8f2LvuTFgUs1Cn3ON","Nat King Cole","The Christmas Song (Merry Christmas To You)","CAPITOL CATALOG MKT (C92)",29,-1,19,"727089"
74,"spotify:track:6f5ExP43esnvdKPddwKXJH","NEIKED, Mae Muller, Polo G","Better Days (NEIKED x Mae Muller x Polo G)","Capitol Records UK / EMI",38,49,6,"723669"
75,"spotify:track:3DarAbFujv6eYNliUTyqtz","Doja Cat, SZA","Kiss Me More (feat. SZA)","Kemosabe Records/RCA Records",2,67,34,"720724"
76,"spotify:track:00Blm7zeNqgYLPtW6zg8cj","Post Malone, The Weeknd","One Right Now (with The Weeknd)","Republic Records",19,45,4,"713294"
77,"spotify:track:3uUuGVFu1V7jTQL60S1r8z","Lost Frequencies, Calum Scott","Where Are You Now","Epic Amsterdam",63,69,8,"709062"
78,"spotify:track:2c6xRsQBv7pynuhYhWoHxo","Adele","Woman Like Me","Columbia",16,16,2,"708309"
79,"spotify:track:1SC5rEoYDGUK4NfG82494W","Lil Nas X","MONTERO (Call Me By Your Name)","Columbia",1,72,36,"707305"
80,"spotify:track:2SBr3MK1sdMs8IxdRcN6qz","Kylie Minogue","Santa Baby","Parlophone UK",24,-1,21,"678675"
81,"spotify:track:5wANPM4fQCJwkGd4rN57mH","Olivia Rodrigo","drivers license","Olivia Rodrigo PS",1,98,47,"672775"
82,"spotify:track:6O5TrlFWTYvznd9fMC0VvU","Adele","When We Were Young","XL Recordings",10,39,18,"662654"
83,"spotify:track:09gysnJpfQ3ublBmJDfcEC","Amaarae, Kali Uchis, Moliy","SAD GIRLZ LUV MONEY Remix (feat. Kali Uchis and Moliy)","0207 Def Jam",34,55,5,"654650"
84,"spotify:track:32pPek0KsHsMSSFogNu49f","Digga D, ArrDee","Wasted","EGA Music Group",9,63,16,"654304"
85,"spotify:track:3Vi5XqYrmQgOYBajMWSvCi","Doja Cat","Need to Know","Kemosabe Records/RCA Records",8,66,25,"653604"
86,"spotify:track:2gpWyfu7eZ01zzncHpxOtA","Swedish House Mafia, The Weeknd","Moth To A Flame (with The Weeknd)","Republic Records",13,58,6,"647614"
87,"spotify:track:2bPQuniBB9x0fRtxDly0kr","Jona Lewie","Stop The Cavalry","Stiff Records",31,-1,19,"642527"
88,"spotify:track:37Nqx7iavZpotJSDXZWbJ3","Drake, Lil Baby","Girls Want Girls (with Lil Baby)","OVO",1,62,13,"641758"
89,"spotify:track:0VjIjW4GlUZAMYd2vXMi3b","The Weeknd","Blinding Lights","Republic Records",1,71,105,"641579"
90,"spotify:track:5lkpeJwmQKgY3bX2zChjxX","Adele","Someone Like You","XL Recordings",15,43,23,"630779"
91,"spotify:track:5CZ40GBx1sQ9agT82CLQCT","Olivia Rodrigo","traitor","Olivia Rodrigo PS",6,86,28,"629856"
92,"spotify:track:48USW4aYqrylYWJmFPbC8A","Dermot Kennedy","Better Days","Riggins Recording",60,70,18,"629726"
93,"spotify:track:5DMItYJluCFc7YtFdP4aXo","Mud","Lonely This Christmas","Parlophone UK",35,-1,19,"606227"
94,"spotify:track:6feiJqgHqeSvkGUzf11AYs","Becky Hill, David Guetta","Remember (with David Guetta)","Polydor Records",6,64,24,"598988"
95,"spotify:track:2QjOHCTQ1Jl3zawyYOpxh6","The Neighbourhood","Sweater Weather","Columbia",39,94,62,"591843"
96,"spotify:track:6a1hzBiTkgqTsDA0Xgfh9z","The Jackson 5","Santa Claus Is Coming To Town","UNI/MOTOWN",33,-1,19,"591451"
97,"spotify:track:58BJ5oUPX5ST2pjCtOSMkk","Da Beatfreakz, Russ Millions, RAYE, wewantwraiths","Money Calling (feat. RAYE, Russ Millions & wewantwraiths)","Columbia",59,91,5,"577308"
98,"spotify:track:4fzyvSu73BhGvi96p2zwjL","Coldplay","Christmas Lights","Parlophone UK",28,-1,20,"572205"
99,"spotify:track:0DuWDLjriRPjDRoPgaCslY","Adele","Love In The Dark","XL Recordings",14,52,9,"571930"
100,"spotify:track:5Ber68jZ7ytegr2UISEdb7","Michael Bublé","Santa Claus Is Coming to Town","143/Reprise",36,-1,19,"571752"
101,"spotify:track:04S1pkp1VaIqjg8zZqknR5","Taylor Swift","Enchanted","Big Machine Records, LLC",50,56,4,"568378"
102,"spotify:track:40iJIUlhi6renaREYGeIDS","Drake, Travis Scott","Fair Trade (with Travis Scott)","OVO",2,85,13,"559023"
103,"spotify:track:6Jzdxguk63s6CVVXHIrQ0x","FelixThe1st, Dréya Mac, Finch Fetti","Own Brand Freestyle","Capitol",96,96,3,"550972"
104,"spotify:track:6eCmK3GQyFuTNWCJHsaF9d","Clean Bandit, Topic, Wes Nelson","Drive (feat. Wes Nelson)","Atlantic Records UK",47,93,17,"546327"
105,"spotify:track:48q0vSHcJdhK3IiXH8C5WJ","Arctic Monkeys","Why'd You Only Call Me When You're High?","Domino Recording Co",38,105,59,"542765"
106,"spotify:track:47ohYW8e7dxCYn9qbUMBCI","Darlene Love","Christmas (Baby Please Come Home)","Legacy Recordings",24,-1,19,"539419"
107,"spotify:track:18vXApRmJSgQ6wG2ll9AOg","Polo G","RAPSTAR","Columbia",3,119,34,"536080"
108,"spotify:track:2gQPv5jvVPqU2a9HhMNO1v","BoyWithUke","Toxic","Republic Records",91,107,5,"533619"
109,"spotify:track:37y7iDayfwm3WXn5BiAoRk","Steve Lacy","Dark Red","Three Quarter",59,104,17,"530804"
110,"spotify:track:4PDJDIdWxNN1AlnbrKkoPf","Crawlers","Come Over (Again)","Lab Records",110,-1,1,"530489"
111,"spotify:track:7qEHsqek33rTcFNT9PFqLf","Lewis Capaldi","Someone You Loved","Vertigo Berlin",1,97,153,"526930"
112,"spotify:track:5wTM2Bm8phDwHAuOsfBwhU","Pretenders","2000 Miles - 2007 Remaster","Rhino/Warner Records",29,-1,19,"521588"
113,"spotify:track:6YrNd7sFarQAUflTPcTH0h","Sam Fender","Spit Of You","Polydor Records",53,81,9,"520292"
114,"spotify:track:7zx1i0jGcFwMBurajgKlO7","Jonasu","Black Magic","3Beat",4,99,23,"519057"
115,"spotify:track:3Wrjm47oTz2sjIgck11l5e","Måneskin","Beggin'","RCA Records Label",4,109,26,"517514"
116,"spotify:track:7jtQIBanIiJOMS6RyCx6jZ","Tom Odell","Another Love","ITNO/Columbia",40,113,43,"515723"
117,"spotify:track:6UjeFOCGYgMpBUtqKg1Je3","Vundabar","Alien Blues","Gawk Records, under exclusive license to Amuseio AB",117,-1,1,"507639"
118,"spotify:track:7kQUdVjev73xIuwu7W6YW9","SR","Welcome To Brixton","SR",113,124,21,"507627"
119,"spotify:track:3nsfB1vus2qaloUdcBZvDu","Taylor Swift","All Too Well (Taylor's Version)","Taylor Swift",16,57,3,"504638"
120,"spotify:track:0ofHAoxe9vBkTCp2UQIavz","Fleetwood Mac","Dreams - 2004 Remaster","Rhino/Warner Records",17,120,85,"501426"
121,"spotify:track:5K6Ssv4Z3zRvxt0P6EKUAP","Galantis, David Guetta, Little Mix","Heartbreak Anthem (with David Guetta & Little Mix)","Big Beat Records",7,112,28,"499208"
122,"spotify:track:3rq5w4bQGigXOfdN30ATJt","Arctic Monkeys","Do I Wanna Know?","Domino Recording Co",52,117,194,"498665"
123,"spotify:track:6cx06DFPPHchuUAcTxznu9","Joel Corry, MNEK","Head & Heart (feat. MNEK)","Atlantic Records UK",1,111,74,"496617"
124,"spotify:track:7j4OmvkjRz0PrjFADlHfQx","Adele","Set Fire to the Rain","XL Recordings",26,80,8,"493939"
125,"spotify:track:5nujrmhLynf4yMoMtj8AQF","Dua Lipa, DaBaby","Levitating (feat. DaBaby)","Warner Records",7,141,61,"488775"
126,"spotify:track:7yq4Qj7cqayVTp3FF9CWbm","Vance Joy","Riptide","Atlantic Records",58,116,211,"488384"
127,"spotify:track:2qbkYhZy5gNl8HrK2XwddI","Tion Wayne, Russ Millions, ArrDee, E1 (3x3), ZT (3x3), Bugzy Malone, Buni, Fivio Foreign, Darkoo","Body (Remix) [feat. ArrDee, E1 (3x3), ZT (3x3), Bugzy Malone, Buni, Fivio Foreign & Darkoo]","Atlantic Records UK",1,135,32,"486395"
128,"spotify:track:563SfWAHJs4FBZMkRN0IFN","Adele","Send My Love (To Your New Lover)","XL Recordings",33,90,18,"479313"
129,"spotify:track:1LPSkqVhWVRUkKE03YUkpB","Bruno Mars, Anderson .Paak, Silk Sonic","Leave The Door Open","Aftermath Entertainment/Atlantic",22,84,30,"478596"
130,"spotify:track:3nOz1U41SZZ0N3fuUWr9nb","Emmy Meli","I AM WOMAN","Disruptor Records/Arista Records",130,-1,1,"476640"
131,"spotify:track:3z4CGd63tpUn9a6oQSG0CI","Dave, Burna Boy","Location (feat. Burna Boy)","Neighbourhood",9,139,143,"472152"
132,"spotify:track:2pXpURmn6zC5ZYDMms6fwa","Perry Como, The Fontane Sisters, Mitchell Ayres & His Orchestra","It's Beginning to Look a Lot Like Christmas (with Mitchell Ayres & His Orchestra)","RCA Records Label",37,-1,17,"470367"
133,"spotify:track:3PIDciSFdrQxSQSihim3hN","Mariah Carey","Christmas (Baby Please Come Home)","Columbia",48,-1,9,"466415"
134,"spotify:track:273QnyCvJB65rScHJ1nPZb","Adele","Make You Feel My Love","XL Recordings",34,79,12,"460134"
135,"spotify:track:5FG7Tl93LdH117jEKYl3Cm","Wizkid, Tems","Essence (feat. Tems)","Starboy/RCA Records",61,-1,20,"459201"
136,"spotify:track:0k1WUmIRnG3xU6fvvDVfRG","Drake, Future, Young Thug","Way 2 Sexy (with Future & Young Thug)","OVO",5,121,13,"456913"
137,"spotify:track:5erCwioOcRwP59NJUAtEK3","D-Block Europe, RAYE","Ferrari Horses","D-Block Europe",11,181,40,"455426"
138,"spotify:track:5qqabIl2vWzo9ApSC317sa","Oasis","Wonderwall - Remastered","Big Brother Recordings Ltd",61,138,253,"455396"
139,"spotify:track:7au23Qf6zRs72N3RztqUQe","D-Block Europe, AJ Tracey","Make You Smile","D-Block Europe",92,92,2,"454307"
140,"spotify:track:3AgiRs3oxc2dFh0CPUHXJs","Cliff Richard","Mistletoe and Wine","Parlophone UK",46,-1,13,"449009"
141,"spotify:track:6UelLqGlWMcVH1E5c4H7lY","Harry Styles","Watermelon Sugar","Columbia",4,125,107,"445213"
142,"spotify:track:7tPO5mQWaJlcDK1Xp5Tp6X","D-Block Europe","Funny Bunny Nails","D-Block Europe",59,59,2,"444924"
143,"spotify:track:37BZB0z9T8Xu7U3e65qxFy","The Weeknd, Ariana Grande","Save Your Tears (with Ariana Grande) (Remix)","Republic Records",14,149,32,"444649"
144,"spotify:track:0Z5ok0QLLttAKsujOZYOXf","Adele","Chasing Pavements","XL Recordings",27,100,8,"441983"
145,"spotify:track:3AJwUDP919kvQ9QcozQPxg","Coldplay","Yellow","Parlophone UK",80,140,57,"441491"
146,"spotify:track:0MWiSBKm8Avs8iDIxcertp","Anne-Marie, Little Mix","Kiss My (Uh Oh)","Atlantic Records/Asylum",21,127,19,"440948"
147,"spotify:track:1EQFOouqdKYdpbNoOHRVO2","GAYLE","abcdefu (angrier)","Atlantic Records/Arthouse Records",147,-1,1,"439765"
148,"spotify:track:4pt5fDVTg5GhEvEtlz9dKk","Måneskin","I WANNA BE YOUR SLAVE","RCA Records Label",5,165,28,"439050"
149,"spotify:track:0rt63HYAAIzUZo5O2D0uA6","Ed Sheeran","Visiting Hours","Atlantic Records UK",12,118,15,"438584"
150,"spotify:track:4SqWKzw0CbA05TGszDgMlc","The Walters","I Love You So","Warner Records",106,159,7,"438169"
151,"spotify:track:7IPKXYU2rTMnrLW5IZ7ZI5","Dave","Verdansk","Neighbourhood",5,153,19,"437868"
152,"spotify:track:6hlrui656yBRUb3qGkd5lH","Knucks","Los Pollos Hermanos","NODAYSOFF CC LIMITED",152,168,5,"434984"
153,"spotify:track:6HU7h9RYOaPRFeh0R3UeAr","Olivia Rodrigo","deja vu","Olivia Rodrigo PS",3,-1,33,"434770"
154,"spotify:track:5Q2P43CJra0uRAogjHyJDK","Brett Eldredge, Meghan Trainor","Baby, It's Cold Outside (feat. Meghan Trainor)","Atlantic Nashville",43,-1,15,"431561"
155,"spotify:track:0eu4C55hL6x29mmeAjytzC","Oliver Tree","Life Goes On","Atlantic Records",30,126,11,"431418"
156,"spotify:track:6XYw65P3tKQZKk5fzdxjvG","D-Block Europe, Lil Pino","Kevin McCallister","D-Block Europe",92,106,4,"427163"
157,"spotify:track:62vpWI1CHwFy7tMIcSStl8","J. Cole","No Role Modelz","Roc Nation Records LLC",95,179,53,"426857"
158,"spotify:track:1VLtjHwRWOVJiE5Py7JxoQ","Polo G","Martin & Gina","Columbia",45,185,65,"426605"
159,"spotify:track:6pVW5LRWgeLaHudxauOTJU","Daryl Hall & John Oates","Jingle Bell Rock - Daryl's Version","Legacy Recordings",44,-1,15,"425180"
160,"spotify:track:3dYD57lRAUcMHufyqn9GcI","Hozier","Take Me to Church","Columbia",84,167,73,"424060"
161,"spotify:track:285pBltuF7vW8TeWk8hdRR","Juice WRLD","Lucid Dreams","Juice WRLD Mixtape / ISR P&D",6,162,183,"423422"
162,"spotify:track:46nvQpUDsxpS08UTFOeKTA","MEDUZA, Hozier","Tell It To My Heart","Universal-Island Records Ltd.",68,131,5,"422463"
163,"spotify:track:6FE2iI43OZnszFLuLtvvmg","MKTO","Classic","Columbia/M2V",75,147,44,"422284"
164,"spotify:track:2pnPe4pJtq7689i5ydzvJJ","Chuck Berry","Run Rudolph Run","Geffen*",49,-1,16,"422003"
165,"spotify:track:2vXKRlJBXyOcvZYTdNeckS","Gesaffelstein, The Weeknd","Lost in the Fire (feat. The Weeknd)","Columbia",10,142,15,"420789"
166,"spotify:track:58ge6dfP91o9oXMzq3XkIS","Arctic Monkeys","505","Domino/Warner Records",99,180,46,"418883"
167,"spotify:track:6CltzquypraYIlWFp48m1O","Sam Fender","Hypersonic Missiles","Polydor Records",66,132,15,"418316"
168,"spotify:track:0W6I02J9xcqK8MtSeosEXb","Doja Cat","Get Into It (Yuh)","Kemosabe Records/RCA Records",42,158,18,"418091"
169,"spotify:track:7qM1BWAsZMTYh4BcYLb0uQ","Juice WRLD","Already Dead","Grade A Productions/Interscope Records",22,82,3,"417865"
170,"spotify:track:6mSzsSdu0CWIV70jEjWMhI","ArrDee","Oliver Twist","Universal-Island Records Ltd.",8,166,26,"413865"
171,"spotify:track:4cG7HUWYHBV6R6tHn1gxrl","Riton, Nightcrawlers, Mufasa & Hypeman, Dopamine","Friday (feat. Mufasa & Hypeman) - Dopamine Re-Edit","Ministry of Sound Recordings",3,190,45,"412883"
172,"spotify:track:0RiRZpuVRbi7oqRdSMwhQY","Post Malone, Swae Lee","Sunflower - Spider-Man: Into the Spider-Verse","Republic Records",3,174,163,"412233"
173,"spotify:track:0gucTLf7trAf37Ua1uAyAu","Nirvana","Smells Like Teen Spirit","Geffen",85,164,50,"410453"
174,"spotify:track:7hU3IHwjX150XLoTVmjD0q","LISA","MONEY","YG Entertainment/Interscope Records",48,137,9,"408172"
175,"spotify:track:3yfqSUWxFvZELEM4PmlwIR","Eminem","The Real Slim Shady","Interscope",99,183,37,"405543"
176,"spotify:track:0sTlGEld0h8kIPZaKDYUf4","The Rare Occasions","Notion","Elektra (NEK)",176,186,2,"403788"
177,"spotify:track:7EkWXAI1wn8Ii883ecd9xr","Surf Curse","Freaks","Surf Curse",60,189,31,"403312"
178,"spotify:track:5QO79kh1waicV47BqGRL3g","The Weeknd","Save Your Tears","Republic Records",7,-1,43,"401943"
179,"spotify:track:3J8EOeKLTLXORtWPpOU5bE","Lil Tjay, 6LACK","Calling My Phone","Columbia",1,-1,39,"398056"
180,"spotify:track:0Ie5uiv54KgCr7P4sYDTHl","Idina Menzel, Michael Bublé","Baby It's Cold Outside (with Michael Bublé)","Warner Records",44,-1,19,"397963"
181,"spotify:track:5uCax9HTNlzGybIStD3vDh","James Arthur","Say You Won't Let Go","Columbia",5,175,244,"396821"
182,"spotify:track:01K4zKU104LyJ8gMb7227B","Taylor Swift, Phoebe Bridgers","Nothing New (feat. Phoebe Bridgers) (Taylor’s Version) (From The Vault)","Taylor Swift",25,88,3,"396713"
183,"spotify:track:0lk5tzmaJWVAv5GBvpm3xu","Fireboy DML","Peru","YBNL Nation / EMPIRE",183,-1,1,"395637"
184,"spotify:track:7pnQ23WgZca9jEfMts9qsR","A1 x J1","Latest Trends","EMI",4,-1,40,"393820"
185,"spotify:track:0UvCh63URrLFcPkKt99hHd","Oasis","Don't Look Back In Anger - Remastered","Big Brother Recordings Ltd",44,187,206,"393456"
186,"spotify:track:2EBnvom1dTybtm75a3Xh1T","Tate McRae","feel like shit","RCA Records Label",101,122,3,"391719"
187,"spotify:track:18asYwWugKjjsihZ0YvRxO","Tiësto, Ava Max","The Motto","Atlantic Records",92,156,4,"390473"
188,"spotify:track:4OAuvHryIVv4kMDNSLuPt6","Taylor Swift","Red (Taylor's Version)","Taylor Swift",18,68,3,"390240"
189,"spotify:track:2gMXnyrvIjhVBUZwvLZDMP","Lewis Capaldi","Before You Go","Vertigo Berlin",1,170,107,"389717"
190,"spotify:track:2qqZ5fOGuNvYVzgPFDLQ4l","Boney M.","Mary's Boy Child / Oh My Lord","Sony Music Catalog",30,-1,19,"388993"
191,"spotify:track:0k4d5YPDr1r7FX77VdqWez","Doja Cat, The Weeknd","You Right","Kemosabe Records/RCA Records",13,196,18,"388227"
192,"spotify:track:3Iba59sFmGhQ4kbCY5L8AX","Tom Grennan","Little Bit of Love","Insanity Records",12,-1,39,"387081"
193,"spotify:track:5e9TFTbltYBg2xThimr0rU","Fleetwood Mac","The Chain - 2004 Remaster","Rhino/Warner Records",74,-1,112,"384637"
194,"spotify:track:4iJyoBOLtHqaGxP12qzhQI","Justin Bieber, Daniel Caesar, Giveon","Peaches (feat. Daniel Caesar & Giveon)","RBMG/Def Jam",1,-1,35,"384335"
195,"spotify:track:2DRMuw0U0QbkVQxWxdJV3M","Adele","Water Under the Bridge","XL Recordings",25,188,25,"384282"
196,"spotify:track:14Bcv6siTBPw3TlP84dasC","KSI","Holiday","BMG Rights Management (US) LLC",2,-1,23,"384155"
197,"spotify:track:7lQ8MOhq6IN2w8EYcFNSUk","Eminem","Without Me","Aftermath",145,-1,21,"381789"
198,"spotify:track:135Lf4Q0CzlMNfOxbEUsLH","Benson Boone","GHOST TOWN","Night Street Records, Inc./Warner Records Inc.",79,151,6,"378895"
199,"spotify:track:7BHPGtpuuWWsvE7cCaMuEU","The Kooks","Naive","Virgin Records",68,-1,209,"378004"
200,"spotify:track:1N1ZpYUJc9fwrqk53FGgWv","Sia","Santa's Coming for Us","Monkey Puzzle/Atlantic",56,-1,18,"376812"
