﻿rank,uri,artist_names,track_name,source,peak_rank,previous_rank,weeks_on_chart,streams
1,"spotify:track:46IZ0fSY2mpAiktS3KOqds","Adele","Easy On Me","Columbia",1,1,6,"5575952"
2,"spotify:track:3Kkjo3cT83cw09VJyrLNwX","Adele","Oh My God","Columbia",2,-1,1,"3379232"
3,"spotify:track:6v0UJD4a2FtleHeSYVX02A","Adele","I Drink Wine","Columbia",3,-1,1,"2949719"
4,"spotify:track:2DuPBbS5mIldXnh7Wum8Cy","Adele","My Little Love","Columbia",4,-1,1,"2815591"
5,"spotify:track:6w8ZPYdnGajyfPddTWdthN","Adele","Can I Get It","Columbia",5,-1,1,"2701513"
6,"spotify:track:13CVSGLSFl4UxpDVR6u3dq","Adele","Strangers By Nature","Columbia",6,-1,1,"2404757"
7,"spotify:track:50nfwKoDiSYg8zOCREWAm5","Ed Sheeran","Shivers","Atlantic Records UK",1,3,11,"2349218"
8,"spotify:track:09u787BYeYIGd2mFIJ505t","Adele","Cry Your Heart Out","Columbia",8,-1,1,"2301358"
9,"spotify:track:10ImcQk9tihY1EKMDIbvXJ","Adele","To Be Loved","Columbia",9,-1,1,"2227832"
10,"spotify:track:5rF6YUIlgiat22OT1lWspJ","Sam Fender","Seventeen Going Under","Polydor Records",8,8,7,"2080674"
11,"spotify:track:6bGMSP3H9YqkmaLnaJTIoF","Adele","Hold On","Columbia",11,-1,1,"2031716"
12,"spotify:track:337kcYVjYXdLBItCw9ry3b","D-Block Europe, Central Cee","Overseas","D-Block Europe",12,-1,1,"2024532"
13,"spotify:track:7rglLriMNBPAyuJOMGwi39","Elton John, Dua Lipa, PNAU","Cold Heart - PNAU Remix","EMI",2,4,15,"1984597"
14,"spotify:track:5enxwA8aAbwZbf5qCHORXi","Taylor Swift","All Too Well (10 Minute Version) (Taylor's Version) (From The Vault)","Taylor Swift",2,2,2,"1925713"
15,"spotify:track:496vIKS2INz840xZaKncvR","Adele","All Night Parking (with Erroll Garner) Interlude","Columbia",15,-1,1,"1911823"
16,"spotify:track:2c6xRsQBv7pynuhYhWoHxo","Adele","Woman Like Me","Columbia",16,-1,1,"1889600"
17,"spotify:track:2BzAGK3lEZAQz5cU0Ae1wd","ArrDee","Flowers (Say My Name)","Universal-Island Records Ltd.",5,5,3,"1855628"
18,"spotify:track:3rmo8F54jFF8OgYsqTxm5d","Ed Sheeran","Bad Habits","Atlantic Records UK",1,6,22,"1819165"
19,"spotify:track:1xIqDFx3KdByBnKMlTECcM","SwitchOTR, A1 x J1","Coming for You (feat. A1 x J1)","Robots & Humans",11,11,4,"1760866"
20,"spotify:track:2j3GxEsbNYNeEzz86wDY4J","Adele","Love Is A Game","Columbia",20,-1,1,"1724273"
21,"spotify:track:5PjdY0CKGZdEuoNab3yDmX","The Kid LAROI, Justin Bieber","STAY (with Justin Bieber)","Columbia",1,7,20,"1709667"
22,"spotify:track:02MWAaffLxlfxAUY7c5dvx","Glass Animals","Heat Waves","Polydor Records",5,9,58,"1696698"
23,"spotify:track:5Z9KJZvQzH6PFmb8SNkxuk","Lil Nas X, Jack Harlow","INDUSTRY BABY (feat. Jack Harlow)","Columbia",4,13,18,"1388546"
24,"spotify:track:4btFHqumCO31GksfuBLLv3","Ed Sheeran","Overpass Graffiti","Atlantic Records UK",5,14,4,"1371585"
25,"spotify:track:4PYfFHKfjYz6dwAtZhBy1z","Central Cee","Obsessed With You","Central Cee",5,12,11,"1364014"
26,"spotify:track:2Xr1dTzJee307rmrkt8c0g","CKay","love nwantiti (ah ah ah)","Chocolate City Music",8,15,11,"1334514"
27,"spotify:track:7sMBvZCSUl99bJLXZaLa0b","Bruno Mars, Anderson .Paak, Silk Sonic","Smokin Out The Window","Aftermath Entertainment/Atlantic",10,10,3,"1307643"
28,"spotify:track:20on25jryn53hWghthWWW3","ACRAZE, Cherish","Do It To It","Thrive Music, LLC",28,29,4,"1274934"
29,"spotify:track:0bYg9bo50gSsH3LtXe2SQn","Mariah Carey","All I Want for Christmas Is You","Columbia",1,56,39,"1195609"
30,"spotify:track:6Uj1ctrBOjOas8xZXGqKk4","Doja Cat","Woman","Kemosabe Records/RCA Records",11,17,20,"1193892"
31,"spotify:track:0e8nrvls4Qqv5Rfa2UhqmO","Lil Nas X","THATS WHAT I WANT","Columbia",9,19,10,"1159558"
32,"spotify:track:4fouWK6XVHhzl78KzQ1UjL","GAYLE","abcdefu","Atlantic/Arthouse Records",32,115,2,"1159363"
33,"spotify:track:07MDkzWARZaLEdKxo6yArG","THE ANXIETY, WILLOW, Tyler Cole","Meet Me At Our Spot","MSFTSMusic / Roc Nation Records, LLC",13,20,13,"1136207"
34,"spotify:track:2dWNKXTs5z7Iu1g0kYh4Xe","Becky Hill, Topic","My Heart Goes (La Di Da) (feat. Topic)","Polydor Records",15,23,13,"1125859"
35,"spotify:track:2FRnf9qhLbvw8fu4IBXx78","Wham!","Last Christmas","Epic",1,75,36,"1092607"
36,"spotify:track:4ZtFanR9U6ndgddUvNcjcG","Olivia Rodrigo","good 4 u","Olivia Rodrigo PS",1,21,28,"1071086"
37,"spotify:track:5krhFNgUcYHwXlNPJJYzFM","Ewan McVicar","Tell Me Something Good","Ministry of Sound Recordings",22,24,12,"1047594"
38,"spotify:track:3meWkWgDoEQ3gmwzryxlfs","D-Block Europe","No Competition","D-Block Europe",34,86,4,"1042938"
39,"spotify:track:6O5TrlFWTYvznd9fMC0VvU","Adele","When We Were Young","XL Recordings",10,43,17,"1002222"
40,"spotify:track:0W7brFokN6QtGRNp32RCQP","Arz","Alone With You","Capitol",25,30,15,"986495"
41,"spotify:track:6IAZHEBUIGJ6NJKxxOBIEr","Adele","Rolling in the Deep","XL Recordings",17,73,10,"939177"
42,"spotify:track:6Dy1jexKYriXAVG6evyUTJ","Joel Corry, Jax Jones, Charli XCX, Saweetie","OUT OUT (feat. Charli XCX & Saweetie)","Atlantic Records UK",12,26,15,"938355"
43,"spotify:track:5lkpeJwmQKgY3bX2zChjxX","Adele","Someone Like You","XL Recordings",15,61,22,"906701"
44,"spotify:track:0YORgvqP1MotwCnDZzOwII","Joel Corry, Mabel","I Wish (feat. Mabel)","Atlantic Records UK",40,40,4,"881485"
45,"spotify:track:00Blm7zeNqgYLPtW6zg8cj","Post Malone, The Weeknd","One Right Now (with The Weeknd)","Republic Records",19,27,3,"880191"
46,"spotify:track:46HNZY1i7O6jwTA7Slo2PI","Coldplay, BTS","My Universe","Parlophone UK",17,33,9,"868540"
47,"spotify:track:4RVwu0g32PAqgUiJoXsdF8","Billie Eilish","Happier Than Ever","Darkroom/Interscope Records",4,34,17,"835226"
48,"spotify:track:2zxEc1GCSCxbHIXTfhraRC","Dave, Stormzy","Clash (feat. Stormzy)","Neighbourhood",2,39,20,"822382"
49,"spotify:track:6f5ExP43esnvdKPddwKXJH","NEIKED, Mae Muller, Polo G","Better Days (NEIKED x Mae Muller x Polo G)","Capitol Records UK / EMI",38,46,5,"821888"
50,"spotify:track:003vvx7Niy0yvhvHt4a68B","The Killers","Mr. Brightside","Island Records",34,45,257,"815195"
51,"spotify:track:6I3mqTwhRpn34SLVafSH7G","Justin Bieber","Ghost","RBMG/Def Jam",45,53,9,"801545"
52,"spotify:track:0DuWDLjriRPjDRoPgaCslY","Adele","Love In The Dark","XL Recordings",14,57,8,"791315"
53,"spotify:track:4XvcHTUfIlWfyJTRG0aqlo","Sleepy Hallow","2055","Winners Circle/RCA Records",21,38,19,"784178"
54,"spotify:track:0lLdorYw7lVrJydTINhWdI","Michael Bublé","It's Beginning to Look a Lot like Christmas","143/Reprise",3,156,30,"778542"
55,"spotify:track:09gysnJpfQ3ublBmJDfcEC","Amaarae, Kali Uchis, Moliy","SAD GIRLZ LUV MONEY Remix (feat. Kali Uchis and Moliy)","0207 Def Jam",34,41,4,"778449"
56,"spotify:track:04S1pkp1VaIqjg8zZqknR5","Taylor Swift","Enchanted","Big Machine Records, LLC",50,50,3,"729833"
57,"spotify:track:3nsfB1vus2qaloUdcBZvDu","Taylor Swift","All Too Well (Taylor's Version)","Taylor Swift",16,16,2,"729099"
58,"spotify:track:2gpWyfu7eZ01zzncHpxOtA","Swedish House Mafia, The Weeknd","Moth To A Flame (with The Weeknd)","Republic Records",13,47,5,"727423"
59,"spotify:track:7tPO5mQWaJlcDK1Xp5Tp6X","D-Block Europe","Funny Bunny Nails","D-Block Europe",59,-1,1,"699192"
60,"spotify:track:3VTNVsTTu05dmTsVFrmGpK","The Pogues, Kirsty MacColl","Fairytale of New York (feat. Kirsty MacColl)","WM UK",3,171,30,"694330"
61,"spotify:track:2EjXfH91m7f8HiJN1yQg97","Brenda Lee","Rockin' Around The Christmas Tree","MCA Nashville",3,187,28,"689050"
62,"spotify:track:37Nqx7iavZpotJSDXZWbJ3","Drake, Lil Baby","Girls Want Girls (with Lil Baby)","OVO",1,48,12,"686867"
63,"spotify:track:32pPek0KsHsMSSFogNu49f","Digga D, ArrDee","Wasted","EGA Music Group",9,52,15,"683858"
64,"spotify:track:6feiJqgHqeSvkGUzf11AYs","Becky Hill, David Guetta","Remember (with David Guetta)","Polydor Records",6,60,23,"674759"
65,"spotify:track:2TE4xW3ImvpltVU0cPcKUn","Shakin' Stevens","Merry Christmas Everyone","Sony Music CG",7,-1,24,"669790"
66,"spotify:track:3Vi5XqYrmQgOYBajMWSvCi","Doja Cat","Need to Know","Kemosabe Records/RCA Records",8,55,24,"665529"
67,"spotify:track:3DarAbFujv6eYNliUTyqtz","Doja Cat, SZA","Kiss Me More (feat. SZA)","Kemosabe Records/RCA Records",2,64,33,"664257"
68,"spotify:track:4OAuvHryIVv4kMDNSLuPt6","Taylor Swift","Red (Taylor's Version)","Taylor Swift",18,18,2,"660137"
69,"spotify:track:3uUuGVFu1V7jTQL60S1r8z","Lost Frequencies, Calum Scott","Where Are You Now","Epic Amsterdam",63,76,7,"658724"
70,"spotify:track:48USW4aYqrylYWJmFPbC8A","Dermot Kennedy","Better Days","Riggins Recording",60,88,17,"652518"
71,"spotify:track:0VjIjW4GlUZAMYd2vXMi3b","The Weeknd","Blinding Lights","Republic Records",1,71,104,"652106"
72,"spotify:track:1SC5rEoYDGUK4NfG82494W","Lil Nas X","MONTERO (Call Me By Your Name)","Columbia",1,69,35,"646181"
73,"spotify:track:0lizgQ7Qw35od7CYaoMBZb","Ariana Grande","Santa Tell Me","Universal Records",5,184,30,"644416"
74,"spotify:track:0UQT8GoNK06QGk9PlWlSu3","D-Block Europe","Intro","D-Block Europe",74,-1,1,"643182"
75,"spotify:track:1r9xUipOqoNwggBpENDsvJ","Imagine Dragons, JID, Arcane, League of Legends","Enemy (with JID) - from the series Arcane League of Legends","KIDinaKORNER/Interscope Records",75,117,2,"639991"
76,"spotify:track:5ZeEivSbs2dhSxaUSdBeGo","D-Block Europe, Offset","Chrome Hearts","D-Block Europe",76,-1,1,"629805"
77,"spotify:track:4kHsTSrTX9IqqsI436VgTa","D-Block Europe, Wretch 32","Don't Go","D-Block Europe",77,-1,1,"626718"
78,"spotify:track:0qL2I0zJBhdVV5SrfVIrcx","D-Block Europe","Blood Diamonds","D-Block Europe",78,-1,1,"617659"
79,"spotify:track:273QnyCvJB65rScHJ1nPZb","Adele","Make You Feel My Love","XL Recordings",34,118,11,"614320"
80,"spotify:track:7j4OmvkjRz0PrjFADlHfQx","Adele","Set Fire to the Rain","XL Recordings",26,127,7,"613773"
81,"spotify:track:6YrNd7sFarQAUflTPcTH0h","Sam Fender","Spit Of You","Polydor Records",53,95,8,"603956"
82,"spotify:track:7qM1BWAsZMTYh4BcYLb0uQ","Juice WRLD","Already Dead","Grade A Productions/Interscope Records",22,22,2,"603181"
83,"spotify:track:1RkDvp3Cj5PsOcyR9uAqwK","D-Block Europe","Crypto's & Crime","D-Block Europe",83,-1,1,"598522"
84,"spotify:track:1LPSkqVhWVRUkKE03YUkpB","Bruno Mars, Anderson .Paak, Silk Sonic","Leave The Door Open","Aftermath Entertainment/Atlantic",22,36,29,"591810"
85,"spotify:track:40iJIUlhi6renaREYGeIDS","Drake, Travis Scott","Fair Trade (with Travis Scott)","OVO",2,68,12,"590827"
86,"spotify:track:5CZ40GBx1sQ9agT82CLQCT","Olivia Rodrigo","traitor","Olivia Rodrigo PS",6,90,27,"590022"
87,"spotify:track:0247StOpd3AkeBQzANX4Zf","Band Aid","Do They Know It's Christmas? - 1984 Version","EMI",4,-1,27,"588082"
88,"spotify:track:01K4zKU104LyJ8gMb7227B","Taylor Swift, Phoebe Bridgers","Nothing New (feat. Phoebe Bridgers) (Taylor’s Version) (From The Vault)","Taylor Swift",25,25,2,"586924"
89,"spotify:track:6xfIfBfFQQSQjVNNgIjmmx","D-Block Europe, Young Adz","Money Can't Buy Heart","D-Block Europe",89,-1,1,"585780"
90,"spotify:track:563SfWAHJs4FBZMkRN0IFN","Adele","Send My Love (To Your New Lover)","XL Recordings",33,146,17,"585307"
91,"spotify:track:58BJ5oUPX5ST2pjCtOSMkk","Da Beatfreakz, Russ Millions, RAYE, wewantwraiths","Money Calling (feat. RAYE, Russ Millions & wewantwraiths)","Columbia",59,89,4,"577198"
92,"spotify:track:7au23Qf6zRs72N3RztqUQe","D-Block Europe, AJ Tracey","Make You Smile","D-Block Europe",92,-1,1,"576884"
93,"spotify:track:6eCmK3GQyFuTNWCJHsaF9d","Clean Bandit, Topic, Wes Nelson","Drive (feat. Wes Nelson)","Atlantic Records UK",47,72,16,"576738"
94,"spotify:track:2QjOHCTQ1Jl3zawyYOpxh6","The Neighbourhood","Sweater Weather","Columbia",39,91,61,"571261"
95,"spotify:track:3nAp4IvdMPPWEH9uuXFFV5","Kelly Clarkson","Underneath the Tree","RCA Records Label",6,-1,23,"568125"
96,"spotify:track:6Jzdxguk63s6CVVXHIrQ0x","FelixThe1st, Dréya Mac, Finch Fetti","Own Brand Freestyle","Capitol",96,153,2,"565918"
97,"spotify:track:7qEHsqek33rTcFNT9PFqLf","Lewis Capaldi","Someone You Loved","Vertigo Berlin",1,98,152,"564133"
98,"spotify:track:5wANPM4fQCJwkGd4rN57mH","Olivia Rodrigo","drivers license","Olivia Rodrigo PS",1,100,46,"556028"
99,"spotify:track:7zx1i0jGcFwMBurajgKlO7","Jonasu","Black Magic","3Beat",4,58,22,"546923"
100,"spotify:track:0Z5ok0QLLttAKsujOZYOXf","Adele","Chasing Pavements","XL Recordings",27,133,7,"546508"
101,"spotify:track:7vQbuQcyTflfCIOu3Uzzya","Bobby Helms","Jingle Bell Rock","Geffen",6,-1,24,"543160"
102,"spotify:track:27qAMKrDdKEs8HDXcvR24R","Chris Rea","Driving Home for Christmas","Rhino",9,-1,23,"540475"
103,"spotify:track:05eSfuRkkgRB4fs4Zt1EIc","D-Block Europe","Love Is Blind","D-Block Europe",103,-1,1,"537751"
104,"spotify:track:37y7iDayfwm3WXn5BiAoRk","Steve Lacy","Dark Red","Three Quarter",59,103,16,"537623"
105,"spotify:track:48q0vSHcJdhK3IiXH8C5WJ","Arctic Monkeys","Why'd You Only Call Me When You're High?","Domino Recording Co",38,126,58,"535172"
106,"spotify:track:6XYw65P3tKQZKk5fzdxjvG","D-Block Europe, Lil Pino","Kevin McCallister","D-Block Europe",92,-1,3,"533459"
107,"spotify:track:2gQPv5jvVPqU2a9HhMNO1v","BoyWithUke","Toxic","Republic Records",91,107,4,"521844"
108,"spotify:track:3WiU8VQpf42fBiDyAr7RfI","D-Block Europe, Jordan Morris, Tiny Boost","Miskeen","D-Block Europe",108,-1,1,"519924"
109,"spotify:track:3Wrjm47oTz2sjIgck11l5e","Måneskin","Beggin'","RCA Records Label",4,104,25,"519871"
110,"spotify:track:1IcR6RlgvDczfvoWJSSY2A","Andy Williams","It's the Most Wonderful Time of the Year","Columbia",5,-1,26,"518832"
111,"spotify:track:6cx06DFPPHchuUAcTxznu9","Joel Corry, MNEK","Head & Heart (feat. MNEK)","Atlantic Records UK",1,109,73,"513569"
112,"spotify:track:5K6Ssv4Z3zRvxt0P6EKUAP","Galantis, David Guetta, Little Mix","Heartbreak Anthem (with David Guetta & Little Mix)","Big Beat Records",7,93,27,"512119"
113,"spotify:track:7jtQIBanIiJOMS6RyCx6jZ","Tom Odell","Another Love","ITNO/Columbia",40,120,42,"507973"
114,"spotify:track:1mH6tZC6iXIHPI6EixCwxw","Wizzard","I Wish It Could Be Christmas Everyday","Parlophone UK",18,-1,22,"501556"
115,"spotify:track:6sBWmE23q6xQHlnEZ8jYPT","Elton John","Step Into Christmas - Remastered 1995","UMC (Universal Music Catalogue)",7,-1,24,"499784"
116,"spotify:track:7yq4Qj7cqayVTp3FF9CWbm","Vance Joy","Riptide","Atlantic Records",58,116,210,"498620"
117,"spotify:track:3rq5w4bQGigXOfdN30ATJt","Arctic Monkeys","Do I Wanna Know?","Domino Recording Co",52,124,193,"496108"
118,"spotify:track:0rt63HYAAIzUZo5O2D0uA6","Ed Sheeran","Visiting Hours","Atlantic Records UK",12,81,14,"494657"
119,"spotify:track:18vXApRmJSgQ6wG2ll9AOg","Polo G","RAPSTAR","Columbia",3,113,33,"492764"
120,"spotify:track:0ofHAoxe9vBkTCp2UQIavz","Fleetwood Mac","Dreams - 2004 Remaster","Rhino/Warner Records",17,121,84,"489623"
121,"spotify:track:0k1WUmIRnG3xU6fvvDVfRG","Drake, Future, Young Thug","Way 2 Sexy (with Future & Young Thug)","OVO",5,108,12,"486518"
122,"spotify:track:2EBnvom1dTybtm75a3Xh1T","Tate McRae","feel like shit","RCA Records Label",101,101,2,"482518"
123,"spotify:track:1Yk0cQdMLx5RzzFTYwmuld","Adele","Hello","XL Recordings",49,-1,17,"481499"
124,"spotify:track:7kQUdVjev73xIuwu7W6YW9","SR","Welcome To Brixton","SR",113,134,20,"479420"
125,"spotify:track:6UelLqGlWMcVH1E5c4H7lY","Harry Styles","Watermelon Sugar","Columbia",4,141,106,"479384"
126,"spotify:track:0eu4C55hL6x29mmeAjytzC","Oliver Tree","Life Goes On","Atlantic Records",30,110,10,"475580"
127,"spotify:track:0MWiSBKm8Avs8iDIxcertp","Anne-Marie, Little Mix","Kiss My (Uh Oh)","Atlantic Records/Asylum",21,94,18,"474265"
128,"spotify:track:4IQkfUsrwXol38VV3U7t7T","Taylor Swift, Ed Sheeran","Run (feat. Ed Sheeran) (Taylor’s Version) (From The Vault)","Taylor Swift",37,37,2,"472964"
129,"spotify:track:6N0dFsh16LrXwQQJY553en","D-Block Europe","Desire","D-Block Europe",129,-1,1,"471339"
130,"spotify:track:3LWaTTIPou8XT6goIkmDJV","D-Block Europe, Tion Wayne","Be Polite","D-Block Europe",130,-1,1,"469355"
131,"spotify:track:46nvQpUDsxpS08UTFOeKTA","MEDUZA, Hozier","Tell It To My Heart","Universal-Island Records Ltd.",68,112,4,"467074"
132,"spotify:track:6CltzquypraYIlWFp48m1O","Sam Fender","Hypersonic Missiles","Polydor Records",66,164,14,"466034"
133,"spotify:track:4CkgMiMqZ5JzW9iYXSTMTL","Taylor Swift, Chris Stapleton","I Bet You Think About Me (feat. Chris Stapleton) (Taylor’s Version) (From The Vault)","Taylor Swift",49,49,2,"464821"
134,"spotify:track:7xapw9Oy21WpfEcib2ErSA","Justin Bieber","Mistletoe","RBMG/Def Jam",17,-1,25,"463637"
135,"spotify:track:2qbkYhZy5gNl8HrK2XwddI","Tion Wayne, Russ Millions, ArrDee, E1 (3x3), ZT (3x3), Bugzy Malone, Buni, Fivio Foreign, Darkoo","Body (Remix) [feat. ArrDee, E1 (3x3), ZT (3x3), Bugzy Malone, Buni, Fivio Foreign & Darkoo]","Atlantic Records UK",1,148,31,"459095"
136,"spotify:track:1SV1fxF65n9NhRHp3KlBuu","Paul McCartney","Wonderful Christmastime - Edited Version / Remastered 2011","Paul McCartney Catalog",12,-1,24,"458711"
137,"spotify:track:7hU3IHwjX150XLoTVmjD0q","LISA","MONEY","YG Entertainment/Interscope Records",48,123,8,"456559"
138,"spotify:track:5qqabIl2vWzo9ApSC317sa","Oasis","Wonderwall - Remastered","Big Brother Recordings Ltd",61,142,252,"456249"
139,"spotify:track:3z4CGd63tpUn9a6oQSG0CI","Dave, Burna Boy","Location (feat. Burna Boy)","Neighbourhood",9,140,142,"454392"
140,"spotify:track:3AJwUDP919kvQ9QcozQPxg","Coldplay","Yellow","Parlophone UK",80,143,56,"452170"
141,"spotify:track:5nujrmhLynf4yMoMtj8AQF","Dua Lipa, DaBaby","Levitating (feat. DaBaby)","Warner Records",7,131,60,"451979"
142,"spotify:track:2vXKRlJBXyOcvZYTdNeckS","Gesaffelstein, The Weeknd","Lost in the Fire (feat. The Weeknd)","Columbia",10,119,14,"450154"
143,"spotify:track:6AtZLIzUINvExIUy4QhdjP","Taylor Swift","I Knew You Were Trouble (Taylor's Version)","Taylor Swift",28,28,2,"449527"
144,"spotify:track:08SB2OtZkaliju77WYEKxk","Summer Walker, SZA","No Love (with SZA)","LVRN/Interscope Records",31,96,3,"447949"
145,"spotify:track:19aDB59M3bD2ByWM2QONeb","D-Block Europe, Lil Pino","Black Sheep","D-Block Europe",145,-1,1,"445864"
146,"spotify:track:4U8tNqzAxS2Rtz11s5qeaZ","D-Block Europe","Patek Pain","D-Block Europe",146,-1,1,"444458"
147,"spotify:track:6FE2iI43OZnszFLuLtvvmg","MKTO","Classic","Columbia/M2V",75,130,43,"442904"
148,"spotify:track:1IwPqpw3i28fiJB9bi3o1H","D-Block Europe, M Huncho","Mood","D-Block Europe",148,-1,1,"442019"
149,"spotify:track:37BZB0z9T8Xu7U3e65qxFy","The Weeknd, Ariana Grande","Save Your Tears (with Ariana Grande) (Remix)","Republic Records",14,144,31,"441388"
150,"spotify:track:5Qq3zFalngksq1frZ7idHt","Digga D","Red Light Green Light","EGA Music Group",20,85,5,"440269"
151,"spotify:track:135Lf4Q0CzlMNfOxbEUsLH","Benson Boone","GHOST TOWN","Night Street Records, Inc./Warner Records Inc.",79,125,5,"434885"
152,"spotify:track:6rbusyA3DqbX30SLn7aofn","Mimi Webb","24/5","Epic",39,128,11,"433890"
153,"spotify:track:7IPKXYU2rTMnrLW5IZ7ZI5","Dave","Verdansk","Neighbourhood",5,145,18,"432306"
154,"spotify:track:2q9MkXnlQZDe0vDvUReQ4k","D-Block Europe","Pay Attention","D-Block Europe",154,-1,1,"431013"
155,"spotify:track:6lzc0Al0zfZOIFsFvBS1ki","Taylor Swift","State Of Grace (Taylor's Version)","Taylor Swift",31,31,2,"429289"
156,"spotify:track:18asYwWugKjjsihZ0YvRxO","Tiësto, Ava Max","The Motto","Atlantic Records",92,152,3,"429211"
157,"spotify:track:2SUxn2O9NHL6GHGQFgwCY0","Ed Sheeran","2step","Atlantic Records UK",18,102,4,"428762"
158,"spotify:track:0W6I02J9xcqK8MtSeosEXb","Doja Cat","Get Into It (Yuh)","Kemosabe Records/RCA Records",42,149,17,"428447"
159,"spotify:track:4SqWKzw0CbA05TGszDgMlc","The Walters","I Love You So","Warner Records",106,154,6,"427609"
160,"spotify:track:3z6XUommYDWPHeFhmhhT6j","Taylor Swift","Message In A Bottle (Taylor's Version) (From The Vault)","Taylor Swift",44,44,2,"427248"
161,"spotify:track:1Ov37jtRQ2YNAe8HzfczkL","Taylor Swift","Wildest Dreams (Taylor's Version)","Taylor Swift",34,122,10,"425721"
162,"spotify:track:285pBltuF7vW8TeWk8hdRR","Juice WRLD","Lucid Dreams","Juice WRLD Mixtape / ISR P&D",6,193,182,"424828"
163,"spotify:track:6RfhBNU1FPWTG7VESlfgOl","Polo G","Bad Man (Smooth Criminal)","Columbia",66,66,2,"423263"
164,"spotify:track:0gucTLf7trAf37Ua1uAyAu","Nirvana","Smells Like Teen Spirit","Geffen",85,158,49,"420009"
165,"spotify:track:4pt5fDVTg5GhEvEtlz9dKk","Måneskin","I WANNA BE YOUR SLAVE","RCA Records Label",5,155,27,"419185"
166,"spotify:track:6mSzsSdu0CWIV70jEjWMhI","ArrDee","Oliver Twist","Universal-Island Records Ltd.",8,157,25,"418687"
167,"spotify:track:3dYD57lRAUcMHufyqn9GcI","Hozier","Take Me to Church","Columbia",84,170,72,"418573"
168,"spotify:track:6hlrui656yBRUb3qGkd5lH","Knucks","Los Pollos Hermanos","NODAYSOFF CC LIMITED",168,200,4,"417948"
169,"spotify:track:27RYrbL6S02LNVhDWVl38b","John Lennon, Yoko Ono","Happy Xmas (War Is Over) - Remastered 2010","EMI Catalogue",8,-1,23,"417244"
170,"spotify:track:2gMXnyrvIjhVBUZwvLZDMP","Lewis Capaldi","Before You Go","Vertigo Berlin",1,167,106,"416852"
171,"spotify:track:0ZLhqWBAhobSU4bTvKdM2K","Meekz","More Money","Neighbourhood",171,-1,1,"416464"
172,"spotify:track:6tjituizSxwSmBB5vtgHZE","Michael Bublé","Holly Jolly Christmas","143/Reprise",16,-1,24,"416352"
173,"spotify:track:2VxeLyX666F8uXCJ0dZF8B","Lady Gaga, Bradley Cooper","Shallow","A Star is Born OST",3,-1,160,"415561"
174,"spotify:track:0RiRZpuVRbi7oqRdSMwhQY","Post Malone, Swae Lee","Sunflower - Spider-Man: Into the Spider-Verse","Republic Records",3,166,162,"414680"
175,"spotify:track:5uCax9HTNlzGybIStD3vDh","James Arthur","Say You Won't Let Go","Columbia",5,180,243,"413925"
176,"spotify:track:6M3PsepEj5gyJoIi7Xvr7u","The Weeknd","Take My Breath - Single Version","XO / Republic Records",17,111,16,"410930"
177,"spotify:track:0mJBiaODgK0XjOLCN5fItq","Sam Smith","Like I Can","Capitol",52,197,14,"409821"
178,"spotify:track:2prnn41CblB8B4yWACDljP","Shouse, David Guetta","Love Tonight (David Guetta Remix Edit)","Hell Beach",38,114,17,"409701"
179,"spotify:track:62vpWI1CHwFy7tMIcSStl8","J. Cole","No Role Modelz","Roc Nation Records LLC",95,161,52,"409417"
180,"spotify:track:58ge6dfP91o9oXMzq3XkIS","Arctic Monkeys","505","Domino/Warner Records",99,185,45,"407763"
181,"spotify:track:5erCwioOcRwP59NJUAtEK3","D-Block Europe, RAYE","Ferrari Horses","D-Block Europe",11,182,39,"407664"
182,"spotify:track:1YLJVmuzeM2YSUkCCaTNUB","Florence + The Machine","Dog Days Are Over","Universal-Island Records Ltd.",114,-1,26,"405410"
183,"spotify:track:3yfqSUWxFvZELEM4PmlwIR","Eminem","The Real Slim Shady","Interscope",99,174,36,"404270"
184,"spotify:track:3DQRe4gHJOY4ufHBZr2jUF","Tion Wayne, ArrDee","Wid It","Atlantic Records UK",26,147,14,"402128"
185,"spotify:track:1VLtjHwRWOVJiE5Py7JxoQ","Polo G","Martin & Gina","Columbia",45,165,64,"400829"
186,"spotify:track:4cHKd6qPMR1TMx55KHlida","The Rare Occasions","Notion","Elektra (NEK)",186,-1,1,"399627"
187,"spotify:track:0UvCh63URrLFcPkKt99hHd","Oasis","Don't Look Back In Anger - Remastered","Big Brother Recordings Ltd",44,181,205,"398819"
188,"spotify:track:2DRMuw0U0QbkVQxWxdJV3M","Adele","Water Under the Bridge","XL Recordings",25,-1,24,"397899"
189,"spotify:track:7EkWXAI1wn8Ii883ecd9xr","Surf Curse","Freaks","Surf Curse",60,178,30,"397876"
190,"spotify:track:4cG7HUWYHBV6R6tHn1gxrl","Riton, Nightcrawlers, Mufasa & Hypeman, Dopamine","Friday (feat. Mufasa & Hypeman) - Dopamine Re-Edit","Ministry of Sound Recordings",3,179,44,"397379"
191,"spotify:track:7kBDszaf7oFORw1WHlf0Ww","D-Block Europe","Squid Game","D-Block Europe",191,-1,1,"394581"
192,"spotify:track:1olCzMxaeiQKNO64ssWVGr","Rain Radio, DJ Craig Gorman","Talk About","Polydor Records",18,139,21,"394545"
193,"spotify:track:3yII7UwgLF6K5zW3xad3MP","Taylor Swift","22 (Taylor's Version)","Taylor Swift",32,32,2,"392932"
194,"spotify:track:6DEMMeWXfmFAXgDUMMzeg6","Adele","All I Ask","XL Recordings",45,-1,6,"390737"
195,"spotify:track:1ZMiCix7XSAbfAJlEZWMCp","Harry Styles","Falling","Columbia",27,-1,79,"390616"
196,"spotify:track:0k4d5YPDr1r7FX77VdqWez","Doja Cat, The Weeknd","You Right","Kemosabe Records/RCA Records",13,186,17,"390312"
197,"spotify:track:7fUYUcWy853HS8YJn0b3Sr","The Ronettes","Sleigh Ride","Legacy Recordings",11,-1,22,"390132"
198,"spotify:track:4RjvtDOJN0sC2PM5WKqJsn","D-Block Europe","ESTA Denied","D-Block Europe",198,-1,1,"389726"
199,"spotify:track:3wA4ronkc8ZcPXUP0fDgYA","Justus Bennetts","Bad Day","Sounds Good",39,176,11,"389056"
200,"spotify:track:3gbBpTdY8lnQwqxNCcf795","Bastille","Pompeii","Virgin Records Ltd",90,192,93,"387972"
