﻿rank,uri,artist_names,track_name,source,peak_rank,previous_rank,weeks_on_chart,streams
1,"spotify:track:2EjXfH91m7f8HiJN1yQg97","Brenda Lee","Rockin' Around The Christmas Tree","MCA Nashville",1,1,36,"11030691"
2,"spotify:track:7vQbuQcyTflfCIOu3Uzzya","Bobby Helms","Jingle Bell Rock","Geffen",2,3,35,"9746273"
3,"spotify:track:0bYg9bo50gSsH3LtXe2SQn","Mariah Carey","All I Want for Christmas Is You","Columbia",1,2,41,"9434493"
4,"spotify:track:1IcR6RlgvDczfvoWJSSY2A","Andy Williams","It's the Most Wonderful Time of the Year","Columbia",4,4,33,"8457773"
5,"spotify:track:4so0Wek9Ig1p6CRCHuINwW","Bing Crosby, Ken Darby Singers, John Scott Trotter & His Orchestra","White Christmas - 1947 Version","Geffen",5,8,28,"7854538"
6,"spotify:track:77khP2fIVhSW23NwxrRluh","Burl Ives","A Holly Jolly Christmas","Geffen",6,13,28,"7321874"
7,"spotify:track:3DZ8dbKg4OTSSqGARvecYd","Lil Durk, Morgan Wallen","Broadway Girls (feat. Morgan Wallen)","Alamo",7,-1,1,"7076984"
8,"spotify:track:2FRnf9qhLbvw8fu4IBXx78","Wham!","Last Christmas","Epic",5,14,34,"7068796"
9,"spotify:track:0lLdorYw7lVrJydTINhWdI","Michael Bublé","It's Beginning to Look a Lot like Christmas","143/Reprise",7,15,32,"6784657"
10,"spotify:track:3qCeq0rWK67SoBDgFd2sId","José Feliciano","Feliz Navidad","RCA/BMG Heritage",10,21,25,"6444986"
11,"spotify:track:4PS1e8f2LvuTFgUs1Cn3ON","Nat King Cole","The Christmas Song (Merry Christmas To You)","CAPITOL CATALOG MKT (C92)",11,24,28,"6312660"
12,"spotify:track:5Z9KJZvQzH6PFmb8SNkxuk","Lil Nas X, Jack Harlow","INDUSTRY BABY (feat. Jack Harlow)","Columbia",1,5,22,"6198814"
13,"spotify:track:7fUYUcWy853HS8YJn0b3Sr","The Ronettes","Sleigh Ride","Legacy Recordings",13,23,21,"6194840"
14,"spotify:track:0lizgQ7Qw35od7CYaoMBZb","Ariana Grande","Santa Tell Me","Universal Records",5,26,32,"6024193"
15,"spotify:track:4kKdvXD0ez7jp1296JmAts","Frank Sinatra, B. Swanson Quartet","Let It Snow! Let It Snow! Let It Snow! (with The B. Swanson Quartet)","Columbia/Legacy",9,27,29,"5958556"
16,"spotify:track:4A8cWXxKfIL3lAyUDzXbCF","Kodak Black","Super Gremlin","Atlantic/Sniper Gang",16,19,4,"5770805"
17,"spotify:track:02MWAaffLxlfxAUY7c5dvx","Glass Animals","Heat Waves","Polydor Records",4,10,56,"5678845"
18,"spotify:track:4fouWK6XVHhzl78KzQ1UjL","GAYLE","abcdefu","Atlantic/Arthouse Records",9,9,6,"5619044"
19,"spotify:track:5PjdY0CKGZdEuoNab3yDmX","The Kid LAROI, Justin Bieber","STAY (with Justin Bieber)","Columbia",1,11,24,"5596592"
20,"spotify:track:46IZ0fSY2mpAiktS3KOqds","Adele","Easy On Me","Columbia",1,12,10,"5281782"
21,"spotify:track:3nAp4IvdMPPWEH9uuXFFV5","Kelly Clarkson","Underneath the Tree","RCA Records Label",8,36,22,"5164398"
22,"spotify:track:2pXpURmn6zC5ZYDMms6fwa","Perry Como, The Fontane Sisters, Mitchell Ayres & His Orchestra","It's Beginning to Look a Lot Like Christmas (with Mitchell Ayres & His Orchestra)","RCA Records Label",22,34,25,"5157369"
23,"spotify:track:5dXWFMwD7I7zXsInONVl0H","SZA","I Hate U","Top Dawg Entertainment/RCA Records",1,7,3,"4975721"
24,"spotify:track:47ohYW8e7dxCYn9qbUMBCI","Darlene Love","Christmas (Baby Please Come Home)","Legacy Recordings",24,40,13,"4918920"
25,"spotify:track:7xapw9Oy21WpfEcib2ErSA","Justin Bieber","Mistletoe","RBMG/Def Jam",15,42,30,"4644498"
26,"spotify:track:2pnPe4pJtq7689i5ydzvJJ","Chuck Berry","Run Rudolph Run","Geffen*",26,49,24,"4584191"
27,"spotify:track:2uFaJJtFpPDc5Pa95XzTvg","Dean Martin","Let It Snow! Let It Snow! Let It Snow!","Capitol Records",13,47,21,"4575670"
28,"spotify:track:6tjituizSxwSmBB5vtgHZE","Michael Bublé","Holly Jolly Christmas","143/Reprise",16,46,24,"4513160"
29,"spotify:track:2BcMwX1MPV6ZHP4tUT9uq6","Drake, 21 Savage, Project Pat","Knife Talk (with 21 Savage ft. Project Pat)","OVO",2,25,16,"4399607"
30,"spotify:track:6a1hzBiTkgqTsDA0Xgfh9z","The Jackson 5","Santa Claus Is Coming To Town","UNI/MOTOWN",30,60,14,"4355037"
31,"spotify:track:1r9xUipOqoNwggBpENDsvJ","Imagine Dragons, JID, Arcane, League of Legends","Enemy (with JID) - from the series Arcane League of Legends","KIDinaKORNER/Interscope Records",24,31,8,"4305211"
32,"spotify:track:3Vi5XqYrmQgOYBajMWSvCi","Doja Cat","Need to Know","Kemosabe Records/RCA Records",4,30,28,"4286668"
33,"spotify:track:5enxwA8aAbwZbf5qCHORXi","Taylor Swift","All Too Well (10 Minute Version) (Taylor's Version) (From The Vault)","Taylor Swift",1,20,6,"4212628"
34,"spotify:track:3QiAAp20rPC3dcAtKtMaqQ","Elvis Presley","Blue Christmas","RCA Victor",30,55,24,"4212174"
35,"spotify:track:4ZtFanR9U6ndgddUvNcjcG","Olivia Rodrigo","good 4 u","Olivia Rodrigo PS",1,28,32,"4175243"
36,"spotify:track:4HEOgBHRCExyYVeTyrXsnL","Frank Sinatra","Jingle Bells - Remastered 1999","Capitol Records",36,90,5,"3960486"
37,"spotify:track:1SV1fxF65n9NhRHp3KlBuu","Paul McCartney","Wonderful Christmastime - Edited Version / Remastered 2011","Paul McCartney Catalog",17,43,24,"3944879"
38,"spotify:track:7uoFMmxln0GPXQ0AcCBXRq","Sia","Snowman","Monkey Puzzle/Atlantic",34,65,10,"3889230"
39,"spotify:track:3DarAbFujv6eYNliUTyqtz","Doja Cat, SZA","Kiss Me More (feat. SZA)","Kemosabe Records/RCA Records",1,35,37,"3827077"
40,"spotify:track:4tHqQMWSqmL6YjXwsqthDI","Mykola Dmytrovych Leontovych, John Williams","Carol of the Bells","Masterworks",40,68,24,"3791261"
41,"spotify:track:1foCxQtxBweJtZmdxhEHVO","Eartha Kitt, Henri René and His Orchestra","Santa Baby (with Henri René & His Orchestra)","RCA Bluebird",41,63,23,"3754751"
42,"spotify:track:6s2wpWPFPAgKg2LXxi1Oee","Bruce Springsteen","Santa Claus Is Comin' to Town - Live at C.W. Post College, Greenvale, NY - December 1975","NITRON concepts",42,82,9,"3682958"
43,"spotify:track:7sMBvZCSUl99bJLXZaLa0b","Bruno Mars, Anderson .Paak, Silk Sonic","Smokin Out The Window","Aftermath Entertainment/Atlantic",2,33,7,"3653651"
44,"spotify:track:299lFlaAsNQdgbIZNPmIA0","Vince Guaraldi Trio","Christmas Time Is Here","Fantasy Records",39,71,16,"3640561"
45,"spotify:track:4MrfQL4TYQXJBlZYpAHTuE","Dean Martin","Baby, It's Cold Outside","Capitol Records",45,81,18,"3635482"
46,"spotify:track:27RYrbL6S02LNVhDWVl38b","John Lennon, Yoko Ono","Happy Xmas (War Is Over) - Remastered 2010","EMI Catalogue",32,58,23,"3594894"
47,"spotify:track:5xlS0QkVrSH7ssEbBgBzbM","The Beach Boys","Little Saint Nick - 1991 Remix","Capitol Records",47,79,15,"3594474"
48,"spotify:track:3PIDciSFdrQxSQSihim3hN","Mariah Carey","Christmas (Baby Please Come Home)","Columbia",48,78,16,"3576940"
49,"spotify:track:3QFInJAm9eyaho5vBzxInN","Baby Keem, Kendrick Lamar","family ties (with Kendrick Lamar)","Columbia",8,37,17,"3528768"
50,"spotify:track:6Uj1ctrBOjOas8xZXGqKk4","Doja Cat","Woman","Kemosabe Records/RCA Records",12,44,26,"3481689"
51,"spotify:track:34rzJNfTd5e9s3TICFMPD0","Vince Guaraldi Trio","O Tannenbaum","Craft Recordings",51,95,11,"3458947"
52,"spotify:track:6sBWmE23q6xQHlnEZ8jYPT","Elton John","Step Into Christmas - Remastered 1995","UMC (Universal Music Catalogue)",52,-1,5,"3448568"
53,"spotify:track:1GQ3cCJMAhLqWARyVZWxnO","Bing Crosby, The Andrews Sisters","Mele Kalikimaka - Single Version","Geffen",53,86,11,"3428961"
54,"spotify:track:1Wf14bTyb6UeKojy8ykPYm","Andy Williams","Happy Holiday / The Holiday Season","Columbia",54,88,4,"3335512"
55,"spotify:track:37y7iDayfwm3WXn5BiAoRk","Steve Lacy","Dark Red","Three Quarter",23,45,20,"3322122"
56,"spotify:track:7rglLriMNBPAyuJOMGwi39","Elton John, Dua Lipa, PNAU","Cold Heart - PNAU Remix","EMI",21,53,18,"3304861"
57,"spotify:track:0QwKxajohg1rAMMmv1AWe1","Juice WRLD","Burn","Grade A Productions/Interscope Records",6,6,2,"3296415"
58,"spotify:track:50nfwKoDiSYg8zOCREWAm5","Ed Sheeran","Shivers","Atlantic Records UK",8,52,15,"3246976"
59,"spotify:track:2quVkyLSVr5wX2QIhnexUt","Juice WRLD","Already Dead","Grade A Productions/Interscope Records",7,16,6,"3220102"
60,"spotify:track:1VuAamHM7P3VQQEXYGG3Uu","Nat King Cole","Joy To The World","CAPITOL CATALOG MKT (C92)",50,96,17,"3212664"
61,"spotify:track:4SqWKzw0CbA05TGszDgMlc","The Walters","I Love You So","Warner Records",45,59,11,"3130425"
62,"spotify:track:0k1WUmIRnG3xU6fvvDVfRG","Drake, Future, Young Thug","Way 2 Sexy (with Future & Young Thug)","OVO",1,48,16,"3123720"
63,"spotify:track:07MDkzWARZaLEdKxo6yArG","THE ANXIETY, WILLOW, Tyler Cole","Meet Me At Our Spot","MSFTSMusic / Roc Nation Records, LLC",10,51,18,"3107291"
64,"spotify:track:030mot3ZKR3oskfMsqDB2R","Judy Garland","Have Yourself A Merry Little Christmas","Geffen",58,98,20,"3107253"
65,"spotify:track:4RVwu0g32PAqgUiJoXsdF8","Billie Eilish","Happier Than Ever","Darkroom/Interscope Records",3,54,21,"3101609"
66,"spotify:track:2QjOHCTQ1Jl3zawyYOpxh6","The Neighbourhood","Sweater Weather","Columbia",19,57,70,"3087335"
67,"spotify:track:1cA4wEmLkKlttS6N89LbJh","Juice WRLD, Justin Bieber","Wandered To LA (with Justin Bieber)","Grade A Productions/Interscope Records",13,17,3,"3081775"
68,"spotify:track:25leEEaz1gIpp7o21Fqyjo","Gene Autry","Here Comes Santa Claus (Right Down Santa Claus Lane) - 1947 Version","Columbia/Legacy",68,113,15,"3077910"
69,"spotify:track:6f5ExP43esnvdKPddwKXJH","NEIKED, Mae Muller, Polo G","Better Days (NEIKED x Mae Muller x Polo G)","Capitol Records UK / EMI",6,56,10,"3056142"
70,"spotify:track:3lkYS3iMpWMVpaJ0yJAFrJ","The Jackson 5","I Saw Mommy Kissing Santa Claus","UNI/MOTOWN",55,106,12,"3034599"
71,"spotify:track:47otoIkhx3fkdivEXL5OB6","Burl Ives","Rudolph The Red-Nosed Reindeer","Geffen",71,105,15,"3029476"
72,"spotify:track:2Uiv8YvD3q63FGTUjkYvxT","Bing Crosby","Do You Hear What I Hear? - Remastered 2006","UME - Global Clearing House",48,110,20,"2982906"
73,"spotify:track:0hvN2v6fAcB6xWyW7UaooA","Perry Como","(There's No Place Like) Home for the Holidays - 1959 Version","RCA Records Label",73,107,4,"2967293"
74,"spotify:track:29TPjc8wxfz4XMn21O7VsZ","Playboi Carti","Sky","AWGE/Interscope Records",35,62,18,"2941248"
75,"spotify:track:2OQ6a4CfUeYskpTTgyawyJ","Gwen Stefani, Blake Shelton","You Make It Feel Like Christmas (feat. Blake Shelton)","UMGRI Interscope",75,170,5,"2929583"
76,"spotify:track:7faDzZnZYqTyYThx2sbHVQ","Frank Sinatra","Mistletoe And Holly - Remastered 1999","Capitol Records",61,122,19,"2895088"
77,"spotify:track:5CZ40GBx1sQ9agT82CLQCT","Olivia Rodrigo","traitor","Olivia Rodrigo PS",3,50,31,"2888835"
78,"spotify:track:18vXApRmJSgQ6wG2ll9AOg","Polo G","RAPSTAR","Columbia",1,64,37,"2881081"
79,"spotify:track:0247StOpd3AkeBQzANX4Zf","Band Aid","Do They Know It's Christmas? - 1984 Version","EMI",19,101,25,"2877797"
80,"spotify:track:7MSYSOobsombc1mbDWFxtD","Donny Hathaway","This Christmas","Rhino Atlantic",57,124,11,"2865484"
81,"spotify:track:3QIoEi8Enr9uHffwInGIsC","Eagles","Please Come Home for Christmas - 2013 Remaster","Rhino/Elektra",81,128,5,"2847499"
82,"spotify:track:1SC5rEoYDGUK4NfG82494W","Lil Nas X","MONTERO (Call Me By Your Name)","Columbia",1,66,39,"2833898"
83,"spotify:track:00Blm7zeNqgYLPtW6zg8cj","Post Malone, The Weeknd","One Right Now (with The Weeknd)","Republic Records",1,70,7,"2802639"
84,"spotify:track:2AaJeBEq3WLcfFW1y8svDf","Rod Wave","By Your Side","Alamo",75,75,4,"2735868"
85,"spotify:track:4XvcHTUfIlWfyJTRG0aqlo","Sleepy Hallow","2055","Winners Circle/RCA Records",8,74,27,"2676481"
86,"spotify:track:62vpWI1CHwFy7tMIcSStl8","J. Cole","No Role Modelz","Roc Nation Records LLC",43,87,202,"2651289"
87,"spotify:track:0z5HSQGWgnjdNvwbOmhB2w","Carpenters","Merry Christmas Darling - Remix","A&M",87,182,4,"2634911"
88,"spotify:track:3rmo8F54jFF8OgYsqTxm5d","Ed Sheeran","Bad Habits","Atlantic Records UK",7,77,26,"2631893"
89,"spotify:track:1V0qqWBbIWt8hlAjxTZedR","Stevie Wonder","What Christmas Means To Me","UNI/MOTOWN",89,172,6,"2622102"
90,"spotify:track:7ACW7VpgoKmfM1sKo15UhX","Nardo Wick, G Herbo, Lil Durk, 21 Savage","Who Want Smoke?? (feat. G Herbo, Lil Durk & 21 Savage)","Flawless Ent./RCA Records",23,80,11,"2591990"
91,"spotify:track:6Tof6kPUc2a17GKaKz4IXz","Thurl Ravenscroft, Boris Karloff","You're A Mean One, Mr. Grinch","WaterTower Music",91,136,8,"2580810"
92,"spotify:track:0k4d5YPDr1r7FX77VdqWez","Doja Cat, The Weeknd","You Right","Kemosabe Records/RCA Records",4,85,26,"2565387"
93,"spotify:track:0MmNrhvLcoWjo7AOr0vgka","Vince Guaraldi Trio","Linus And Lucy","Fantasy Records",93,-1,1,"2562937"
94,"spotify:track:2B4GHvToeLTOBB4QLzW3Ni","Farruko","Pepas","Sony Music Latin",20,97,22,"2527466"
95,"spotify:track:5wANPM4fQCJwkGd4rN57mH","Olivia Rodrigo","drivers license","Olivia Rodrigo PS",1,69,50,"2518443"
96,"spotify:track:5nujrmhLynf4yMoMtj8AQF","Dua Lipa, DaBaby","Levitating (feat. DaBaby)","Warner Records",4,93,64,"2503808"
97,"spotify:track:0rHToGels2lt8Y0mCYoF90","Nat King Cole","Deck The Hall","CAPITOL CATALOG MKT (C92)",97,-1,1,"2481997"
98,"spotify:track:0W6I02J9xcqK8MtSeosEXb","Doja Cat","Get Into It (Yuh)","Kemosabe Records/RCA Records",18,94,26,"2478106"
99,"spotify:track:0qHPxjC83zQYcxe39xSShx","Roddy Ricch","thailand","Atlantic Records",99,-1,1,"2465034"
100,"spotify:track:0e8nrvls4Qqv5Rfa2UhqmO","Lil Nas X","THATS WHAT I WANT","Columbia",4,99,14,"2455986"
101,"spotify:track:3Kkjo3cT83cw09VJyrLNwX","Adele","Oh My God","Columbia",3,73,5,"2455212"
102,"spotify:track:0RiRZpuVRbi7oqRdSMwhQY","Post Malone, Swae Lee","Sunflower - Spider-Man: Into the Spider-Verse","Republic Records",1,116,166,"2429872"
103,"spotify:track:15coTBAzEN1bOeipoNDZAR","*NSYNC","Merry Christmas, Happy Holidays","RCA Records Label",89,160,10,"2426035"
104,"spotify:track:1Qi2wh8fFgDV7tl4Sj3f2K","Sam Smith","Have Yourself A Merry Little Christmas","Capitol",58,189,14,"2425481"
105,"spotify:track:6HU7h9RYOaPRFeh0R3UeAr","Olivia Rodrigo","deja vu","Olivia Rodrigo PS",2,76,38,"2413736"
106,"spotify:track:0aoUM0zcu0kCX7Cv7O939I","Ed Sheeran, Elton John","Merry Christmas","Atlantic Records UK",106,-1,1,"2407178"
107,"spotify:track:7DF8lvLdV3htIbuTWpc7lR","Juice WRLD, SUGA, BTS","Girl Of My Dreams (with SUGA of BTS)","Grade A Productions/Interscope Records",29,29,2,"2403627"
108,"spotify:track:0v36cov6Z6aEV5ZgIlqZMk","Juice WRLD","Rockstar In His Prime","Grade A Productions/Interscope Records",22,22,2,"2366445"
109,"spotify:track:62l3NSQPUxvcwwzKUmysrE","Polo G","Bad Man (Smooth Criminal)","Columbia",23,92,6,"2335286"
110,"spotify:track:2L9QLAhrvtP4EYg1lY0Tnw","Dean Martin","Rudolph The Red-Nosed Reindeer","Capitol Records",110,149,5,"2329615"
111,"spotify:track:285pBltuF7vW8TeWk8hdRR","Juice WRLD","Lucid Dreams","Juice WRLD Mixtape / ISR P&D",1,109,190,"2323022"
112,"spotify:track:4ukUoXLuFzMixyZyabSGc4","Ella Fitzgerald","Sleigh Ride","Verve Reissues",112,157,4,"2321315"
113,"spotify:track:0YWUHZPJVg4iujddsJDwhM","Britney Spears","My Only Wish (This Year)","Jive",113,-1,3,"2318655"
114,"spotify:track:3NqBxTOMCJ3zW9CIP51td4","Eslabon Armado, DannyLux","Jugaste y Sufrí","DEL Records",23,100,18,"2309566"
115,"spotify:track:65OVbaJR5O1RmwOQx0875b","Drake, Lil Baby","Wants and Needs (feat. Lil Baby)","OVO",2,103,42,"2304276"
116,"spotify:track:0uxSUdBrJy9Un0EYoBowng","Lil Uzi Vert","20 Min","Generation Now/Atlantic",67,108,98,"2286798"
117,"spotify:track:2lUDBd7JrgAMltcp6dcd7D","Roddy Ricch","25 million","Atlantic Records",117,-1,1,"2254458"
118,"spotify:track:2O3MQ6H3gjrIWDcpeTrikT","Kelly Clarkson, Ariana Grande","Santa, Can’t You Hear Me","Atlantic Records",118,-1,1,"2251233"
119,"spotify:track:40iJIUlhi6renaREYGeIDS","Drake, Travis Scott","Fair Trade (with Travis Scott)","OVO",3,104,16,"2250996"
120,"spotify:track:0WSEq9Ko4kFPt8yo3ICd6T","Kanye West","Praise God","Rock The World/IDJ/Kanye LP7",7,83,17,"2233022"
121,"spotify:track:6I3mqTwhRpn34SLVafSH7G","Justin Bieber","Ghost","RBMG/Def Jam",24,112,14,"2230059"
122,"spotify:track:3YJJjQPAbDT7mGpX3WtQ9A","SZA","Good Days","Top Dawg Entertainment/RCA Records",1,102,52,"2228443"
123,"spotify:track:6UjeFOCGYgMpBUtqKg1Je3","Vundabar","Alien Blues","Gawk Records, under exclusive license to Amuseio AB",72,91,4,"2221805"
124,"spotify:track:4VXIryQMWpIdGgYR4TrjT1","Juice WRLD","All Girls Are The Same","Juice WRLD Mixtape / ISR P&D",13,117,191,"2219378"
125,"spotify:track:6pVW5LRWgeLaHudxauOTJU","Daryl Hall & John Oates","Jingle Bell Rock - Daryl's Version","Legacy Recordings",100,183,9,"2216913"
126,"spotify:track:0HYlVsZx8pLI2YoECmUQAd","Louis Armstrong, The Commanders","Cool Yule","UME - Global Clearing House",115,194,5,"2206155"
127,"spotify:track:370oYn3s5EKu7ziUpMQQTr","Amy Grant","White Christmas","Amy Grant",65,195,10,"2200395"
128,"spotify:track:7ehhnVu3JUWMaSJzY1zC4k","Bing Crosby, Carol Richards","Silver Bells","Geffen",128,186,3,"2183495"
129,"spotify:track:7EkWXAI1wn8Ii883ecd9xr","Surf Curse","Freaks","Surf Curse",31,111,35,"2183466"
130,"spotify:track:5R4Yrc2j4jw1itr4hKcN26","Juice WRLD, Polo G, Trippie Redd","Feline (with Polo G & Trippie Redd)","Grade A Productions/Interscope Records",18,18,2,"2173188"
131,"spotify:track:0VjIjW4GlUZAMYd2vXMi3b","The Weeknd","Blinding Lights","Republic Records",1,114,108,"2156287"
132,"spotify:track:2n1xrggQtAGEV1AgzvooGB","Kay Starr","(Everybody's Waitin' For) The Man With The Bag - Remastered 1996","Capitol Records",132,-1,2,"2147910"
133,"spotify:track:20on25jryn53hWghthWWW3","ACRAZE, Cherish","Do It To It","Thrive Music, LLC",88,125,6,"2145898"
134,"spotify:track:27qAMKrDdKEs8HDXcvR24R","Chris Rea","Driving Home for Christmas","Rhino",95,-1,8,"2096033"
135,"spotify:track:4z8sz6E4YyFuEkv5o7IJni","Pentatonix","Mary, Did You Know?","RCA Records Label",135,193,8,"2063174"
136,"spotify:track:2Xr1dTzJee307rmrkt8c0g","CKay","love nwantiti (ah ah ah)","Chocolate City Music",30,129,14,"2054243"
137,"spotify:track:5gZYpjakt37G3c58FKcQwJ","Trippie Redd, Playboi Carti","Miss The Rage","Homemade Projects / 10K Projects",4,127,33,"2049229"
138,"spotify:track:2gQPv5jvVPqU2a9HhMNO1v","BoyWithUke","Toxic","Republic Records",57,121,8,"2037158"
139,"spotify:track:3Wrjm47oTz2sjIgck11l5e","Måneskin","Beggin'","RCA Records Label",5,126,27,"2031805"
140,"spotify:track:1VLtjHwRWOVJiE5Py7JxoQ","Polo G","Martin & Gina","Columbia",23,133,73,"2019753"
141,"spotify:track:7nc7mlSdWYeFom84zZ8Wr8","Cochise, $NOT","Tell Em","Columbia",26,132,30,"2018778"
142,"spotify:track:1LPSkqVhWVRUkKE03YUkpB","Bruno Mars, Anderson .Paak, Silk Sonic","Leave The Door Open","Aftermath Entertainment/Atlantic",4,118,42,"2014709"
143,"spotify:track:3nOz1U41SZZ0N3fuUWr9nb","Emmy Meli","I AM WOMAN","Disruptor Records/Arista Records",97,119,5,"2013933"
144,"spotify:track:7uLFOXgLrS90tEYPO1DGXy","A Boogie Wit da Hoodie","Man in the Mirror","Highbridge the Label / Atlantic Records",72,72,2,"2013282"
145,"spotify:track:69AIpwGNLxr4qS1X5ynx60","Jordan Davis, Luke Bryan","Buy Dirt","MCA Nashville",83,166,18,"1955262"
146,"spotify:track:2vWBUC9djv6BtiGlmKiQaH","Yot Club","YKWIM?","yot club under exclusive license to Amuseio AB",63,130,25,"1952420"
147,"spotify:track:7H0ya83CMmgFcOhw0UB6ow","Beach House","Space Song","Sub Pop Records",92,134,24,"1948439"
148,"spotify:track:0So2sgVa8aJiARPl2P29u2","SALES","Pope Is a Rockstar","SALES",123,123,2,"1937839"
149,"spotify:track:06IdUbnrpRZ0IKI9IlO96I","Bing Crosby","God Rest Ye Merry Gentlemen","UME - Global Clearing House",149,-1,1,"1930420"
150,"spotify:track:5lAnYvAIkSDNXqfo7DyFUm","Doja Cat","Ain't Shit","Kemosabe Records/RCA Records",4,131,26,"1926315"
151,"spotify:track:3rjwafyisDpLdoJ4RecHp6","Roddy Ricch, Lil Baby","moved to miami (feat. Lil Baby)","Atlantic Records",151,-1,1,"1914416"
152,"spotify:track:58ge6dfP91o9oXMzq3XkIS","Arctic Monkeys","505","Domino/Warner Records",105,139,49,"1910191"
153,"spotify:track:0lnpnsrVaW9elGgRxpDCgE","Walker Hayes","Fancy Like","Monument Records",22,142,26,"1900468"
154,"spotify:track:3pdQTWpq09XCBosbTtYIiZ","Bing Crosby","Winter Wonderland - Remastered","Geffen",54,-1,21,"1885256"
155,"spotify:track:0eu4C55hL6x29mmeAjytzC","Oliver Tree","Life Goes On","Atlantic Records",31,-1,14,"1879817"
156,"spotify:track:2JPLbjOn0wPCngEot2STUS","Bad Bunny","Yonaguni","Rimas Entertainment LLC",5,138,29,"1876686"
157,"spotify:track:0OcpVNf7hnJBPbTFMSG7CI","The Ronettes","Frosty the Snowman","Legacy Recordings",142,-1,3,"1872487"
158,"spotify:track:1SOClUWhOi8vHZYMz3GluK","Jaymes Young","Infinity","Atlantic Records",154,154,3,"1866063"
159,"spotify:track:7KA4W4McWYRpgf0fWsJZWB","Tyler, The Creator, Kali Uchis","See You Again (feat. Kali Uchis)","Columbia",55,144,25,"1847515"
160,"spotify:track:0tXPhc8LvM4dPvoRwI66XQ","Michael Bublé","I'll Be Home for Christmas","143/Reprise",142,-1,3,"1845550"
161,"spotify:track:65irrLqfCMRiO3p87P4C0D","Ella Fitzgerald","Frosty The Snowman","Verve Reissues",161,-1,3,"1845195"
162,"spotify:track:60ynsPSSKe6O3sfwRnIBRf","Doja Cat","Streets","Kemosabe Records/RCA Records",3,140,50,"1842901"
163,"spotify:track:0sTlGEld0h8kIPZaKDYUf4","The Rare Occasions","Notion","Elektra (NEK)",75,137,10,"1841053"
164,"spotify:track:1fjOitI0vZ41P63p1MQLcc","Bing Crosby","I'll Be Home For Christmas - Single Version","Geffen",143,-1,2,"1840247"
165,"spotify:track:51KCex2aoD4Ni2cRF5mFWe","Darlene Love","Winter Wonderland","Legacy Recordings",165,-1,1,"1838483"
166,"spotify:track:0H1zX27yxoDrsrQA1hk5Uq","Nat King Cole","O Come All Ye Faithful","CAPITOL CATALOG MKT (C92)",166,-1,1,"1836243"
167,"spotify:track:2ncLdwTd8qzkxiJjlbiOgC","Kid Cudi","Mr. Rager","Kid Cudi/Universal Records",167,-1,2,"1835205"
168,"spotify:track:5JCoSi02qi3jJeHdZXMmR8","Olivia Rodrigo","favorite crime","Olivia Rodrigo PS",5,120,31,"1828404"
169,"spotify:track:4kTLpAbhuEGHAAdDjOIWaa","Kid Cudi, MGMT, Ratatat","Pursuit Of Happiness (Nightmare)","Kid Cudi/Universal Records",142,174,16,"1828350"
170,"spotify:track:2W1Aq2c6PUSHBC0golgHLK","Juice WRLD","You Wouldn't Understand","Grade A Productions/Interscope Records",32,32,2,"1822274"
171,"spotify:track:51pshtuYkgUQnt5huMPbKL","Mac Miller, Empire of the Sun","The Spins","Rostrum Records",91,150,43,"1821760"
172,"spotify:track:2Y0wPrPQBrGhoLn14xRYCG","Juice WRLD, Marshmello","Come & Go (with Marshmello)","Grade A Productions/Interscope Records",1,151,76,"1821302"
173,"spotify:track:5E30LdtzQTGqRvNd7l6kG5","The Neighbourhood","Daddy Issues","Columbia",59,146,67,"1816547"
174,"spotify:track:003vvx7Niy0yvhvHt4a68B","The Killers","Mr. Brightside","Island Records",72,155,73,"1808918"
175,"spotify:track:09gysnJpfQ3ublBmJDfcEC","Amaarae, Kali Uchis, Moliy","SAD GIRLZ LUV MONEY Remix (feat. Kali Uchis and Moliy)","0207 Def Jam",36,135,8,"1806838"
176,"spotify:track:46HNZY1i7O6jwTA7Slo2PI","Coldplay, BTS","My Universe","Parlophone UK",19,153,13,"1800624"
177,"spotify:track:0rKtyWc8bvkriBthvHKY8d","Joji","SLOW DANCING IN THE DARK","88rising Music/Warner Records",29,158,170,"1797677"
178,"spotify:track:78QR3Wp35dqAhFEc2qAGjE","Lil Baby, Gunna","Drip Too Hard (Lil Baby & Gunna)","Quality Control Music/Young Stoner Life Records, a 300 Entertainment Label/Motown Records/Capitol Records",1,192,164,"1792700"
179,"spotify:track:4r87anpJZfl5p6OsBZnrZs","Andy Williams","The First Noël","Columbia",179,-1,1,"1792023"
180,"spotify:track:3FAJ6O0NOHQV8Mc5Ri6ENp","Giveon","Heartbreak Anniversary","Epic/Not So Fast",9,148,46,"1787677"
181,"spotify:track:474uVhyGgK5MtY9gMcDgGl","Rainbow Kitten Surprise","It's Called: Freefall","Elektra (NEK)",181,-1,1,"1786118"
182,"spotify:track:3cBsEDNhFI9E82vPj3kvi3","Morgan Wallen","Wasted On You","Big Loud / Republic",3,178,48,"1782907"
183,"spotify:track:21jGcNKet2qwijlDFuPiPb","Post Malone","Circles","Republic Records",1,163,121,"1780245"
184,"spotify:track:4MzXwWMhyBbmu6hOcLVD49","Bad Bunny, Jhayco","DÁKITI","Rimas Entertainment LLC",1,145,60,"1778582"
185,"spotify:track:4FuRG9hTnc4s4EYb05st0p","Bing Crosby","The Little Drummer Boy - Remastered 2006","UME - Global Clearing House",149,-1,4,"1778405"
186,"spotify:track:2BJSMvOGABRxokHKB0OI8i","Playboi Carti, Lil Uzi Vert","Shoota (feat. Lil Uzi Vert)","AWGE Label",27,180,42,"1769869"
187,"spotify:track:2U5WueTLIK5WJLD7mvDODv","Juice WRLD","Wishing Well","Grade A Productions/Interscope Records",1,164,76,"1769779"
188,"spotify:track:7n7VsX3sv66znBwA8b5uhp","Elvis Presley","Here Comes Santa Claus (Right Down Santa Claus Lane)","RCA Victor",188,-1,1,"1753919"
189,"spotify:track:6Hj9jySrnFppAI0sEMCZpJ","Juice WRLD","Robbery","Grade A Productions/Interscope Records",3,162,149,"1753067"
190,"spotify:track:7GX5flRQZVHRAGd6B4TmDO","Lil Uzi Vert","XO Tour Llif3","Generation Now/Atlantic",2,169,245,"1751483"
191,"spotify:track:4xqrdfXkTW4T0RauPLv3WA","Conan Gray","Heather","Republic Records",9,141,77,"1746173"
192,"spotify:track:6tDDoYIxWvMLTdKpjFkc1B","Kali Uchis","telepatía","EMI / Interscope",4,165,45,"1741251"
193,"spotify:track:1uh1iaMqBdx4XyrXhssKGD","Bing Crosby","It's Beginning To Look A Lot Like Christmas","Geffen",113,-1,3,"1739822"
194,"spotify:track:04S1pkp1VaIqjg8zZqknR5","Taylor Swift","Enchanted","Big Machine Records, LLC",29,143,7,"1731070"
195,"spotify:track:7kDUspsoYfLkWnZR7qwHZl","Machine Gun Kelly, blackbear","my ex's best friend (with blackbear)","Bad Boy/Interscope Records",11,168,72,"1730608"
196,"spotify:track:2HbKqm4o0w5wEeEFXm2sD4","Kendrick Lamar, Jay Rock","Money Trees","Aftermath",88,185,53,"1728491"
197,"spotify:track:37BZB0z9T8Xu7U3e65qxFy","The Weeknd, Ariana Grande","Save Your Tears (with Ariana Grande) (Remix)","Republic Records",5,159,35,"1723254"
198,"spotify:track:3jfZ9M23l0L7RxzYMTgBTv","Joy Again","Looking Out for You","Arista Records",77,161,14,"1716400"
199,"spotify:track:5Ber68jZ7ytegr2UISEdb7","Michael Bublé","Santa Claus Is Coming to Town","143/Reprise",86,-1,9,"1710602"
200,"spotify:track:78pn8k7RogKo2oxl0DyX6d","Leona Lewis","One More Sleep","Syco Music",175,-1,2,"1707319"
