﻿rank,uri,artist_names,track_name,source,peak_rank,previous_rank,weeks_on_chart,streams
1,"spotify:track:5PjdY0CKGZdEuoNab3yDmX","The Kid LAROI, Justin Bieber","STAY (with Justin Bieber)","Columbia",1,1,6,"14386603"
2,"spotify:track:27NovPIUIRrOZoCHxABJwK","Lil Nas X, Jack Harlow","INDUSTRY BABY (feat. Jack Harlow)","Columbia",1,2,4,"11672268"
3,"spotify:track:4ZtFanR9U6ndgddUvNcjcG","Olivia Rodrigo","good 4 u","Olivia Rodrigo PS",1,4,14,"8456478"
4,"spotify:track:3Vi5XqYrmQgOYBajMWSvCi","Doja Cat","Need to Know","Kemosabe Records/RCA Records",4,6,10,"8063394"
5,"spotify:track:4RVwu0g32PAqgUiJoXsdF8","Billie Eilish","Happier Than Ever","Darkroom/Interscope Records",3,3,3,"8042237"
6,"spotify:track:6KgtcmCF9Ky68XC7ezxl3s","Lizzo, Cardi B","Rumors (feat. Cardi B)","Nice Life/Atlantic",6,-1,1,"7138921"
7,"spotify:track:3DarAbFujv6eYNliUTyqtz","Doja Cat, SZA","Kiss Me More (feat. SZA)","Kemosabe Records/RCA Records",1,7,19,"6727102"
8,"spotify:track:6PQ88X9TkUIAUIZJHW2upE","Ed Sheeran","Bad Habits","Atlantic Records UK",8,8,8,"5603635"
9,"spotify:track:4XvcHTUfIlWfyJTRG0aqlo","Sleepy Hallow","2055","Winners Circle/RCA Records",9,13,9,"5572668"
10,"spotify:track:67BtfxlNbhBmCDR2L2l8qd","Lil Nas X","MONTERO (Call Me By Your Name)","Columbia",1,11,21,"5436594"
11,"spotify:track:02MWAaffLxlfxAUY7c5dvx","Glass Animals","Heat Waves","Polydor Records",9,10,38,"5303622"
12,"spotify:track:6M3PsepEj5gyJoIi7Xvr7u","The Weeknd","Take My Breath - Single Version","XO / Republic Records",5,5,2,"5030097"
13,"spotify:track:5nujrmhLynf4yMoMtj8AQF","Dua Lipa, DaBaby","Levitating (feat. DaBaby)","Warner Records",4,12,46,"4954797"
14,"spotify:track:3Wrjm47oTz2sjIgck11l5e","Måneskin","Beggin'","RCA Records Label",5,14,9,"4942019"
15,"spotify:track:5lAnYvAIkSDNXqfo7DyFUm","Doja Cat","Ain't Shit","Kemosabe Records/RCA Records",4,9,8,"4876443"
16,"spotify:track:5CZ40GBx1sQ9agT82CLQCT","Olivia Rodrigo","traitor","Olivia Rodrigo PS",3,15,13,"4780310"
17,"spotify:track:18vXApRmJSgQ6wG2ll9AOg","Polo G","RAPSTAR","Columbia",1,16,19,"4645179"
18,"spotify:track:6HU7h9RYOaPRFeh0R3UeAr","Olivia Rodrigo","deja vu","Olivia Rodrigo PS",2,18,20,"4518168"
19,"spotify:track:6Uj1ctrBOjOas8xZXGqKk4","Doja Cat","Woman","Kemosabe Records/RCA Records",19,37,8,"3984955"
20,"spotify:track:5fwSHlTEWpluwOM0Sxnh5k","Farruko","Pepas","Sony Music Latin",20,42,4,"3780673"
21,"spotify:track:4iJyoBOLtHqaGxP12qzhQI","Justin Bieber, Daniel Caesar, Giveon","Peaches (feat. Daniel Caesar & Giveon)","RBMG/Def Jam",1,20,22,"3726876"
22,"spotify:track:3ZozFqJJlDBNIm4xqxn2ZD","Walker Hayes","Fancy Like","Monument Records",22,24,8,"3693093"
23,"spotify:track:5zNW5ARjYhJQJz1AChP33n","Megan Thee Stallion","Thot Shit","300 Entertainment",11,21,10,"3666173"
24,"spotify:track:40uMIn2zJLAQhNXghRjBed","Post Malone","Motley Crew","Republic Records",3,23,6,"3659293"
25,"spotify:track:0W6I02J9xcqK8MtSeosEXb","Doja Cat","Get Into It (Yuh)","Kemosabe Records/RCA Records",25,45,8,"3607341"
26,"spotify:track:65OVbaJR5O1RmwOQx0875b","Drake, Lil Baby","Wants and Needs (feat. Lil Baby)","OVO",2,19,24,"3596872"
27,"spotify:track:2vmfvSoZBFAt9hhRoEByLi","Aventura, Bad Bunny","Volví","Rimas Entertainment LLC",17,17,3,"3519664"
28,"spotify:track:5wANPM4fQCJwkGd4rN57mH","Olivia Rodrigo","drivers license","Olivia Rodrigo PS",1,27,32,"3258360"
29,"spotify:track:7MAibcTli4IisCtbHKrGMh","Bruno Mars, Anderson .Paak, Silk Sonic","Leave The Door Open","Aftermath Entertainment/Atlantic",4,26,24,"3180701"
30,"spotify:track:37BZB0z9T8Xu7U3e65qxFy","The Weeknd, Ariana Grande","Save Your Tears (with Ariana Grande) (Remix)","Republic Records",5,25,17,"3178706"
31,"spotify:track:7EkWXAI1wn8Ii883ecd9xr","Surf Curse","Freaks","Surf Curse",31,33,17,"3157517"
32,"spotify:track:5JCoSi02qi3jJeHdZXMmR8","Olivia Rodrigo","favorite crime","Olivia Rodrigo PS",5,29,13,"3024436"
33,"spotify:track:5RwV8BvLfX5injfqYodke9","Rauw Alejandro","Todo De Ti","Sony Music Latin/Duars Entertainment",18,32,12,"3004454"
34,"spotify:track:2JPLbjOn0wPCngEot2STUS","Bad Bunny","Yonaguni","Rimas Entertainment LLC",5,31,11,"2954765"
35,"spotify:track:0MMyJUC3WNnFS1lit5pTjk","Olivia Rodrigo","jealousy, jealousy","Olivia Rodrigo PS",10,34,13,"2907246"
36,"spotify:track:0k4d5YPDr1r7FX77VdqWez","Doja Cat, The Weeknd","You Right","Kemosabe Records/RCA Records",4,35,8,"2859471"
37,"spotify:track:1JXBNvlDEl2epKSJ9EOgKX","The Kid LAROI, Polo G, Stunna Gambino","NOT SOBER (feat. Polo G & Stunna Gambino)","Columbia",16,30,4,"2857002"
38,"spotify:track:37y7iDayfwm3WXn5BiAoRk","Steve Lacy","Dark Red","Three Quarter",38,77,2,"2850646"
39,"spotify:track:21AJQhGZpujjZQXByZAXpr","Lil Tecca, Gunna","REPEAT IT (with Gunna)","Galactic Records/Republic Records",28,28,2,"2831043"
40,"spotify:track:3yaYgjEFkRw3PVjW9mV1TO","Smiley, Drake","Over The Top (feat. Drake)","OVO Sound",17,40,4,"2811873"
41,"spotify:track:5svL1PkWw8hPEAOdTNLexy","Sueco","Paralyzed","Atlantic Records",41,-1,1,"2801861"
42,"spotify:track:3nkW3TPQjBip1lER4h78NX","Machine Gun Kelly","papercuts","Bad Boy/Interscope Records",42,-1,1,"2795875"
43,"spotify:track:0VjIjW4GlUZAMYd2vXMi3b","The Weeknd","Blinding Lights","Republic Records",1,36,90,"2794446"
44,"spotify:track:2BITQ360Knh6qNAOqR7Dyq","Trippie Redd, Playboi Carti","Miss The Rage","Homemade Projects / 10K Projects",4,44,15,"2761545"
45,"spotify:track:1EJIcDYXwSqipW5dFe4uJz","DJ Khaled, Lil Baby, Lil Durk","EVERY CHANCE I GET (feat. Lil Baby & Lil Durk)","Epic/We The Best",24,43,16,"2750450"
46,"spotify:track:2tGvwE8GcFKwNdAXMnlbfl","Olivia Rodrigo","happier","Olivia Rodrigo PS",5,38,13,"2733414"
47,"spotify:track:6SRsiMl7w1USE4mFqrOhHC","Olivia Rodrigo","brutal","Olivia Rodrigo PS",4,39,13,"2717907"
48,"spotify:track:1MIGkQxcdAt2lDx6ySpsc5","Jack Harlow, Pooh Shiesty","SUVs (Black on Black)","Generation Now/Atlantic",22,22,2,"2680606"
49,"spotify:track:0BGwAKW4u8kWOhWFflZxfl","Masked Wolf","Astronaut In The Ocean","Elektra (NEK)",4,41,28,"2661258"
50,"spotify:track:3FAJ6O0NOHQV8Mc5Ri6ENp","Giveon","Heartbreak Anniversary","Epic/Not So Fast",9,49,28,"2652260"
51,"spotify:track:7CIERzyqIwLVKGp00YbHRO","PinkPantheress","Pain","Parlophone UK",51,55,7,"2648282"
52,"spotify:track:2QjOHCTQ1Jl3zawyYOpxh6","The Neighbourhood","Sweater Weather","Columbia",19,53,52,"2627226"
53,"spotify:track:7nc7mlSdWYeFom84zZ8Wr8","Cochise, $NOT","Tell Em","Columbia",26,52,12,"2594412"
54,"spotify:track:5xyLeb2q1lxDf7hXKYlC1H","YNW Melly, Lil Uzi Vert","Mind of Melvin (feat. Lil Uzi Vert)","P2021",54,-1,1,"2554084"
55,"spotify:track:7kDUspsoYfLkWnZR7qwHZl","Machine Gun Kelly, blackbear","my ex's best friend (with blackbear)","Bad Boy/Interscope Records",11,57,54,"2493302"
56,"spotify:track:1sx0XsWUusUoPstbvokZjP","Tai Verdes","AOK","Arista Records",56,59,10,"2457663"
57,"spotify:track:2Y0wPrPQBrGhoLn14xRYCG","Juice WRLD, Marshmello","Come & Go (with Marshmello)","Grade A Productions/Interscope Records",1,46,58,"2444653"
58,"spotify:track:4pt5fDVTg5GhEvEtlz9dKk","Måneskin","I WANNA BE YOUR SLAVE","RCA Records Label",45,51,9,"2422583"
59,"spotify:track:0cu0rhnlCnJ7JIeHRiLpj3","DaBaby","Ball If I Want To","South Coast Music Group/Interscope Records",28,50,9,"2409684"
60,"spotify:track:2bgTY4UwhfBYhGT4HUYStN","BTS","Butter","BIGHIT MUSIC",13,54,13,"2388952"
61,"spotify:track:3CboywxfJIgvHqi2FF4exb","A-Wall","Loverboy","Revolution Records",61,-1,1,"2358964"
62,"spotify:track:4qu63nuBpdn0qHUHuObEj1","Marshmello, Jonas Brothers","Leave Before You Love Me (with Jonas Brothers)","Republic Records",45,61,13,"2339326"
63,"spotify:track:5JKnYZOhSP7rOK0jPYcCjV","WILLOW, Travis Barker","t r a n s p a r e n t s o u l feat. Travis Barker","MSFTSMusic / Roc Nation Records, LLC",20,56,14,"2312234"
64,"spotify:track:6OTKVgVpVaVjhRLYizPJKA","PinkPantheress","Just for Me","Parlophone UK",64,-1,1,"2290665"
65,"spotify:track:62vpWI1CHwFy7tMIcSStl8","J. Cole","No Role Modelz","Roc Nation Records LLC",45,74,184,"2289042"
66,"spotify:track:0NmuYnjETG3u3qx0OmEJev","Nelly, Florida Georgia Line","Lil Bit","Records/Columbia",44,68,17,"2283482"
67,"spotify:track:6tDDoYIxWvMLTdKpjFkc1B","Kali Uchis","telepatía","EMI / Interscope",4,60,27,"2281565"
68,"spotify:track:21jGcNKet2qwijlDFuPiPb","Post Malone","Circles","Republic Records",1,65,103,"2253303"
69,"spotify:track:4jPy3l0RUwlUI9T5XHBW2m","24kGoldn, iann dior","Mood (feat. iann dior)","Records/Columbia",2,64,54,"2243048"
70,"spotify:track:3YJJjQPAbDT7mGpX3WtQ9A","SZA","Good Days","Top Dawg Entertainment/RCA Records",1,67,34,"2229616"
71,"spotify:track:0RiRZpuVRbi7oqRdSMwhQY","Post Malone, Swae Lee","Sunflower - Spider-Man: Into the Spider-Verse","Republic Records",1,71,148,"2214835"
72,"spotify:track:5zFglKYiknIxks8geR8rcL","Maroon 5, Megan Thee Stallion","Beautiful Mistakes (feat. Megan Thee Stallion)","Interscope Records*",29,69,23,"2167672"
73,"spotify:track:1VLtjHwRWOVJiE5Py7JxoQ","Polo G","Martin & Gina","Columbia",23,73,55,"2167657"
74,"spotify:track:4MzXwWMhyBbmu6hOcLVD49","Bad Bunny, Jhayco","DÁKITI","Rimas Entertainment LLC",1,66,42,"2165331"
75,"spotify:track:6UelLqGlWMcVH1E5c4H7lY","Harry Styles","Watermelon Sugar","Columbia",4,72,92,"2154165"
76,"spotify:track:2sXf2JdbB2GlNju00kw9WE","Bruno Mars, Anderson .Paak, Silk Sonic","Skate","Aftermath Entertainment/Atlantic",17,47,3,"2125224"
77,"spotify:track:5B0kgjHULYJhAQkK5XsMoC","Tyler, The Creator, YoungBoy Never Broke Again, Ty Dolla $ign","WUSYANAME (feat. Youngboy Never Broke Again & Ty Dolla $ign)","Columbia",3,63,8,"2101507"
78,"spotify:track:60ynsPSSKe6O3sfwRnIBRf","Doja Cat","Streets","Kemosabe Records/RCA Records",3,70,32,"2081866"
79,"spotify:track:3oV2RVOmwdWdf9BmGS4Oad","Dan + Shay","Glad You Exist","Warner Music Nashville",64,125,22,"2061097"
80,"spotify:track:20BOju91NaEFK5Py4VJ2pp","Saweetie, Doja Cat","Best Friend (feat. Doja Cat)","ICY/Warner Records",12,76,32,"2040558"
81,"spotify:track:27OeeYzk6klgBh83TSvGMA","The Kid LAROI","WITHOUT YOU","Columbia",8,78,40,"2040305"
82,"spotify:track:003vvx7Niy0yvhvHt4a68B","The Killers","Mr. Brightside","Island Records",82,90,55,"2021063"
83,"spotify:track:1YDebgap5OFwXEBG18NJvy","DaBaby","Red Light Green Light","South Coast Music Group/Interscope Records",32,75,8,"2001630"
84,"spotify:track:1D3z6HTiQsNmZxjl7F7eoG","J. Cole, 21 Savage, Morray","m y . l i f e (with 21 Savage & Morray)","Dreamville, Inc., Under exclusive license to Roc Nation Records",2,81,14,"1995135"
85,"spotify:track:0ofHAoxe9vBkTCp2UQIavz","Fleetwood Mac","Dreams - 2004 Remaster","Rhino/Warner Records",6,87,50,"1990930"
86,"spotify:track:4VXIryQMWpIdGgYR4TrjT1","Juice WRLD","All Girls Are The Same","Juice WRLD Mixtape / ISR P&D",13,86,173,"1969262"
87,"spotify:track:38GBNKZUhfBkk3oNlWzRYd","Billie Eilish","NDA","Darkroom/Interscope Records",13,48,6,"1969002"
88,"spotify:track:4lUmnwRybYH7mMzf16xB0y","Lil Baby, Lil Durk, Travis Scott","Hats Off (feat. Travis Scott)","Quality Control Music/Alamo Records/Motown Records",27,104,11,"1960856"
89,"spotify:track:1058fW9H3fZA6QjYCdOBad","Camila Cabello","Don't Go Yet","Epic",43,79,4,"1956238"
90,"spotify:track:2vWBUC9djv6BtiGlmKiQaH","Yot Club","YKWIM?","yot club under exclusive license to Amuseio AB",90,121,7,"1938268"
91,"spotify:track:51pshtuYkgUQnt5huMPbKL","Mac Miller, Empire of the Sun","The Spins","Rostrum Records",91,99,25,"1931444"
92,"spotify:track:1M4OcYkxAtu3ErzSgDEfoi","Cardi B","Up","Atlantic Records",3,85,28,"1923160"
93,"spotify:track:2U5WueTLIK5WJLD7mvDODv","Juice WRLD","Wishing Well","Grade A Productions/Interscope Records",1,88,58,"1916886"
94,"spotify:track:285pBltuF7vW8TeWk8hdRR","Juice WRLD","Lucid Dreams","Juice WRLD Mixtape / ISR P&D",1,91,172,"1902018"
95,"spotify:track:2IePEfMAtqWS6rLXXFZIgI","Internet Money, Gunna, Don Toliver, Lil Uzi Vert","His & Hers (feat. Don Toliver & Lil Uzi Vert)","Internet Money / 10K Projects",50,97,14,"1887313"
96,"spotify:track:4ka1FkKAMde6dQAFFMXKac","Nessa Barrett","i hope ur miserable until ur dead","Warner Records",58,58,2,"1884929"
97,"spotify:track:1fxYz1s15pyZLsJT0Hdh1m","Roddy Ricch","late at night","Atlantic Records",24,93,11,"1884535"
98,"spotify:track:7hxHWCCAIIxFLCzvDgnQHX","Internet Money, Gunna, Don Toliver, NAV","Lemonade (feat. NAV)","Internet Money Records / TenThousand Projects",1,94,53,"1882231"
99,"spotify:track:3J8EOeKLTLXORtWPpOU5bE","Lil Tjay, 6LACK","Calling My Phone","Columbia",1,95,27,"1873482"
100,"spotify:track:6IBcOGPsniK3Pso1wHIhew","Luke Combs","Forever After All","River House Artists/Columbia Nashville",2,103,43,"1863288"
101,"spotify:track:05bfbizlM5AX6Mf1RRyMho","Nio Garcia, J Balvin, Bad Bunny","AM Remix","Flow La Movie",55,92,8,"1860594"
102,"spotify:track:0ZLuW8uOXdFNWcI40C0OC2","Jack Harlow, Tory Lanez, DaBaby, Lil Wayne","Whats Poppin (feat. DaBaby, Tory Lanez & Lil Wayne) [Remix] - Bonus Track","Generation Now/Atlantic",2,101,61,"1818273"
103,"spotify:track:0uxSUdBrJy9Un0EYoBowng","Lil Uzi Vert","20 Min","Generation Now/Atlantic",93,116,80,"1799728"
104,"spotify:track:5W8jRrZ6tWrTrqnKRtIQBf","J. Cole, Lil Baby","p r i d e . i s . t h e . d e v i l (with Lil Baby)","Dreamville, Inc., Under exclusive license to Roc Nation Records",4,105,14,"1799573"
105,"spotify:track:0PvFJmanyNQMseIFrU708S","Pop Smoke, Lil Baby, DaBaby","For The Night (feat. Lil Baby & DaBaby)","Victor Victor Worldwide",2,107,59,"1791895"
106,"spotify:track:5eXBXreN3d1zdj6Sa8dS0u","BTS","Permission to Dance","BIGHIT MUSIC",16,80,6,"1788622"
107,"spotify:track:2SAqBLGA283SUiwJ3xOUVI","Drake, Lil Durk","Laugh Now Cry Later (feat. Lil Durk)","OVO",2,111,53,"1787843"
108,"spotify:track:6gBFPUFcJLzWGx4lenP6h2","Travis Scott","goosebumps","Cactus Jack / Epic",8,126,242,"1786160"
109,"spotify:track:4Oun2ylbjFKMPTiaSbbCih","Cardi B, Megan Thee Stallion","WAP (feat. Megan Thee Stallion)","Atlantic/KSR",1,118,54,"1783478"
110,"spotify:track:67G6iaOw8DZqp1z8STR89R","BIA, Nicki Minaj","WHOLE LOTTA MONEY (feat. Nicki Minaj) - Remix","Epic",35,106,6,"1781370"
111,"spotify:track:6foY66mWZN0pSRjZ408c00","Morgan Wallen","Whiskey Glasses","Big Loud Records",59,113,121,"1753023"
112,"spotify:track:2GiJYvgVaD2HtM8GqD9EgQ","BØRNS","Electric Love","UMGRI Interscope",44,124,60,"1751967"
113,"spotify:track:5QO79kh1waicV47BqGRL3g","The Weeknd","Save Your Tears","Republic Records",2,114,38,"1734685"
114,"spotify:track:0lkQOB949M2gLyut86aJ1b","Cage The Elephant","Cigarette Daydreams","RCA Records Label",114,123,26,"1733494"
115,"spotify:track:2TOzTqQXNmR2zDJXihjZ2e","Olivia Rodrigo","enough for you","Olivia Rodrigo PS",6,96,13,"1730588"
116,"spotify:track:5E30LdtzQTGqRvNd7l6kG5","The Neighbourhood","Daddy Issues","Columbia",59,122,49,"1728548"
117,"spotify:track:7ytR5pFWmSjzHJIeQkgog4","DaBaby, Roddy Ricch","ROCKSTAR (feat. Roddy Ricch)","South Coast Music Group/Interscope Records",1,115,70,"1721715"
118,"spotify:track:6zSpb8dQRaw0M1dK8PBwQz","Elton John, Dua Lipa, PNAU","Cold Heart - PNAU Remix","EMI",118,-1,1,"1703483"
119,"spotify:track:5xrH7dVah85mTEr4jgT1mu","$uicideboy$","Materialism as a Means to an End","G59 Records",119,-1,2,"1694849"
120,"spotify:track:6Hj9jySrnFppAI0sEMCZpJ","Juice WRLD","Robbery","Grade A Productions/Interscope Records",3,128,131,"1683098"
121,"spotify:track:4TIqzdAssasqx3DAe6cG9J","Joyner Lucas, Lil Baby","Ramen & OJ","Twenty Nine Music Group",35,137,16,"1676573"
122,"spotify:track:3Ho13bRS28xEvGvgW4LOFM","Sheff G, Polo G","On Go (feat. Polo G)","Winners Circle/RCA Records",122,127,2,"1669960"
123,"spotify:track:35mvY5S1H3J2QZyna3TFe0","Ariana Grande","positions","Republic Records",1,108,43,"1668864"
124,"spotify:track:2iUmqdfGZcHIhS3b9E9EWq","Neon Trees","Everybody Talks","Mercury Records",124,138,25,"1664986"
125,"spotify:track:3EpF150nXMSNjiH0bbmXIL","Trippie Redd, Lil Uzi Vert","Holy Smokes (feat. Lil Uzi Vert)","Homemade Projects / 10K Projects",25,117,5,"1660289"
126,"spotify:track:0nqhKXDjsyBMvbeWmgijD0","Moneybagg Yo","Wockesha","CMG/N-Less/Interscope Records",56,112,14,"1658529"
127,"spotify:track:0Fs9cdPDhptWEDJmiCbkEW","J. Cole, Cults, Amber Coffman","She Knows (feat. Amber Coffman & Cults)","Roc Nation LLC",127,151,3,"1656553"
128,"spotify:track:21UkXrc9kD48rNpTMI2ecz","Lil Tecca","NEVER LEFT","Galactic / Republic Records",20,109,15,"1646660"
129,"spotify:track:1tkg4EHVoqnhR6iFEXb60y","Pop Smoke","What You Know Bout Love","Victor Victor Worldwide",6,129,51,"1646547"
130,"spotify:track:7H0ya83CMmgFcOhw0UB6ow","Beach House","Space Song","Sub Pop Records",130,140,6,"1645470"
131,"spotify:track:0zO8ctW0UiuOefR87OeJOZ","ScHoolboy Q, Kendrick Lamar","Collard Greens","Schoolboy Q",131,-1,1,"1633546"
132,"spotify:track:0mHGftgYtmpH4y17T3VZ2E","blackbear","@ my worst","Alamo/Columbia",62,62,2,"1632460"
133,"spotify:track:0GO8y8jQk1PkHzS31d699N","GROUPLOVE","Tongue Tied","Canvasback/ATL",107,134,66,"1631807"
134,"spotify:track:7qEHsqek33rTcFNT9PFqLf","Lewis Capaldi","Someone You Loved","Vertigo Berlin",6,133,121,"1630934"
135,"spotify:track:0Kdj7nwaYQmvhxnqZaIQuW","Bo Burnham","Bezos I","Bo Burnham",53,100,9,"1624267"
136,"spotify:track:1f3yAtsJtY87CTmM8RLnxf","Nirvana","Smells Like Teen Spirit","Geffen",135,135,6,"1620440"
137,"spotify:track:2wAJTrFhCnQyNSD3oUgTZO","J. Cole","Work Out","Roc Nation LLC",128,154,7,"1608155"
138,"spotify:track:7FGdjbZ32vMybPuP0IuE7d","Pooh Shiesty, Lil Durk","Back in Blood (feat. Lil Durk)","Atlantic Records",9,141,32,"1607668"
139,"spotify:track:0rKtyWc8bvkriBthvHKY8d","Joji","SLOW DANCING IN THE DARK","88rising Music/Warner Records",29,150,152,"1604013"
140,"spotify:track:6rTInqW3YECMkQsBEHw4sd","Young Stoner Life, Young Thug, Gunna, Drake","Solid (feat. Drake)","300 Entertainment",7,110,18,"1602655"
141,"spotify:track:4xqrdfXkTW4T0RauPLv3WA","Conan Gray","Heather","Republic Records",9,144,59,"1598502"
142,"spotify:track:3aQem4jVGdhtg116TmJnHz","Drake","What’s Next","OVO",1,136,24,"1590891"
143,"spotify:track:3PfIrDoz19wz7qK7tYeu62","Dua Lipa","Don't Start Now","Warner Records",5,145,90,"1590010"
144,"spotify:track:26BMsCXJpD7eYtP7ufhApC","Blueface, OG Bobby Billions","Outside (Better Days)","5th Amendment / Entertainment One / Billionaire Music Group / EMPIRE",139,-1,6,"1586175"
145,"spotify:track:4bHsxqR3GMrXTxEPLuK5ue","Journey","Don't Stop Believin' (2022 Remaster)","Columbia/Legacy",132,156,35,"1582190"
146,"spotify:track:22LAwLoDA5b4AaGSkg6bKW","Lil Mosey","Blueberry Faygo","Mogul Vision/Interscope Records",2,142,80,"1578098"
147,"spotify:track:7m9OqQk4RVRkw9JJdeAw96","XXXTENTACION","Jocelyn Flores","Bad Vibes Forever / EMPIRE",3,165,208,"1575891"
148,"spotify:track:3fqwjXwUGN6vbzIwvyFMhx","Chris Stapleton","Tennessee Whiskey","Mercury Nashville",135,155,36,"1572679"
149,"spotify:track:4rPkN1FMzQyFNP9cLUGIIB","Dua Lipa","Love Again","Warner Records",142,168,5,"1569744"
150,"spotify:track:5ikjIVLHoBrgaZ0zNrn6Ty","$uicideboy$","If Self-Destruction Was an Olympic Event, I’d Be Tonya Harding","G59 Records",150,-1,1,"1554886"
151,"spotify:track:69AIpwGNLxr4qS1X5ynx60","Jordan Davis, Luke Bryan","Buy Dirt","MCA Nashville",151,-1,1,"1554617"
152,"spotify:track:7GX5flRQZVHRAGd6B4TmDO","Lil Uzi Vert","XO Tour Llif3","Generation Now/Atlantic",2,158,227,"1552705"
153,"spotify:track:3cBsEDNhFI9E82vPj3kvi3","Morgan Wallen","Wasted On You","Big Loud / Republic",3,153,32,"1546192"
154,"spotify:track:2mt1IqcFyY1zmYZT8Q3xw9","blackbear","hot girl bummer","Alamo",4,162,104,"1542966"
155,"spotify:track:5wRSnumY0x8O47QuxgqwhR","$uicideboy$","Life Is but a Stream~","G59 Records",155,-1,1,"1537500"
156,"spotify:track:1c1sdxrYLIiuJOlE7PPttb","Kygo, Zoe Wees","Love Me Now (feat. Zoe Wees)","Kygo/RCA Records",156,-1,1,"1531458"
157,"spotify:track:45bE4HXI0AwGZXfZtMp8JR","Tate McRae","you broke me first","RCA Records Label",16,159,57,"1529534"
158,"spotify:track:4Li2WHPkuyCdtmokzW2007","JAY-Z, Kanye West","Ni**as In Paris","Roc Nation/RocAFella/IDJ",158,166,9,"1514617"
159,"spotify:track:0QULNNd9z5s35entfiiXoa","Elle King, Miranda Lambert","Drunk (And I Don't Wanna Go Home)","RCA Records Label",143,143,3,"1510454"
160,"spotify:track:0nbXyq5TXYPCO7pr3N8S4I","Roddy Ricch","The Box","Atlantic Records",1,157,89,"1508395"
161,"spotify:track:1RSjxBz03F6vEqoHT9jWBa","$uicideboy$","5 Grand at 8 to 1","G59 Records",161,-1,1,"1500418"
162,"spotify:track:58ge6dfP91o9oXMzq3XkIS","Arctic Monkeys","505","Domino/Warner Records",129,169,31,"1497285"
163,"spotify:track:0vzSAyinyA619ZbrOaAi04","Dan + Shay","Steal My Love","Warner Music Nashville",163,-1,1,"1495003"
164,"spotify:track:4191RXFPa7Ge9XkA4cWlna","Billie Eilish","Lost Cause","Darkroom/Interscope Records",13,82,11,"1493209"
165,"spotify:track:161DnLWsx1i3u1JT05lzqU","Bruno Mars","Talking to the Moon","Atlantic Records",64,175,22,"1491339"
166,"spotify:track:5f3MXmTmstozFg0BH1yPUk","Jason Aldean, Carrie Underwood","If I Didn’t Love You","Broken Bow Records",47,131,4,"1485479"
167,"spotify:track:2gMXnyrvIjhVBUZwvLZDMP","Lewis Capaldi","Before You Go","Vertigo Berlin",42,185,89,"1485368"
168,"spotify:track:1dIWPXMX4kRHj6Dt2DStUQ","Blxst, Tyga, Ty Dolla $ign","Chosen (feat. Ty Dolla $ign)","Red Bull Records Inc. / Evgle LLC",168,-1,1,"1482041"
169,"spotify:track:1K5KBOgreBi5fkEHvg5ap3","Future, Drake","Life Is Good (feat. Drake)","Epic/Freebandz",2,184,84,"1481687"
170,"spotify:track:2HbKqm4o0w5wEeEFXm2sD4","Kendrick Lamar, Jay Rock","Money Trees","Aftermath",88,191,35,"1480785"
171,"spotify:track:4EWCNWgDS8707fNSZ1oaA5","Kanye West","Heartless","Roc-A-Fella",171,171,3,"1479614"
172,"spotify:track:7BoobGhD4x5K96Me0hqC8Q","Bella Poarch","Build a Bitch","Warner Records",28,179,14,"1478815"
173,"spotify:track:20R4HfKloPKgXDqU7UKk3x","Billie Eilish","Therefore I Am","Darkroom/Interscope Records",1,102,34,"1475917"
174,"spotify:track:7sO5G9EABYOXQKNPNiE9NR","Offset, Metro Boomin","Ric Flair Drip (with Metro Boomin)","Slaughter Gang, LLC/Epic/Quality Control Music/Motown/Capitol/Boominati Worldwide/Republic",4,190,128,"1474012"
175,"spotify:track:2vXgyN14LX2zl7JEASw242","Normani, Cardi B","Wild Side (feat. Cardi B)","Keep Cool/RCA Records",48,180,5,"1473319"
176,"spotify:track:30QR0ndUdiiMQMA9g1PGCm","$uicideboy$","...And to Those I Love, Thanks for Sticking Around","G59 Records",82,187,22,"1470739"
177,"spotify:track:6K4t31amVTZDgR3sKmwUJJ","Tame Impala","The Less I Know The Better","Universal Music Australia Pty. Ltd.",117,186,98,"1468171"
178,"spotify:track:2rxQMGVafnNaRaXlRMWPde","Luke Combs","Beautiful Crazy","River House Artists/Columbia Nashville",61,181,160,"1465610"
179,"spotify:track:3eBnEo9WL34ulBCZlLpUQO","Zac Brown Band","Chicken Fried","Home Grown Music",71,170,13,"1463763"
180,"spotify:track:5uEYRdEIh9Bo4fpjDd4Na9","Travis Scott, HVME","Goosebumps - Remix","Cactus Jack/Epic",36,173,31,"1461745"
181,"spotify:track:7fBv7CLKzipRk6EC6TWHOB","The Weeknd","The Hills","Universal Republic Records",27,163,40,"1459805"
182,"spotify:track:5OELUCYgOHKFAvCERnAvfS","Morgan Wallen","More Than My Hometown","Big Loud / Republic",21,178,69,"1457884"
183,"spotify:track:19n8izXThARSuQAXrOKNbO","$uicideboy$","Avalon","G59 Records",183,-1,1,"1456570"
184,"spotify:track:4wcBRRpIfesgcyUtis7PEg","Olivia Rodrigo","1 step forward, 3 steps back","Olivia Rodrigo PS",8,148,13,"1456273"
185,"spotify:track:0y60itmpH0aPKsFiGxmtnh","WILLOW","Wait a Minute!","Roc Nation W Smith P&D",153,-1,18,"1455996"
186,"spotify:track:79s5XnCN4TJKTVMSmOx8Ep","Pop Smoke","Dior","Victor Victor Worldwide/Republic Records",18,183,75,"1452436"
187,"spotify:track:7yq4Qj7cqayVTp3FF9CWbm","Vance Joy","Riptide","Atlantic Records",180,189,8,"1444757"
188,"spotify:track:2JvzF1RMd7lE3KmFlsyZD8","J. Cole","MIDDLE CHILD","Dreamville, Inc., Under exclusive license to Roc Nation Records",1,200,129,"1443616"
189,"spotify:track:6Im9k8u9iIzKMrmV7BWtlF","Ariana Grande","34+35","Republic Records",2,164,42,"1440568"
190,"spotify:track:6hf0RpxTbOprT5nnwzkk8e","J Balvin, Maria Becerra","Qué Más Pues?","Sueños Globales, LLC",79,132,9,"1435347"
191,"spotify:track:0bI7K9Becu2dtXK1Q3cZNB","Tiësto, KAROL G","Don't Be Shy","Atlantic Records",191,-1,1,"1430563"
192,"spotify:track:3w1WjD2zJqjBjDz5fwqQPJ","Jack Harlow","Tyler Herro","Generation Now/Atlantic",9,176,37,"1426939"
193,"spotify:track:0u2P5u6lvoDfwTYjAADbn4","Billie Eilish, Khalid","lovely (with Khalid)","Darkroom",24,188,168,"1422242"
194,"spotify:track:3sNVsP50132BTNlImLx70i","Kanye West","Bound 2","Rock The World/IDJ/Kanye/LP6",194,198,2,"1422224"
195,"spotify:track:78QR3Wp35dqAhFEc2qAGjE","Lil Baby, Gunna","Drip Too Hard (Lil Baby & Gunna)","Quality Control Music/Young Stoner Life Records, a 300 Entertainment Label/Motown Records/Capitol Records",1,195,149,"1420324"
196,"spotify:track:2Q9nA56DKKJhj4cHMbHlAS","$uicideboy$","Ugliest","G59 Records",196,-1,1,"1413778"
197,"spotify:track:6D7Y1ifRZYfqaTvffJ2zGT","blackbear","alone in a room full of people","Alamo/Columbia",197,-1,1,"1412080"
198,"spotify:track:7FIWs0pqAYbP91WWM0vlTQ","Eminem, Juice WRLD","Godzilla (feat. Juice WRLD)","Shady/Aftermath/Interscope Records",2,197,80,"1408497"
199,"spotify:track:2eAZfqOm4EnOF9VvN50Tyc","Lil Uzi Vert, Oh Wonder","The Way Life Goes (feat. Oh Wonder)","Generation Now/Atlantic",8,-1,76,"1405766"
200,"spotify:track:1J14CdDAvBTE1AJYUOwl6C","Duncan Laurence","Arcade","Universal Music, a division of Universal International Music BV",60,192,24,"1405556"
