﻿rank,uri,artist_names,track_name,source,peak_rank,previous_rank,weeks_on_chart,streams
1,"spotify:track:2EjXfH91m7f8HiJN1yQg97","Brenda Lee","Rockin' Around The Christmas Tree","MCA Nashville",1,2,35,"8434362"
2,"spotify:track:0bYg9bo50gSsH3LtXe2SQn","Mariah Carey","All I Want for Christmas Is You","Columbia",1,5,40,"7859265"
3,"spotify:track:7vQbuQcyTflfCIOu3Uzzya","Bobby Helms","Jingle Bell Rock","Geffen",3,4,34,"7671189"
4,"spotify:track:1IcR6RlgvDczfvoWJSSY2A","Andy Williams","It's the Most Wonderful Time of the Year","Columbia",4,10,32,"6654467"
5,"spotify:track:5Z9KJZvQzH6PFmb8SNkxuk","Lil Nas X, Jack Harlow","INDUSTRY BABY (feat. Jack Harlow)","Columbia",1,3,21,"6605205"
6,"spotify:track:0QwKxajohg1rAMMmv1AWe1","Juice WRLD","Burn","Grade A Productions/Interscope Records",6,-1,1,"6432737"
7,"spotify:track:5dXWFMwD7I7zXsInONVl0H","SZA","I Hate U","Top Dawg Entertainment/RCA Records",1,1,2,"6349621"
8,"spotify:track:4so0Wek9Ig1p6CRCHuINwW","Bing Crosby, Ken Darby Singers, John Scott Trotter & His Orchestra","White Christmas - 1947 Version","Geffen",8,11,27,"6212187"
9,"spotify:track:4fouWK6XVHhzl78KzQ1UjL","GAYLE","abcdefu","Atlantic/Arthouse Records",9,9,5,"6134212"
10,"spotify:track:02MWAaffLxlfxAUY7c5dvx","Glass Animals","Heat Waves","Polydor Records",4,7,55,"5986746"
11,"spotify:track:5PjdY0CKGZdEuoNab3yDmX","The Kid LAROI, Justin Bieber","STAY (with Justin Bieber)","Columbia",1,8,23,"5898226"
12,"spotify:track:46IZ0fSY2mpAiktS3KOqds","Adele","Easy On Me","Columbia",1,6,9,"5874914"
13,"spotify:track:77khP2fIVhSW23NwxrRluh","Burl Ives","A Holly Jolly Christmas","Geffen",10,18,27,"5685377"
14,"spotify:track:2FRnf9qhLbvw8fu4IBXx78","Wham!","Last Christmas","Epic",5,19,33,"5602069"
15,"spotify:track:0lLdorYw7lVrJydTINhWdI","Michael Bublé","It's Beginning to Look a Lot like Christmas","143/Reprise",7,15,31,"5586612"
16,"spotify:track:2quVkyLSVr5wX2QIhnexUt","Juice WRLD","Already Dead","Grade A Productions/Interscope Records",7,80,5,"5538235"
17,"spotify:track:1cA4wEmLkKlttS6N89LbJh","Juice WRLD, Justin Bieber","Wandered To LA (with Justin Bieber)","Grade A Productions/Interscope Records",13,13,2,"5493253"
18,"spotify:track:5R4Yrc2j4jw1itr4hKcN26","Juice WRLD, Polo G, Trippie Redd","Feline (with Polo G & Trippie Redd)","Grade A Productions/Interscope Records",18,-1,1,"5136233"
19,"spotify:track:4A8cWXxKfIL3lAyUDzXbCF","Kodak Black","Super Gremlin","Atlantic/Sniper Gang",19,30,3,"5119055"
20,"spotify:track:5enxwA8aAbwZbf5qCHORXi","Taylor Swift","All Too Well (10 Minute Version) (Taylor's Version) (From The Vault)","Taylor Swift",1,12,5,"5073419"
21,"spotify:track:3qCeq0rWK67SoBDgFd2sId","José Feliciano","Feliz Navidad","RCA/BMG Heritage",11,23,24,"5054154"
22,"spotify:track:0v36cov6Z6aEV5ZgIlqZMk","Juice WRLD","Rockstar In His Prime","Grade A Productions/Interscope Records",22,-1,1,"5033578"
23,"spotify:track:7fUYUcWy853HS8YJn0b3Sr","The Ronettes","Sleigh Ride","Legacy Recordings",14,24,20,"4901249"
24,"spotify:track:4PS1e8f2LvuTFgUs1Cn3ON","Nat King Cole","The Christmas Song (Merry Christmas To You)","CAPITOL CATALOG MKT (C92)",12,22,27,"4881152"
25,"spotify:track:2BcMwX1MPV6ZHP4tUT9uq6","Drake, 21 Savage, Project Pat","Knife Talk (with 21 Savage ft. Project Pat)","OVO",2,16,15,"4850754"
26,"spotify:track:0lizgQ7Qw35od7CYaoMBZb","Ariana Grande","Santa Tell Me","Universal Records",5,28,31,"4821259"
27,"spotify:track:4kKdvXD0ez7jp1296JmAts","Frank Sinatra, B. Swanson Quartet","Let It Snow! Let It Snow! Let It Snow! (with The B. Swanson Quartet)","Columbia/Legacy",9,25,28,"4661983"
28,"spotify:track:4ZtFanR9U6ndgddUvNcjcG","Olivia Rodrigo","good 4 u","Olivia Rodrigo PS",1,14,31,"4654759"
29,"spotify:track:7DF8lvLdV3htIbuTWpc7lR","Juice WRLD, SUGA, BTS","Girl Of My Dreams (with SUGA of BTS)","Grade A Productions/Interscope Records",29,-1,1,"4647726"
30,"spotify:track:3Vi5XqYrmQgOYBajMWSvCi","Doja Cat","Need to Know","Kemosabe Records/RCA Records",4,17,27,"4518160"
31,"spotify:track:1r9xUipOqoNwggBpENDsvJ","Imagine Dragons, JID, Arcane, League of Legends","Enemy (with JID) - from the series Arcane League of Legends","KIDinaKORNER/Interscope Records",24,27,7,"4375117"
32,"spotify:track:2W1Aq2c6PUSHBC0golgHLK","Juice WRLD","You Wouldn't Understand","Grade A Productions/Interscope Records",32,-1,1,"4249879"
33,"spotify:track:7sMBvZCSUl99bJLXZaLa0b","Bruno Mars, Anderson .Paak, Silk Sonic","Smokin Out The Window","Aftermath Entertainment/Atlantic",2,20,6,"4131403"
34,"spotify:track:2pXpURmn6zC5ZYDMms6fwa","Perry Como, The Fontane Sisters, Mitchell Ayres & His Orchestra","It's Beginning to Look a Lot Like Christmas (with Mitchell Ayres & His Orchestra)","RCA Records Label",31,32,24,"4109141"
35,"spotify:track:3DarAbFujv6eYNliUTyqtz","Doja Cat, SZA","Kiss Me More (feat. SZA)","Kemosabe Records/RCA Records",1,21,36,"4080694"
36,"spotify:track:3nAp4IvdMPPWEH9uuXFFV5","Kelly Clarkson","Underneath the Tree","RCA Records Label",8,42,21,"4072896"
37,"spotify:track:3QFInJAm9eyaho5vBzxInN","Baby Keem, Kendrick Lamar","family ties (with Kendrick Lamar)","Columbia",8,26,16,"3973544"
38,"spotify:track:38Vh0iUlilcvnBNWS4saSD","Juice WRLD","Doom","Grade A Productions/Interscope Records",38,-1,1,"3941416"
39,"spotify:track:59NTlSZN6G2eCs4jcf46C0","Juice WRLD","Not Enough","Grade A Productions/Interscope Records",39,-1,1,"3835701"
40,"spotify:track:47ohYW8e7dxCYn9qbUMBCI","Darlene Love","Christmas (Baby Please Come Home)","Legacy Recordings",28,46,12,"3753883"
41,"spotify:track:7FAND3cHMvepHjpBp8gOZ9","Juice WRLD","Go Hard","Grade A Productions/Interscope Records",41,-1,1,"3753448"
42,"spotify:track:7xapw9Oy21WpfEcib2ErSA","Justin Bieber","Mistletoe","RBMG/Def Jam",15,52,29,"3746837"
43,"spotify:track:1SV1fxF65n9NhRHp3KlBuu","Paul McCartney","Wonderful Christmastime - Edited Version / Remastered 2011","Paul McCartney Catalog",17,47,23,"3694899"
44,"spotify:track:6Uj1ctrBOjOas8xZXGqKk4","Doja Cat","Woman","Kemosabe Records/RCA Records",12,31,25,"3673561"
45,"spotify:track:37y7iDayfwm3WXn5BiAoRk","Steve Lacy","Dark Red","Three Quarter",23,33,19,"3601628"
46,"spotify:track:6tjituizSxwSmBB5vtgHZE","Michael Bublé","Holly Jolly Christmas","143/Reprise",16,50,23,"3555692"
47,"spotify:track:2uFaJJtFpPDc5Pa95XzTvg","Dean Martin","Let It Snow! Let It Snow! Let It Snow!","Capitol Records",13,61,20,"3540246"
48,"spotify:track:0k1WUmIRnG3xU6fvvDVfRG","Drake, Future, Young Thug","Way 2 Sexy (with Future & Young Thug)","OVO",1,29,15,"3479432"
49,"spotify:track:2pnPe4pJtq7689i5ydzvJJ","Chuck Berry","Run Rudolph Run","Geffen*",27,54,23,"3430900"
50,"spotify:track:5CZ40GBx1sQ9agT82CLQCT","Olivia Rodrigo","traitor","Olivia Rodrigo PS",3,39,30,"3418668"
51,"spotify:track:07MDkzWARZaLEdKxo6yArG","THE ANXIETY, WILLOW, Tyler Cole","Meet Me At Our Spot","MSFTSMusic / Roc Nation Records, LLC",10,36,17,"3393906"
52,"spotify:track:50nfwKoDiSYg8zOCREWAm5","Ed Sheeran","Shivers","Atlantic Records UK",8,37,14,"3381745"
53,"spotify:track:7rglLriMNBPAyuJOMGwi39","Elton John, Dua Lipa, PNAU","Cold Heart - PNAU Remix","EMI",21,38,17,"3369758"
54,"spotify:track:4RVwu0g32PAqgUiJoXsdF8","Billie Eilish","Happier Than Ever","Darkroom/Interscope Records",3,41,20,"3366386"
55,"spotify:track:3QiAAp20rPC3dcAtKtMaqQ","Elvis Presley","Blue Christmas","RCA Victor",30,53,23,"3323826"
56,"spotify:track:6f5ExP43esnvdKPddwKXJH","NEIKED, Mae Muller, Polo G","Better Days (NEIKED x Mae Muller x Polo G)","Capitol Records UK / EMI",6,35,9,"3309848"
57,"spotify:track:2QjOHCTQ1Jl3zawyYOpxh6","The Neighbourhood","Sweater Weather","Columbia",19,44,69,"3264735"
58,"spotify:track:27RYrbL6S02LNVhDWVl38b","John Lennon, Yoko Ono","Happy Xmas (War Is Over) - Remastered 2010","EMI Catalogue",32,64,22,"3247438"
59,"spotify:track:4SqWKzw0CbA05TGszDgMlc","The Walters","I Love You So","Warner Records",45,51,10,"3227282"
60,"spotify:track:6a1hzBiTkgqTsDA0Xgfh9z","The Jackson 5","Santa Claus Is Coming To Town","UNI/MOTOWN",32,63,13,"3223296"
61,"spotify:track:6U0vwOILZNn5O6w1IZ1Mzr","Juice WRLD","From My Window","Grade A Productions/Interscope Records",61,-1,1,"3147928"
62,"spotify:track:29TPjc8wxfz4XMn21O7VsZ","Playboi Carti","Sky","AWGE/Interscope Records",35,49,17,"3131546"
63,"spotify:track:1foCxQtxBweJtZmdxhEHVO","Eartha Kitt, Henri René and His Orchestra","Santa Baby (with Henri René & His Orchestra)","RCA Bluebird",53,62,22,"3122866"
64,"spotify:track:18vXApRmJSgQ6wG2ll9AOg","Polo G","RAPSTAR","Columbia",1,34,36,"3097265"
65,"spotify:track:7uoFMmxln0GPXQ0AcCBXRq","Sia","Snowman","Monkey Puzzle/Atlantic",34,117,9,"3062078"
66,"spotify:track:1SC5rEoYDGUK4NfG82494W","Lil Nas X","MONTERO (Call Me By Your Name)","Columbia",1,40,38,"3055107"
67,"spotify:track:1AtC4WzAiT2RoDEkGknqMT","Juice WRLD","Relocate","Grade A Productions/Interscope Records",67,-1,1,"3039532"
68,"spotify:track:4tHqQMWSqmL6YjXwsqthDI","Mykola Dmytrovych Leontovych, John Williams","Carol of the Bells","Masterworks",44,69,23,"3016197"
69,"spotify:track:5wANPM4fQCJwkGd4rN57mH","Olivia Rodrigo","drivers license","Olivia Rodrigo PS",1,45,49,"2998830"
70,"spotify:track:00Blm7zeNqgYLPtW6zg8cj","Post Malone, The Weeknd","One Right Now (with The Weeknd)","Republic Records",1,55,6,"2973260"
71,"spotify:track:299lFlaAsNQdgbIZNPmIA0","Vince Guaraldi Trio","Christmas Time Is Here","Fantasy Records",39,74,15,"2887718"
72,"spotify:track:7uLFOXgLrS90tEYPO1DGXy","A Boogie Wit da Hoodie","Man in the Mirror","Highbridge the Label / Atlantic Records",72,-1,1,"2882188"
73,"spotify:track:3Kkjo3cT83cw09VJyrLNwX","Adele","Oh My God","Columbia",3,43,4,"2858912"
74,"spotify:track:4XvcHTUfIlWfyJTRG0aqlo","Sleepy Hallow","2055","Winners Circle/RCA Records",8,59,26,"2848819"
75,"spotify:track:2AaJeBEq3WLcfFW1y8svDf","Rod Wave","By Your Side","Alamo",75,85,3,"2837320"
76,"spotify:track:6HU7h9RYOaPRFeh0R3UeAr","Olivia Rodrigo","deja vu","Olivia Rodrigo PS",2,57,37,"2831254"
77,"spotify:track:3rmo8F54jFF8OgYsqTxm5d","Ed Sheeran","Bad Habits","Atlantic Records UK",7,58,25,"2831079"
78,"spotify:track:3PIDciSFdrQxSQSihim3hN","Mariah Carey","Christmas (Baby Please Come Home)","Columbia",55,90,15,"2824442"
79,"spotify:track:5xlS0QkVrSH7ssEbBgBzbM","The Beach Boys","Little Saint Nick - 1991 Remix","Capitol Records",63,86,14,"2809285"
80,"spotify:track:7ACW7VpgoKmfM1sKo15UhX","Nardo Wick, G Herbo, Lil Durk, 21 Savage","Who Want Smoke?? (feat. G Herbo, Lil Durk & 21 Savage)","Flawless Ent./RCA Records",23,60,10,"2804889"
81,"spotify:track:4MrfQL4TYQXJBlZYpAHTuE","Dean Martin","Baby, It's Cold Outside","Capitol Records",47,88,17,"2802259"
82,"spotify:track:6s2wpWPFPAgKg2LXxi1Oee","Bruce Springsteen","Santa Claus Is Comin' to Town - Live at C.W. Post College, Greenvale, NY - December 1975","NITRON concepts",82,91,8,"2785884"
83,"spotify:track:0WSEq9Ko4kFPt8yo3ICd6T","Kanye West","Praise God","Rock The World/IDJ/Kanye LP7",7,76,16,"2769171"
84,"spotify:track:2hA6oxAuJI94AydLWQ2qEU","Juice WRLD","Feel Alone","Grade A Productions/Interscope Records",84,-1,1,"2754465"
85,"spotify:track:0k4d5YPDr1r7FX77VdqWez","Doja Cat, The Weeknd","You Right","Kemosabe Records/RCA Records",4,66,25,"2741552"
86,"spotify:track:1GQ3cCJMAhLqWARyVZWxnO","Bing Crosby, The Andrews Sisters","Mele Kalikimaka - Single Version","Geffen",84,84,10,"2734194"
87,"spotify:track:62vpWI1CHwFy7tMIcSStl8","J. Cole","No Role Modelz","Roc Nation Records LLC",43,70,201,"2713929"
88,"spotify:track:1Wf14bTyb6UeKojy8ykPYm","Andy Williams","Happy Holiday / The Holiday Season","Columbia",81,81,3,"2711413"
89,"spotify:track:22mPEYsHFBwVwjmkwx2cHT","Juice WRLD","Until The Plug Comes Back Around","Grade A Productions/Interscope Records",89,-1,1,"2709001"
90,"spotify:track:4HEOgBHRCExyYVeTyrXsnL","Frank Sinatra","Jingle Bells - Remastered 1999","Capitol Records",90,-1,4,"2707899"
91,"spotify:track:6UjeFOCGYgMpBUtqKg1Je3","Vundabar","Alien Blues","Gawk Records, under exclusive license to Amuseio AB",72,72,3,"2706282"
92,"spotify:track:62l3NSQPUxvcwwzKUmysrE","Polo G","Bad Man (Smooth Criminal)","Columbia",23,48,5,"2694720"
93,"spotify:track:5nujrmhLynf4yMoMtj8AQF","Dua Lipa, DaBaby","Levitating (feat. DaBaby)","Warner Records",4,56,63,"2671787"
94,"spotify:track:0W6I02J9xcqK8MtSeosEXb","Doja Cat","Get Into It (Yuh)","Kemosabe Records/RCA Records",18,68,25,"2645233"
95,"spotify:track:34rzJNfTd5e9s3TICFMPD0","Vince Guaraldi Trio","O Tannenbaum","Craft Recordings",51,93,10,"2634192"
96,"spotify:track:1VuAamHM7P3VQQEXYGG3Uu","Nat King Cole","Joy To The World","CAPITOL CATALOG MKT (C92)",50,99,16,"2612216"
97,"spotify:track:2B4GHvToeLTOBB4QLzW3Ni","Farruko","Pepas","Sony Music Latin",20,75,21,"2562224"
98,"spotify:track:030mot3ZKR3oskfMsqDB2R","Judy Garland","Have Yourself A Merry Little Christmas","Geffen",58,89,19,"2554550"
99,"spotify:track:0e8nrvls4Qqv5Rfa2UhqmO","Lil Nas X","THATS WHAT I WANT","Columbia",4,77,13,"2548394"
100,"spotify:track:3NqBxTOMCJ3zW9CIP51td4","Eslabon Armado, DannyLux","Jugaste y Sufrí","DEL Records",23,73,17,"2504434"
101,"spotify:track:0247StOpd3AkeBQzANX4Zf","Band Aid","Do They Know It's Christmas? - 1984 Version","EMI",19,67,24,"2496854"
102,"spotify:track:3YJJjQPAbDT7mGpX3WtQ9A","SZA","Good Days","Top Dawg Entertainment/RCA Records",1,65,51,"2478710"
103,"spotify:track:65OVbaJR5O1RmwOQx0875b","Drake, Lil Baby","Wants and Needs (feat. Lil Baby)","OVO",2,71,41,"2470968"
104,"spotify:track:40iJIUlhi6renaREYGeIDS","Drake, Travis Scott","Fair Trade (with Travis Scott)","OVO",3,82,15,"2454940"
105,"spotify:track:47otoIkhx3fkdivEXL5OB6","Burl Ives","Rudolph The Red-Nosed Reindeer","Geffen",81,104,14,"2401681"
106,"spotify:track:3lkYS3iMpWMVpaJ0yJAFrJ","The Jackson 5","I Saw Mommy Kissing Santa Claus","UNI/MOTOWN",55,115,11,"2395528"
107,"spotify:track:0hvN2v6fAcB6xWyW7UaooA","Perry Como","(There's No Place Like) Home for the Holidays - 1959 Version","RCA Records Label",106,106,3,"2386377"
108,"spotify:track:0uxSUdBrJy9Un0EYoBowng","Lil Uzi Vert","20 Min","Generation Now/Atlantic",67,95,97,"2368929"
109,"spotify:track:285pBltuF7vW8TeWk8hdRR","Juice WRLD","Lucid Dreams","Juice WRLD Mixtape / ISR P&D",1,101,189,"2357749"
110,"spotify:track:2Uiv8YvD3q63FGTUjkYvxT","Bing Crosby","Do You Hear What I Hear? - Remastered 2006","UME - Global Clearing House",48,137,19,"2352108"
111,"spotify:track:7EkWXAI1wn8Ii883ecd9xr","Surf Curse","Freaks","Surf Curse",31,96,34,"2321686"
112,"spotify:track:6I3mqTwhRpn34SLVafSH7G","Justin Bieber","Ghost","RBMG/Def Jam",24,92,13,"2305423"
113,"spotify:track:25leEEaz1gIpp7o21Fqyjo","Gene Autry","Here Comes Santa Claus (Right Down Santa Claus Lane) - 1947 Version","Columbia/Legacy",85,120,14,"2291410"
114,"spotify:track:0VjIjW4GlUZAMYd2vXMi3b","The Weeknd","Blinding Lights","Republic Records",1,87,107,"2276086"
115,"spotify:track:7soheVOGSiTE8boPNzDibi","Juice WRLD","My Life In A Nutshell","Grade A Productions/Interscope Records",115,-1,1,"2270213"
116,"spotify:track:0RiRZpuVRbi7oqRdSMwhQY","Post Malone, Swae Lee","Sunflower - Spider-Man: Into the Spider-Verse","Republic Records",1,109,165,"2260540"
117,"spotify:track:4VXIryQMWpIdGgYR4TrjT1","Juice WRLD","All Girls Are The Same","Juice WRLD Mixtape / ISR P&D",13,114,190,"2260104"
118,"spotify:track:1LPSkqVhWVRUkKE03YUkpB","Bruno Mars, Anderson .Paak, Silk Sonic","Leave The Door Open","Aftermath Entertainment/Atlantic",4,78,41,"2248139"
119,"spotify:track:3nOz1U41SZZ0N3fuUWr9nb","Emmy Meli","I AM WOMAN","Disruptor Records/Arista Records",97,97,4,"2243048"
120,"spotify:track:5JCoSi02qi3jJeHdZXMmR8","Olivia Rodrigo","favorite crime","Olivia Rodrigo PS",5,102,30,"2231231"
121,"spotify:track:2gQPv5jvVPqU2a9HhMNO1v","BoyWithUke","Toxic","Republic Records",57,107,7,"2185456"
122,"spotify:track:7faDzZnZYqTyYThx2sbHVQ","Frank Sinatra","Mistletoe And Holly - Remastered 1999","Capitol Records",61,135,18,"2183960"
123,"spotify:track:0So2sgVa8aJiARPl2P29u2","SALES","Pope Is a Rockstar","SALES",123,-1,1,"2174002"
124,"spotify:track:7MSYSOobsombc1mbDWFxtD","Donny Hathaway","This Christmas","Rhino Atlantic",57,142,10,"2156088"
125,"spotify:track:20on25jryn53hWghthWWW3","ACRAZE, Cherish","Do It To It","Thrive Music, LLC",88,124,5,"2151881"
126,"spotify:track:3Wrjm47oTz2sjIgck11l5e","Måneskin","Beggin'","RCA Records Label",5,94,26,"2144702"
127,"spotify:track:5gZYpjakt37G3c58FKcQwJ","Trippie Redd, Playboi Carti","Miss The Rage","Homemade Projects / 10K Projects",4,103,32,"2140695"
128,"spotify:track:3QIoEi8Enr9uHffwInGIsC","Eagles","Please Come Home for Christmas - 2013 Remaster","Rhino/Elektra",128,144,4,"2138975"
129,"spotify:track:2Xr1dTzJee307rmrkt8c0g","CKay","love nwantiti (ah ah ah)","Chocolate City Music",30,112,13,"2114020"
130,"spotify:track:2vWBUC9djv6BtiGlmKiQaH","Yot Club","YKWIM?","yot club under exclusive license to Amuseio AB",63,119,24,"2113385"
131,"spotify:track:5lAnYvAIkSDNXqfo7DyFUm","Doja Cat","Ain't Shit","Kemosabe Records/RCA Records",4,108,25,"2107287"
132,"spotify:track:7nc7mlSdWYeFom84zZ8Wr8","Cochise, $NOT","Tell Em","Columbia",26,110,29,"2092944"
133,"spotify:track:1VLtjHwRWOVJiE5Py7JxoQ","Polo G","Martin & Gina","Columbia",23,105,72,"2077739"
134,"spotify:track:7H0ya83CMmgFcOhw0UB6ow","Beach House","Space Song","Sub Pop Records",92,133,23,"2045316"
135,"spotify:track:09gysnJpfQ3ublBmJDfcEC","Amaarae, Kali Uchis, Moliy","SAD GIRLZ LUV MONEY Remix (feat. Kali Uchis and Moliy)","0207 Def Jam",36,111,7,"2039185"
136,"spotify:track:6Tof6kPUc2a17GKaKz4IXz","Thurl Ravenscroft, Boris Karloff","You're A Mean One, Mr. Grinch","WaterTower Music",97,165,7,"2025485"
137,"spotify:track:0sTlGEld0h8kIPZaKDYUf4","The Rare Occasions","Notion","Elektra (NEK)",75,121,9,"2015034"
138,"spotify:track:2JPLbjOn0wPCngEot2STUS","Bad Bunny","Yonaguni","Rimas Entertainment LLC",5,134,28,"1995185"
139,"spotify:track:58ge6dfP91o9oXMzq3XkIS","Arctic Monkeys","505","Domino/Warner Records",105,132,48,"1982330"
140,"spotify:track:60ynsPSSKe6O3sfwRnIBRf","Doja Cat","Streets","Kemosabe Records/RCA Records",3,116,49,"1968112"
141,"spotify:track:4xqrdfXkTW4T0RauPLv3WA","Conan Gray","Heather","Republic Records",9,79,76,"1964737"
142,"spotify:track:0lnpnsrVaW9elGgRxpDCgE","Walker Hayes","Fancy Like","Monument Records",22,122,25,"1963428"
143,"spotify:track:04S1pkp1VaIqjg8zZqknR5","Taylor Swift","Enchanted","Big Machine Records, LLC",29,113,6,"1960161"
144,"spotify:track:7KA4W4McWYRpgf0fWsJZWB","Tyler, The Creator, Kali Uchis","See You Again (feat. Kali Uchis)","Columbia",55,145,24,"1952257"
145,"spotify:track:4MzXwWMhyBbmu6hOcLVD49","Bad Bunny, Jhayco","DÁKITI","Rimas Entertainment LLC",1,128,59,"1943872"
146,"spotify:track:5E30LdtzQTGqRvNd7l6kG5","The Neighbourhood","Daddy Issues","Columbia",59,138,66,"1933240"
147,"spotify:track:2tGvwE8GcFKwNdAXMnlbfl","Olivia Rodrigo","happier","Olivia Rodrigo PS",5,139,28,"1927758"
148,"spotify:track:3FAJ6O0NOHQV8Mc5Ri6ENp","Giveon","Heartbreak Anniversary","Epic/Not So Fast",9,125,45,"1916582"
149,"spotify:track:2L9QLAhrvtP4EYg1lY0Tnw","Dean Martin","Rudolph The Red-Nosed Reindeer","Capitol Records",149,195,4,"1915482"
150,"spotify:track:51pshtuYkgUQnt5huMPbKL","Mac Miller, Empire of the Sun","The Spins","Rostrum Records",91,136,42,"1910715"
151,"spotify:track:2Y0wPrPQBrGhoLn14xRYCG","Juice WRLD, Marshmello","Come & Go (with Marshmello)","Grade A Productions/Interscope Records",1,148,75,"1897566"
152,"spotify:track:0WSTCrEsC2rsM8zavpfM5I","Juice WRLD","Eminem Speaks","Grade A Productions/Interscope Records",152,-1,1,"1889737"
153,"spotify:track:46HNZY1i7O6jwTA7Slo2PI","Coldplay, BTS","My Universe","Parlophone UK",19,156,12,"1888592"
154,"spotify:track:1SOClUWhOi8vHZYMz3GluK","Jaymes Young","Infinity","Atlantic Records",154,167,2,"1880578"
155,"spotify:track:003vvx7Niy0yvhvHt4a68B","The Killers","Mr. Brightside","Island Records",72,151,72,"1868587"
156,"spotify:track:08SB2OtZkaliju77WYEKxk","Summer Walker, SZA","No Love (with SZA)","LVRN/Interscope Records",15,147,6,"1863816"
157,"spotify:track:4ukUoXLuFzMixyZyabSGc4","Ella Fitzgerald","Sleigh Ride","Verve Reissues",116,-1,3,"1861737"
158,"spotify:track:0rKtyWc8bvkriBthvHKY8d","Joji","SLOW DANCING IN THE DARK","88rising Music/Warner Records",29,146,169,"1858393"
159,"spotify:track:37BZB0z9T8Xu7U3e65qxFy","The Weeknd, Ariana Grande","Save Your Tears (with Ariana Grande) (Remix)","Republic Records",5,143,34,"1855585"
160,"spotify:track:15coTBAzEN1bOeipoNDZAR","*NSYNC","Merry Christmas, Happy Holidays","RCA Records Label",89,-1,9,"1852928"
161,"spotify:track:3jfZ9M23l0L7RxzYMTgBTv","Joy Again","Looking Out for You","Arista Records",77,152,13,"1849497"
162,"spotify:track:6Hj9jySrnFppAI0sEMCZpJ","Juice WRLD","Robbery","Grade A Productions/Interscope Records",3,168,148,"1845028"
163,"spotify:track:21jGcNKet2qwijlDFuPiPb","Post Malone","Circles","Republic Records",1,149,120,"1844566"
164,"spotify:track:2U5WueTLIK5WJLD7mvDODv","Juice WRLD","Wishing Well","Grade A Productions/Interscope Records",1,164,75,"1839965"
165,"spotify:track:6tDDoYIxWvMLTdKpjFkc1B","Kali Uchis","telepatía","EMI / Interscope",4,127,44,"1838964"
166,"spotify:track:69AIpwGNLxr4qS1X5ynx60","Jordan Davis, Luke Bryan","Buy Dirt","MCA Nashville",83,161,17,"1834009"
167,"spotify:track:4iJyoBOLtHqaGxP12qzhQI","Justin Bieber, Daniel Caesar, Giveon","Peaches (feat. Daniel Caesar & Giveon)","RBMG/Def Jam",1,118,39,"1828732"
168,"spotify:track:7kDUspsoYfLkWnZR7qwHZl","Machine Gun Kelly, blackbear","my ex's best friend (with blackbear)","Bad Boy/Interscope Records",11,129,71,"1828436"
169,"spotify:track:7GX5flRQZVHRAGd6B4TmDO","Lil Uzi Vert","XO Tour Llif3","Generation Now/Atlantic",2,160,244,"1825397"
170,"spotify:track:2OQ6a4CfUeYskpTTgyawyJ","Gwen Stefani, Blake Shelton","You Make It Feel Like Christmas (feat. Blake Shelton)","UMGRI Interscope",107,-1,4,"1822258"
171,"spotify:track:37Nqx7iavZpotJSDXZWbJ3","Drake, Lil Baby","Girls Want Girls (with Lil Baby)","OVO",1,154,15,"1817968"
172,"spotify:track:1V0qqWBbIWt8hlAjxTZedR","Stevie Wonder","What Christmas Means To Me","UNI/MOTOWN",103,-1,5,"1816360"
173,"spotify:track:30QR0ndUdiiMQMA9g1PGCm","$uicideboy$","...And to Those I Love, Thanks for Sticking Around","G59 Records",37,140,38,"1814332"
174,"spotify:track:4kTLpAbhuEGHAAdDjOIWaa","Kid Cudi, MGMT, Ratatat","Pursuit Of Happiness (Nightmare)","Kid Cudi/Universal Records",142,172,15,"1814202"
175,"spotify:track:0MMyJUC3WNnFS1lit5pTjk","Olivia Rodrigo","jealousy, jealousy","Olivia Rodrigo PS",10,159,27,"1812672"
176,"spotify:track:2pumRJcJLkPPejrEvwLAlu","Juice WRLD","Juice WRLD Speaks 2","Grade A Productions/Interscope Records",176,-1,1,"1811675"
177,"spotify:track:6SRsiMl7w1USE4mFqrOhHC","Olivia Rodrigo","brutal","Olivia Rodrigo PS",4,153,27,"1810326"
178,"spotify:track:3cBsEDNhFI9E82vPj3kvi3","Morgan Wallen","Wasted On You","Big Loud / Republic",3,130,47,"1801166"
179,"spotify:track:7m9OqQk4RVRkw9JJdeAw96","XXXTENTACION","Jocelyn Flores","Bad Vibes Forever / EMPIRE",3,166,225,"1800486"
180,"spotify:track:2BJSMvOGABRxokHKB0OI8i","Playboi Carti, Lil Uzi Vert","Shoota (feat. Lil Uzi Vert)","AWGE Label",27,181,41,"1797858"
181,"spotify:track:6Hfu9sc7jvv6coyy2LlzBF","Kanye West","Hurricane","Rock The World/IDJ/Kanye LP7",1,175,16,"1792546"
182,"spotify:track:0z5HSQGWgnjdNvwbOmhB2w","Carpenters","Merry Christmas Darling - Remix","A&M",125,-1,3,"1790410"
183,"spotify:track:6pVW5LRWgeLaHudxauOTJU","Daryl Hall & John Oates","Jingle Bell Rock - Daryl's Version","Legacy Recordings",100,-1,8,"1778730"
184,"spotify:track:2LBqCSwhJGcFQeTHMVGwy3","The Weeknd","Die For You","Universal Republic Records",74,163,41,"1776662"
185,"spotify:track:2HbKqm4o0w5wEeEFXm2sD4","Kendrick Lamar, Jay Rock","Money Trees","Aftermath",88,173,52,"1773330"
186,"spotify:track:7ehhnVu3JUWMaSJzY1zC4k","Bing Crosby, Carol Richards","Silver Bells","Geffen",186,193,2,"1771583"
187,"spotify:track:3ZBeHiRJUj1vdiU8zzGPgb","Sadie Jean","WYD Now?","SELENE",187,-1,1,"1759560"
188,"spotify:track:5QO79kh1waicV47BqGRL3g","The Weeknd","Save Your Tears","Republic Records",2,141,55,"1747914"
189,"spotify:track:1Qi2wh8fFgDV7tl4Sj3f2K","Sam Smith","Have Yourself A Merry Little Christmas","Capitol",58,-1,13,"1746423"
190,"spotify:track:2QIBJFl8DJR1mDh9GwfZef","Polo G, Lil Baby","Don’t Play (with Lil Baby)","Columbia",83,83,2,"1738028"
191,"spotify:track:4gzsuuZypVbxs0Af1LSZyB","Tainy, Bad Bunny, Julieta Venegas","Lo Siento BB:/ (with Bad Bunny & Julieta Venegas)","Neon16",18,196,11,"1731945"
192,"spotify:track:78QR3Wp35dqAhFEc2qAGjE","Lil Baby, Gunna","Drip Too Hard (Lil Baby & Gunna)","Quality Control Music/Young Stoner Life Records, a 300 Entertainment Label/Motown Records/Capitol Records",1,186,163,"1729403"
193,"spotify:track:4z8sz6E4YyFuEkv5o7IJni","Pentatonix","Mary, Did You Know?","RCA Records Label",153,-1,7,"1727896"
194,"spotify:track:0HYlVsZx8pLI2YoECmUQAd","Louis Armstrong, The Commanders","Cool Yule","UME - Global Clearing House",115,-1,4,"1724118"
195,"spotify:track:1OjmlSFuzYflWjSMTCyTJv","Jonas Brothers","Like It's Christmas","Jonas Brothers",65,-1,9,"1720443"
196,"spotify:track:0fv2KH6hac06J86hBUTcSf","Tyler, The Creator","NEW MAGIC WAND","Columbia",16,-1,4,"1719469"
197,"spotify:track:4jPy3l0RUwlUI9T5XHBW2m","24kGoldn, iann dior","Mood (feat. iann dior)","Records/Columbia",2,162,71,"1715732"
198,"spotify:track:1fw2lym3kCvhxbIs8UQGHk","Juice WRLD","Juice WRLD Speaks","Grade A Productions/Interscope Records",198,-1,1,"1699861"
199,"spotify:track:4KDNRh9Oor80z3XIxdWlui","Young Thug, Drake, Travis Scott","Bubbly (with Drake & Travis Scott)","300 Entertainment/Atl",8,182,9,"1697449"
200,"spotify:track:2eAZfqOm4EnOF9VvN50Tyc","Lil Uzi Vert, Oh Wonder","The Way Life Goes (feat. Oh Wonder)","Generation Now/Atlantic",8,180,90,"1690989"
