﻿rank,uri,artist_names,track_name,source,peak_rank,previous_rank,weeks_on_chart,streams
1,"spotify:track:37Nqx7iavZpotJSDXZWbJ3","Drake, Lil Baby","Girls Want Girls (with Lil Baby)","OVO",1,-1,1,"19747340"
2,"spotify:track:0k1WUmIRnG3xU6fvvDVfRG","Drake, Future, Young Thug","Way 2 Sexy (with Future & Young Thug)","OVO",2,-1,1,"19648367"
3,"spotify:track:40iJIUlhi6renaREYGeIDS","Drake, Travis Scott","Fair Trade (with Travis Scott)","OVO",3,-1,1,"18986653"
4,"spotify:track:2HSmyk2qMN8WQjuGhaQgCk","Drake","Champagne Poetry","OVO",4,-1,1,"16602026"
5,"spotify:track:2BcMwX1MPV6ZHP4tUT9uq6","Drake, 21 Savage, Project Pat","Knife Talk (with 21 Savage ft. Project Pat)","OVO",5,-1,1,"16100728"
6,"spotify:track:4s7QLoImIwmPi9L6dq1nVW","Drake","TSU","OVO",6,-1,1,"14061509"
7,"spotify:track:6jy9yJfgCsMHdu2Oz4BGKX","Drake","Papi’s Home","OVO",7,-1,1,"13326840"
8,"spotify:track:61S79KIVA4I9FXbnsylEHT","Drake, Lil Durk, Giveon","In The Bible (with Lil Durk & Giveon)","OVO",8,-1,1,"12888140"
9,"spotify:track:2tUL6dZf1mywCj5WvCPZw6","Drake","No Friends In The Industry","OVO",9,-1,1,"12381051"
10,"spotify:track:4VCbgIdr8ptegWeJpqLVHH","Drake, JAY-Z","Love All (with JAY-Z)","OVO",10,-1,1,"12276193"
11,"spotify:track:34D6FJysnQioVingDKufuf","Drake, Future","N 2 Deep","OVO",11,-1,1,"11639583"
12,"spotify:track:5PjdY0CKGZdEuoNab3yDmX","The Kid LAROI, Justin Bieber","STAY (with Justin Bieber)","Columbia",1,2,9,"11461262"
13,"spotify:track:0RbW8kWozrVSIGb4V13o0o","Kanye West","Hurricane","Rock The World/IDJ/Kanye LP7",1,1,2,"10205361"
14,"spotify:track:11pEKMLmavDu8fxOB5QjbQ","Drake","Pipe Down","OVO",14,-1,1,"10008872"
15,"spotify:track:27NovPIUIRrOZoCHxABJwK","Lil Nas X, Jack Harlow","INDUSTRY BABY (feat. Jack Harlow)","Columbia",1,5,7,"9786935"
16,"spotify:track:42m3eP1JJhtzffal9B136J","Drake","7am On Bridle Path","OVO",16,-1,1,"9656773"
17,"spotify:track:7F9cT6hIRhnFCYP6GKS0tf","Drake, Kid Cudi","IMY2 (with Kid Cudi)","OVO",17,-1,1,"9256078"
18,"spotify:track:2Q3jFbyE61mCjS3SkW4toJ","Drake","Race My Mind","OVO",18,-1,1,"8653147"
19,"spotify:track:50ceCGZ3oD3U5caQV5bP6f","Drake, Lil Wayne, Rick Ross","You Only Live Twice (with Lil Wayne & Rick Ross)","OVO",19,-1,1,"8341628"
20,"spotify:track:1PDP7mLiAMwhfmgIwzhOm2","Drake, Yebba","Yebba’s Heartbreak","OVO",20,-1,1,"8102052"
21,"spotify:track:02MWAaffLxlfxAUY7c5dvx","Glass Animals","Heat Waves","Polydor Records",9,12,41,"7807484"
22,"spotify:track:08XWh5c0BMyD1nKVxxl91z","Drake, Tems","Fountains (with Tems)","OVO",22,-1,1,"7294969"
23,"spotify:track:7Bpx2vsWfQFBACRz4h3IqH","Baby Keem, Kendrick Lamar","family ties (with Kendrick Lamar)","Columbia",8,8,2,"7288090"
24,"spotify:track:5ScbulRnixQ2XAdvrPMFjz","Drake, Ty Dolla $ign","Get Along Better","OVO",24,-1,1,"7159418"
25,"spotify:track:2gbMPBrBVj3CuNTLp2dHYs","Kanye West","Off The Grid","Rock The World/IDJ/Kanye LP7",4,4,2,"7139501"
26,"spotify:track:4ZtFanR9U6ndgddUvNcjcG","Olivia Rodrigo","good 4 u","Olivia Rodrigo PS",1,9,17,"7042820"
27,"spotify:track:3Vi5XqYrmQgOYBajMWSvCi","Doja Cat","Need to Know","Kemosabe Records/RCA Records",4,10,13,"6655536"
28,"spotify:track:2Rd4eJ4KwXQQn2sMSToyUM","Kanye West","Moon","Rock The World/IDJ/Kanye LP7",6,6,2,"6653627"
29,"spotify:track:3RkNXZvOSMMElmmXztDc94","Drake","F*****g Fans","OVO",29,-1,1,"6434807"
30,"spotify:track:4RVwu0g32PAqgUiJoXsdF8","Billie Eilish","Happier Than Ever","Darkroom/Interscope Records",3,16,6,"6028239"
31,"spotify:track:1cCXT1cErAY6tmIqHbodrt","Drake","The Remorse","OVO",31,-1,1,"5977702"
32,"spotify:track:3DarAbFujv6eYNliUTyqtz","Doja Cat, SZA","Kiss Me More (feat. SZA)","Kemosabe Records/RCA Records",1,19,22,"5795297"
33,"spotify:track:42ZrMq4BKsWDrrbMnMRYaK","Kanye West","Jail","Rock The World/IDJ/Kanye LP7",3,3,2,"5462579"
34,"spotify:track:6PQ88X9TkUIAUIZJHW2upE","Ed Sheeran","Bad Habits","Atlantic Records UK",7,24,11,"4948083"
35,"spotify:track:0Zm7NKJgoKY6ZWwtoEUILK","Kanye West","Praise God","Rock The World/IDJ/Kanye LP7",7,7,2,"4936187"
36,"spotify:track:6Uj1ctrBOjOas8xZXGqKk4","Doja Cat","Woman","Kemosabe Records/RCA Records",15,30,11,"4842790"
37,"spotify:track:4XvcHTUfIlWfyJTRG0aqlo","Sleepy Hallow","2055","Winners Circle/RCA Records",8,25,12,"4736808"
38,"spotify:track:67BtfxlNbhBmCDR2L2l8qd","Lil Nas X","MONTERO (Call Me By Your Name)","Columbia",1,26,24,"4681425"
39,"spotify:track:5nujrmhLynf4yMoMtj8AQF","Dua Lipa, DaBaby","Levitating (feat. DaBaby)","Warner Records",4,33,49,"4233131"
40,"spotify:track:5CZ40GBx1sQ9agT82CLQCT","Olivia Rodrigo","traitor","Olivia Rodrigo PS",3,34,16,"4180108"
41,"spotify:track:3Wrjm47oTz2sjIgck11l5e","Måneskin","Beggin'","RCA Records Label",5,35,12,"4114078"
42,"spotify:track:5fwSHlTEWpluwOM0Sxnh5k","Farruko","Pepas","Sony Music Latin",20,38,7,"4080927"
43,"spotify:track:0W6I02J9xcqK8MtSeosEXb","Doja Cat","Get Into It (Yuh)","Kemosabe Records/RCA Records",18,40,11,"3889603"
44,"spotify:track:73uxnSsFMeJ15POpd3zgrV","Kanye West","Believe What I Say","Rock The World/IDJ/Kanye LP7",11,11,2,"3889190"
45,"spotify:track:65OVbaJR5O1RmwOQx0875b","Drake, Lil Baby","Wants and Needs (feat. Lil Baby)","OVO",2,48,27,"3747264"
46,"spotify:track:3ZozFqJJlDBNIm4xqxn2ZD","Walker Hayes","Fancy Like","Monument Records",22,45,11,"3646718"
47,"spotify:track:6HU7h9RYOaPRFeh0R3UeAr","Olivia Rodrigo","deja vu","Olivia Rodrigo PS",2,41,23,"3643056"
48,"spotify:track:37y7iDayfwm3WXn5BiAoRk","Steve Lacy","Dark Red","Three Quarter",34,47,5,"3587912"
49,"spotify:track:5lAnYvAIkSDNXqfo7DyFUm","Doja Cat","Ain't Shit","Kemosabe Records/RCA Records",4,42,11,"3543541"
50,"spotify:track:18vXApRmJSgQ6wG2ll9AOg","Polo G","RAPSTAR","Columbia",1,44,22,"3511418"
51,"spotify:track:07MDkzWARZaLEdKxo6yArG","THE ANXIETY, WILLOW, Tyler Cole","Meet Me At Our Spot","MSFTSMusic / Roc Nation Records, LLC",51,102,3,"3396785"
52,"spotify:track:3gWzTnziivUYzqXtnvgN8q","Kanye West","Jonah","Rock The World/IDJ/Kanye LP7",13,13,2,"3274079"
53,"spotify:track:7up5MwPUHQdv4DkzQRHRWP","Kanye West","Pure Souls","Rock The World/IDJ/Kanye LP7",22,22,2,"3133459"
54,"spotify:track:2ZUJsR8HEktit58X6FuPQM","Kanye West","Heaven and Hell","Rock The World/IDJ/Kanye LP7",17,17,2,"3109839"
55,"spotify:track:3J4VKkUpLvomXJbn9ZAypO","Meek Mill, Lil Durk, Lil Baby","Sharing Locations (feat. Lil Baby & Lil Durk)","MMG/Atlantic",36,36,2,"3050076"
56,"spotify:track:4VYEnxm7lmtG5sEEbcmORB","Kanye West","Ok Ok","Rock The World/IDJ/Kanye LP7",14,14,2,"3025824"
57,"spotify:track:7v4pPS4A7NgY7bxFA3Etv3","CORPSE, Night Lovell","HOT DEMON B!TCHES NEAR U ! ! !","CORPSE",57,-1,1,"3021215"
58,"spotify:track:7EkWXAI1wn8Ii883ecd9xr","Surf Curse","Freaks","Surf Curse",31,53,20,"3013888"
59,"spotify:track:3SYLoL8KHxdQPYIkfwmUjN","Kanye West","Remote Control","Rock The World/IDJ/Kanye LP7",20,20,2,"3010455"
60,"spotify:track:4iJyoBOLtHqaGxP12qzhQI","Justin Bieber, Daniel Caesar, Giveon","Peaches (feat. Daniel Caesar & Giveon)","RBMG/Def Jam",1,52,25,"2952511"
61,"spotify:track:6M3PsepEj5gyJoIi7Xvr7u","The Weeknd","Take My Breath - Single Version","XO / Republic Records",5,50,5,"2949038"
62,"spotify:track:3NqBxTOMCJ3zW9CIP51td4","Eslabon Armado, DannyLux","Jugaste y Sufrí","DEL Records",62,89,3,"2882052"
63,"spotify:track:1sx0XsWUusUoPstbvokZjP","Tai Verdes","AOK","Arista Records",39,61,13,"2807783"
64,"spotify:track:6KgtcmCF9Ky68XC7ezxl3s","Lizzo, Cardi B","Rumors (feat. Cardi B)","Nice Life/Atlantic",6,49,4,"2773637"
65,"spotify:track:2QjOHCTQ1Jl3zawyYOpxh6","The Neighbourhood","Sweater Weather","Columbia",19,64,55,"2744879"
66,"spotify:track:5wANPM4fQCJwkGd4rN57mH","Olivia Rodrigo","drivers license","Olivia Rodrigo PS",1,57,35,"2744301"
67,"spotify:track:3onYsG7nB3FwEVHYYWCrIM","Kanye West","No Child Left Behind","Rock The World/IDJ/Kanye LP7",23,23,2,"2734169"
68,"spotify:track:1aF9TeHZbe6OVo9dtjPuzK","Kanye West","Junya","Rock The World/IDJ/Kanye LP7",18,18,2,"2732036"
69,"spotify:track:7DBFslKWQzoRgO0HBBkL3u","Kanye West","24","Rock The World/IDJ/Kanye LP7",21,21,2,"2714717"
70,"spotify:track:37BZB0z9T8Xu7U3e65qxFy","The Weeknd, Ariana Grande","Save Your Tears (with Ariana Grande) (Remix)","Republic Records",5,62,20,"2711125"
71,"spotify:track:488HG8lR11JswT2YgcWGRB","Meek Mill, Lil Uzi Vert","Blue Notes 2 (feat. Lil Uzi Vert)","MMG/Atlantic",71,-1,1,"2705362"
72,"spotify:track:0VjIjW4GlUZAMYd2vXMi3b","The Weeknd","Blinding Lights","Republic Records",1,70,93,"2646597"
73,"spotify:track:5zNW5ARjYhJQJz1AChP33n","Megan Thee Stallion","Thot Shit","300 Entertainment",11,56,13,"2634225"
74,"spotify:track:7MAibcTli4IisCtbHKrGMh","Bruno Mars, Anderson .Paak, Silk Sonic","Leave The Door Open","Aftermath Entertainment/Atlantic",4,69,27,"2519400"
75,"spotify:track:2JPLbjOn0wPCngEot2STUS","Bad Bunny","Yonaguni","Rimas Entertainment LLC",5,67,14,"2501699"
76,"spotify:track:5RwV8BvLfX5injfqYodke9","Rauw Alejandro","Todo De Ti","Sony Music Latin/Duars Entertainment",18,63,15,"2499648"
77,"spotify:track:7CIERzyqIwLVKGp00YbHRO","PinkPantheress","Pain","Parlophone UK",48,75,10,"2493522"
78,"spotify:track:5JCoSi02qi3jJeHdZXMmR8","Olivia Rodrigo","favorite crime","Olivia Rodrigo PS",5,65,16,"2452924"
79,"spotify:track:0MMyJUC3WNnFS1lit5pTjk","Olivia Rodrigo","jealousy, jealousy","Olivia Rodrigo PS",10,73,16,"2448223"
80,"spotify:track:2vmfvSoZBFAt9hhRoEByLi","Aventura, Bad Bunny","Volví","Rimas Entertainment LLC",17,72,6,"2438046"
81,"spotify:track:62vpWI1CHwFy7tMIcSStl8","J. Cole","No Role Modelz","Roc Nation Records LLC",45,81,187,"2432844"
82,"spotify:track:5gZYpjakt37G3c58FKcQwJ","Trippie Redd, Playboi Carti","Miss The Rage","Homemade Projects / 10K Projects",4,68,18,"2429980"
83,"spotify:track:7f1w2rZoIf7g56McEUTh5W","Kanye West","Jail pt 2","Rock The World/IDJ/Kanye LP7",32,32,2,"2422629"
84,"spotify:track:1dPNJDYuW9QAtkOpK3eBvO","Kanye West","God Breathed","Rock The World/IDJ/Kanye LP7",15,15,2,"2415405"
85,"spotify:track:3FAJ6O0NOHQV8Mc5Ri6ENp","Giveon","Heartbreak Anniversary","Epic/Not So Fast",9,78,31,"2409245"
86,"spotify:track:6SRsiMl7w1USE4mFqrOhHC","Olivia Rodrigo","brutal","Olivia Rodrigo PS",4,74,16,"2399980"
87,"spotify:track:7nc7mlSdWYeFom84zZ8Wr8","Cochise, $NOT","Tell Em","Columbia",26,79,15,"2388667"
88,"spotify:track:0k4d5YPDr1r7FX77VdqWez","Doja Cat, The Weeknd","You Right","Kemosabe Records/RCA Records",4,77,11,"2366070"
89,"spotify:track:40uMIn2zJLAQhNXghRjBed","Post Malone","Motley Crew","Republic Records",3,60,9,"2324925"
90,"spotify:track:6cUHiQEECDl5m3WFGQ1GCR","Trippie Redd, Polo G, Lil Durk","Rich MF (feat. Lil Durk)","Homemade Projects / 10K Projects",21,71,3,"2317028"
91,"spotify:track:0qXP5fMhxGzxALOkXYUxfP","A-Wall","Loverboy","Lord A-Wall Records",61,85,4,"2280870"
92,"spotify:track:5svL1PkWw8hPEAOdTNLexy","Sueco","Paralyzed","Atlantic Records",41,83,4,"2267363"
93,"spotify:track:4IlOyxGATYUp7YVy5zrSW8","Kanye West","Keep My Spirit Alive","Rock The World/IDJ/Kanye LP7",27,27,2,"2258798"
94,"spotify:track:2GPTiPR5db727wu1tFvFt4","Kanye West","New Again","Rock The World/IDJ/Kanye LP7",31,31,2,"2256866"
95,"spotify:track:1HsOTiVqdN7PB1zOS2bcsO","Trippie Redd, Juice WRLD","Matt Hardy 999","Homemade Projects / 10K Projects",11,58,3,"2244810"
96,"spotify:track:4s6vwFgPdCtidpEw8KuQT6","Lil Tecca, Gunna","REPEAT IT (with Gunna)","Galactic / Republic Records",28,59,5,"2210084"
97,"spotify:track:56JwgcQcxo08w7YXrBzrA5","Kanye West","Jesus Lord","Rock The World/IDJ/Kanye LP7",29,29,2,"2197804"
98,"spotify:track:5JKnYZOhSP7rOK0jPYcCjV","WILLOW, Travis Barker","t r a n s p a r e n t s o u l feat. Travis Barker","MSFTSMusic / Roc Nation Records, LLC",20,97,17,"2195365"
99,"spotify:track:6DZz58CbF0AKw5PCKqNKcM","Kanye West","Come to Life","Rock The World/IDJ/Kanye LP7",39,39,2,"2186094"
100,"spotify:track:2tGvwE8GcFKwNdAXMnlbfl","Olivia Rodrigo","happier","Olivia Rodrigo PS",5,82,16,"2185256"
101,"spotify:track:7kDUspsoYfLkWnZR7qwHZl","Machine Gun Kelly, blackbear","my ex's best friend (with blackbear)","Bad Boy/Interscope Records",11,91,57,"2165439"
102,"spotify:track:0RiRZpuVRbi7oqRdSMwhQY","Post Malone, Swae Lee","Sunflower - Spider-Man: Into the Spider-Verse","Republic Records",1,95,151,"2165408"
103,"spotify:track:4qu63nuBpdn0qHUHuObEj1","Marshmello, Jonas Brothers","Leave Before You Love Me (with Jonas Brothers)","Republic Records",45,93,16,"2124509"
104,"spotify:track:4jPy3l0RUwlUI9T5XHBW2m","24kGoldn, iann dior","Mood (feat. iann dior)","Records/Columbia",2,98,57,"2122899"
105,"spotify:track:21jGcNKet2qwijlDFuPiPb","Post Malone","Circles","Republic Records",1,92,106,"2117074"
106,"spotify:track:3yaYgjEFkRw3PVjW9mV1TO","Smiley, Drake","Over The Top (feat. Drake)","OVO Sound",17,88,7,"2092497"
107,"spotify:track:1EJIcDYXwSqipW5dFe4uJz","DJ Khaled, Lil Baby, Lil Durk","EVERY CHANCE I GET (feat. Lil Baby & Lil Durk)","Epic/We The Best",24,87,19,"2070735"
108,"spotify:track:69AIpwGNLxr4qS1X5ynx60","Jordan Davis, Luke Bryan","Buy Dirt","MCA Nashville",108,169,4,"2062405"
109,"spotify:track:0ofHAoxe9vBkTCp2UQIavz","Fleetwood Mac","Dreams - 2004 Remaster","Rhino/Warner Records",6,115,53,"2032441"
110,"spotify:track:0BGwAKW4u8kWOhWFflZxfl","Masked Wolf","Astronaut In The Ocean","Elektra (NEK)",4,101,31,"2027129"
111,"spotify:track:6tDDoYIxWvMLTdKpjFkc1B","Kali Uchis","telepatía","EMI / Interscope",4,96,30,"2024933"
112,"spotify:track:6UelLqGlWMcVH1E5c4H7lY","Harry Styles","Watermelon Sugar","Columbia",4,111,95,"2022248"
113,"spotify:track:3YJJjQPAbDT7mGpX3WtQ9A","SZA","Good Days","Top Dawg Entertainment/RCA Records",1,100,37,"2018031"
114,"spotify:track:0Fs9cdPDhptWEDJmiCbkEW","J. Cole, Cults, Amber Coffman","She Knows (feat. Amber Coffman & Cults)","Roc Nation LLC",114,126,6,"2012076"
115,"spotify:track:1VLtjHwRWOVJiE5Py7JxoQ","Polo G","Martin & Gina","Columbia",23,104,58,"2002904"
116,"spotify:track:2Y0wPrPQBrGhoLn14xRYCG","Juice WRLD, Marshmello","Come & Go (with Marshmello)","Grade A Productions/Interscope Records",1,103,61,"1995428"
117,"spotify:track:1MIGkQxcdAt2lDx6ySpsc5","Jack Harlow, Pooh Shiesty","SUVs (Black on Black)","Generation Now/Atlantic",22,86,5,"1989071"
118,"spotify:track:5YRFttxjAEgm2nq5Z2tlqK","Kanye West","Lord I Need You","Rock The World/IDJ/Kanye LP7",37,37,2,"1982764"
119,"spotify:track:1is8gU4RVcN4J8xItxWoOY","Clinton Kane","I GUESS I'M IN LOVE","Columbia",66,94,3,"1982574"
120,"spotify:track:2vWBUC9djv6BtiGlmKiQaH","Yot Club","YKWIM?","yot club under exclusive license to Amuseio AB",90,110,10,"1979058"
121,"spotify:track:51pshtuYkgUQnt5huMPbKL","Mac Miller, Empire of the Sun","The Spins","Rostrum Records",91,118,28,"1977272"
122,"spotify:track:4MzXwWMhyBbmu6hOcLVD49","Bad Bunny, Jhayco","DÁKITI","Rimas Entertainment LLC",1,107,45,"1937093"
123,"spotify:track:0zO8ctW0UiuOefR87OeJOZ","ScHoolboy Q, Kendrick Lamar","Collard Greens","Schoolboy Q",113,117,4,"1933005"
124,"spotify:track:2TJ1FOCmCBkKm418MjVw5D","Kanye West","Donda","Rock The World/IDJ/Kanye LP7",28,28,2,"1929888"
125,"spotify:track:33aow0AcXYvT1FoWNzMcqN","Nelly, Florida Georgia Line","Lil Bit (feat. Florida Georgia Line)","Records/Columbia",44,84,20,"1898711"
126,"spotify:track:003vvx7Niy0yvhvHt4a68B","The Killers","Mr. Brightside","Island Records",82,125,58,"1892854"
127,"spotify:track:4pt5fDVTg5GhEvEtlz9dKk","Måneskin","I WANNA BE YOUR SLAVE","RCA Records Label",45,108,12,"1886765"
128,"spotify:track:4VXIryQMWpIdGgYR4TrjT1","Juice WRLD","All Girls Are The Same","Juice WRLD Mixtape / ISR P&D",13,119,176,"1875124"
129,"spotify:track:2SAqBLGA283SUiwJ3xOUVI","Drake, Lil Durk","Laugh Now Cry Later (feat. Lil Durk)","OVO",2,143,56,"1874350"
130,"spotify:track:5B0kgjHULYJhAQkK5XsMoC","Tyler, The Creator, YoungBoy Never Broke Again, Ty Dolla $ign","WUSYANAME (feat. Youngboy Never Broke Again & Ty Dolla $ign)","Columbia",3,122,11,"1849207"
131,"spotify:track:5RhFmJifQe83FpQ6ZFFTZ5","Halsey","I am not a woman, I'm a god","Capitol Records",55,55,2,"1834916"
132,"spotify:track:285pBltuF7vW8TeWk8hdRR","Juice WRLD","Lucid Dreams","Juice WRLD Mixtape / ISR P&D",1,127,175,"1820366"
133,"spotify:track:6IBcOGPsniK3Pso1wHIhew","Luke Combs","Forever After All","River House Artists/Columbia Nashville",2,134,46,"1813207"
134,"spotify:track:26BMsCXJpD7eYtP7ufhApC","Blueface, OG Bobby Billions","Outside (Better Days)","5th Amendment / Entertainment One / Billionaire Music Group / EMPIRE",64,90,9,"1809135"
135,"spotify:track:0cu0rhnlCnJ7JIeHRiLpj3","DaBaby","Ball If I Want To","South Coast Music Group/Interscope Records",28,114,12,"1805395"
136,"spotify:track:60ynsPSSKe6O3sfwRnIBRf","Doja Cat","Streets","Kemosabe Records/RCA Records",3,121,35,"1793617"
137,"spotify:track:6OTKVgVpVaVjhRLYizPJKA","PinkPantheress","Just for Me","Parlophone UK",64,116,4,"1787582"
138,"spotify:track:5zFglKYiknIxks8geR8rcL","Maroon 5, Megan Thee Stallion","Beautiful Mistakes (feat. Megan Thee Stallion)","Interscope Records*",29,123,26,"1787009"
139,"spotify:track:0uxSUdBrJy9Un0EYoBowng","Lil Uzi Vert","20 Min","Generation Now/Atlantic",93,132,83,"1782256"
140,"spotify:track:1D3z6HTiQsNmZxjl7F7eoG","J. Cole, 21 Savage, Morray","m y . l i f e (with 21 Savage & Morray)","Dreamville, Inc., Under exclusive license to Roc Nation Records",2,135,17,"1777180"
141,"spotify:track:2U5WueTLIK5WJLD7mvDODv","Juice WRLD","Wishing Well","Grade A Productions/Interscope Records",1,131,61,"1754096"
142,"spotify:track:20BOju91NaEFK5Py4VJ2pp","Saweetie, Doja Cat","Best Friend (feat. Doja Cat)","ICY/Warner Records",12,129,35,"1747994"
143,"spotify:track:7H0ya83CMmgFcOhw0UB6ow","Beach House","Space Song","Sub Pop Records",130,156,9,"1744890"
144,"spotify:track:2GiJYvgVaD2HtM8GqD9EgQ","BØRNS","Electric Love","UMGRI Interscope",44,142,63,"1740628"
145,"spotify:track:7hxHWCCAIIxFLCzvDgnQHX","Internet Money, Gunna, Don Toliver, NAV","Lemonade (feat. NAV)","Internet Money Records / TenThousand Projects",1,130,56,"1738706"
146,"spotify:track:5E30LdtzQTGqRvNd7l6kG5","The Neighbourhood","Daddy Issues","Columbia",59,139,52,"1736027"
147,"spotify:track:27OeeYzk6klgBh83TSvGMA","The Kid LAROI","WITHOUT YOU","Columbia",8,128,43,"1732586"
148,"spotify:track:0ZLuW8uOXdFNWcI40C0OC2","Jack Harlow, Tory Lanez, DaBaby, Lil Wayne","Whats Poppin (feat. DaBaby, Tory Lanez & Lil Wayne) [Remix] - Bonus Track","Generation Now/Atlantic",2,136,64,"1732307"
149,"spotify:track:1fxYz1s15pyZLsJT0Hdh1m","Roddy Ricch","late at night","Atlantic Records",24,144,14,"1712443"
150,"spotify:track:6gBFPUFcJLzWGx4lenP6h2","Travis Scott","goosebumps","Cactus Jack / Epic",8,138,245,"1705224"
151,"spotify:track:5W8jRrZ6tWrTrqnKRtIQBf","J. Cole, Lil Baby","p r i d e . i s . t h e . d e v i l (with Lil Baby)","Dreamville, Inc., Under exclusive license to Roc Nation Records",4,151,17,"1699523"
152,"spotify:track:0y60itmpH0aPKsFiGxmtnh","WILLOW","Wait a Minute!","Roc Nation W Smith P&D",147,168,21,"1699374"
153,"spotify:track:2wAJTrFhCnQyNSD3oUgTZO","J. Cole","Work Out","Roc Nation LLC",128,171,10,"1697041"
154,"spotify:track:6foY66mWZN0pSRjZ408c00","Morgan Wallen","Whiskey Glasses","Big Loud Records",59,160,124,"1695604"
155,"spotify:track:0lkQOB949M2gLyut86aJ1b","Cage The Elephant","Cigarette Daydreams","RCA Records Label",114,154,29,"1680476"
156,"spotify:track:3J8EOeKLTLXORtWPpOU5bE","Lil Tjay, 6LACK","Calling My Phone","Columbia",1,140,30,"1658860"
157,"spotify:track:0rKtyWc8bvkriBthvHKY8d","Joji","SLOW DANCING IN THE DARK","88rising Music/Warner Records",29,165,155,"1650131"
158,"spotify:track:4xqrdfXkTW4T0RauPLv3WA","Conan Gray","Heather","Republic Records",9,164,62,"1647487"
159,"spotify:track:0z8hI3OPS8ADPWtoCjjLl6","Shawn Mendes, Tainy","Summer of Love (Shawn Mendes & Tainy)","Shawn Mendes LP4-5 PS/ Island",35,113,3,"1642327"
160,"spotify:track:0mJBiaODgK0XjOLCN5fItq","Sam Smith","Like I Can","Capitol",145,145,3,"1634380"
161,"spotify:track:1M4OcYkxAtu3ErzSgDEfoi","Cardi B","Up","Atlantic Records",3,152,31,"1631642"
162,"spotify:track:1f3yAtsJtY87CTmM8RLnxf","Nirvana","Smells Like Teen Spirit","Geffen",135,147,9,"1627595"
163,"spotify:track:7m9OqQk4RVRkw9JJdeAw96","XXXTENTACION","Jocelyn Flores","Bad Vibes Forever / EMPIRE",3,159,211,"1625769"
164,"spotify:track:0PvFJmanyNQMseIFrU708S","Pop Smoke, Lil Baby, DaBaby","For The Night (feat. Lil Baby & DaBaby)","Victor Victor Worldwide",2,148,62,"1624169"
165,"spotify:track:6Hj9jySrnFppAI0sEMCZpJ","Juice WRLD","Robbery","Grade A Productions/Interscope Records",3,158,134,"1621396"
166,"spotify:track:2iUmqdfGZcHIhS3b9E9EWq","Neon Trees","Everybody Talks","Mercury Records",124,166,28,"1610079"
167,"spotify:track:3aQem4jVGdhtg116TmJnHz","Drake","What’s Next","OVO",1,192,27,"1609930"
168,"spotify:track:4kTLpAbhuEGHAAdDjOIWaa","Kid Cudi, MGMT, Ratatat","Pursuit Of Happiness (Nightmare)","Kid Cudi/Universal Records",168,-1,1,"1603576"
169,"spotify:track:7qEHsqek33rTcFNT9PFqLf","Lewis Capaldi","Someone You Loved","Vertigo Berlin",6,163,124,"1603271"
170,"spotify:track:55sgQENF3LY1sUcJUwasLl","Skrillex, Justin Bieber, Don Toliver","Don’t Go (with Justin Bieber & Don Toliver)","OWSLA/Atlantic",29,105,3,"1602620"
171,"spotify:track:2HbKqm4o0w5wEeEFXm2sD4","Kendrick Lamar, Jay Rock","Money Trees","Aftermath",88,173,38,"1596532"
172,"spotify:track:7ytR5pFWmSjzHJIeQkgog4","DaBaby, Roddy Ricch","ROCKSTAR (feat. Roddy Ricch)","South Coast Music Group/Interscope Records",1,161,73,"1591037"
173,"spotify:track:6PZpNMstpIiRenGK5UyG5D","Charli XCX","Good Ones","Asylum Records",173,-1,1,"1589061"
174,"spotify:track:1dIWPXMX4kRHj6Dt2DStUQ","Blxst, Tyga, Ty Dolla $ign","Chosen (feat. Ty Dolla $ign)","Red Bull Records Inc. / Evgle LLC",132,155,4,"1587998"
175,"spotify:track:5QO79kh1waicV47BqGRL3g","The Weeknd","Save Your Tears","Republic Records",2,162,41,"1584294"
176,"spotify:track:1JXBNvlDEl2epKSJ9EOgKX","The Kid LAROI, Polo G, Stunna Gambino","NOT SOBER (feat. Polo G & Stunna Gambino)","Columbia",16,120,7,"1584256"
177,"spotify:track:1YDebgap5OFwXEBG18NJvy","DaBaby","Red Light Green Light","South Coast Music Group/Interscope Records",32,146,11,"1575705"
178,"spotify:track:4bHsxqR3GMrXTxEPLuK5ue","Journey","Don't Stop Believin' (2022 Remaster)","Columbia/Legacy",132,186,38,"1574450"
179,"spotify:track:05bfbizlM5AX6Mf1RRyMho","Nio Garcia, J Balvin, Bad Bunny","AM Remix","Flow La Movie",55,157,11,"1569288"
180,"spotify:track:0GO8y8jQk1PkHzS31d699N","GROUPLOVE","Tongue Tied","Canvasback/ATL",107,177,69,"1561026"
181,"spotify:track:1058fW9H3fZA6QjYCdOBad","Camila Cabello","Don't Go Yet","Epic",43,153,7,"1560554"
182,"spotify:track:2bgTY4UwhfBYhGT4HUYStN","BTS","Butter","BIGHIT MUSIC",13,124,16,"1556132"
183,"spotify:track:4Oun2ylbjFKMPTiaSbbCih","Cardi B, Megan Thee Stallion","WAP (feat. Megan Thee Stallion)","Atlantic/KSR",1,167,57,"1553780"
184,"spotify:track:7GX5flRQZVHRAGd6B4TmDO","Lil Uzi Vert","XO Tour Llif3","Generation Now/Atlantic",2,174,230,"1537309"
185,"spotify:track:3fqwjXwUGN6vbzIwvyFMhx","Chris Stapleton","Tennessee Whiskey","Mercury Nashville",135,189,39,"1535152"
186,"spotify:track:4EWCNWgDS8707fNSZ1oaA5","Kanye West","Heartless","Roc-A-Fella",137,137,6,"1523152"
187,"spotify:track:58ge6dfP91o9oXMzq3XkIS","Arctic Monkeys","505","Domino/Warner Records",129,182,34,"1519643"
188,"spotify:track:0bI7K9Becu2dtXK1Q3cZNB","Tiësto, KAROL G","Don't Be Shy","Atlantic Records",188,-1,2,"1515151"
189,"spotify:track:6zSpb8dQRaw0M1dK8PBwQz","Elton John, Dua Lipa, PNAU","Cold Heart - PNAU Remix","EMI",118,-1,3,"1505880"
190,"spotify:track:22LAwLoDA5b4AaGSkg6bKW","Lil Mosey","Blueberry Faygo","Mogul Vision/Interscope Records",2,181,83,"1505847"
191,"spotify:track:1tkg4EHVoqnhR6iFEXb60y","Pop Smoke","What You Know Bout Love","Victor Victor Worldwide",6,178,54,"1505742"
192,"spotify:track:1K5KBOgreBi5fkEHvg5ap3","Future, Drake","Life Is Good (feat. Drake)","Epic/Freebandz",2,198,87,"1495957"
193,"spotify:track:6IW4TUC3zHW4tpikDg1w7Y","Kacey Musgraves","justified","Kacey Musgraves",76,76,2,"1495889"
194,"spotify:track:3eBnEo9WL34ulBCZlLpUQO","Zac Brown Band","Chicken Fried","Home Grown Music",71,-1,14,"1482973"
195,"spotify:track:7sO5G9EABYOXQKNPNiE9NR","Offset, Metro Boomin","Ric Flair Drip (with Metro Boomin)","Slaughter Gang, LLC/Epic/Quality Control Music/Motown/Capitol/Boominati Worldwide/Republic",4,197,131,"1479417"
196,"spotify:track:30QR0ndUdiiMQMA9g1PGCm","$uicideboy$","...And to Those I Love, Thanks for Sticking Around","G59 Records",82,-1,24,"1475329"
197,"spotify:track:45bE4HXI0AwGZXfZtMp8JR","Tate McRae","you broke me first","RCA Records Label",16,187,60,"1474228"
198,"spotify:track:3cBsEDNhFI9E82vPj3kvi3","Morgan Wallen","Wasted On You","Big Loud / Republic",3,196,35,"1468368"
199,"spotify:track:4lUmnwRybYH7mMzf16xB0y","Lil Baby, Lil Durk, Travis Scott","Hats Off (feat. Travis Scott)","Quality Control Music/Alamo Records/Motown Records",27,150,14,"1464066"
200,"spotify:track:35mvY5S1H3J2QZyna3TFe0","Ariana Grande","positions","Republic Records",1,185,46,"1462896"
