﻿rank,uri,artist_names,track_name,source,peak_rank,previous_rank,weeks_on_chart,streams
1,"spotify:track:3BZEcbdtXQSo7OrvKRJ6mb","Lil Nas X","MONTERO (Call Me By Your Name)","Columbia",1,1,2,"14538057"
2,"spotify:track:4iJyoBOLtHqaGxP12qzhQI","Justin Bieber, Daniel Caesar, Giveon","Peaches (feat. Daniel Caesar & Giveon)","RBMG/Def Jam",1,2,3,"11843594"
3,"spotify:track:61KpQadow081I2AsbeLcsb","Olivia Rodrigo","deja vu","Olivia Rodrigo PS",3,-1,1,"8916140"
4,"spotify:track:1M4OcYkxAtu3ErzSgDEfoi","Cardi B","Up","Atlantic Records",3,3,9,"7055344"
5,"spotify:track:3VT8hOC5vuDXBsHrR53WFh","Masked Wolf","Astronaut In The Ocean","Elektra (NEK)",4,4,9,"6786324"
6,"spotify:track:3J8EOeKLTLXORtWPpOU5bE","Lil Tjay, 6LACK","Calling My Phone","Columbia",1,7,8,"6248820"
7,"spotify:track:5nujrmhLynf4yMoMtj8AQF","Dua Lipa, DaBaby","Levitating (feat. DaBaby)","Warner Records",7,9,27,"6166000"
8,"spotify:track:7MAibcTli4IisCtbHKrGMh","Bruno Mars, Anderson .Paak, Silk Sonic","Leave The Door Open","Aftermath Entertainment/Atlantic",4,6,5,"5996454"
9,"spotify:track:6tDDoYIxWvMLTdKpjFkc1B","Kali Uchis","telepatía","EMI / Interscope",4,5,8,"5806178"
10,"spotify:track:3FAJ6O0NOHQV8Mc5Ri6ENp","Giveon","Heartbreak Anniversary","Epic/Not So Fast",10,10,9,"5711623"
11,"spotify:track:7lPN2DXiMsVn7XUKtOW1CS","Olivia Rodrigo","drivers license","Olivia Rodrigo PS",1,8,13,"5682358"
12,"spotify:track:3aQem4jVGdhtg116TmJnHz","Drake","What’s Next","OVO",1,13,5,"5291172"
13,"spotify:track:5QO79kh1waicV47BqGRL3g","The Weeknd","Save Your Tears","Republic Records",2,12,19,"5249292"
14,"spotify:track:3YJJjQPAbDT7mGpX3WtQ9A","SZA","Good Days","Top Dawg Entertainment/RCA Records",1,14,15,"4975399"
15,"spotify:track:60ynsPSSKe6O3sfwRnIBRf","Doja Cat","Streets","Kemosabe Records/RCA Records",3,11,13,"4962785"
16,"spotify:track:02MWAaffLxlfxAUY7c5dvx","Glass Animals","Heat Waves","Polydor Records",15,19,19,"4699184"
17,"spotify:track:2etHQJxIbV0soyPhelVs9Y","Saweetie, Doja Cat","Best Friend (feat. Doja Cat)","ICY/Warner Records",12,21,13,"4694986"
18,"spotify:track:4eNOLmx8r2IJAVKvBBL1jv","Lil Tjay, Polo G, Fivio Foreign","Headshot (feat. Polo G & Fivio Foreign)","Columbia",18,27,3,"4539026"
19,"spotify:track:1nahzW3kfMuwReTka28tH5","Justin Bieber","Hold On","RBMG/Def Jam",3,16,5,"4478521"
20,"spotify:track:65OVbaJR5O1RmwOQx0875b","Drake, Lil Baby","Wants and Needs (feat. Lil Baby)","OVO",2,15,5,"4377180"
21,"spotify:track:4yyX2Iu4xJjW9xMvBZKSBi","Demi Lovato, Ariana Grande","Met Him Last Night (feat. Ariana Grande)","Island Records",21,-1,1,"4303217"
22,"spotify:track:7FGdjbZ32vMybPuP0IuE7d","Pooh Shiesty, Lil Durk","Back in Blood (feat. Lil Durk)","Atlantic Records",9,22,13,"4296401"
23,"spotify:track:0VjIjW4GlUZAMYd2vXMi3b","The Weeknd","Blinding Lights","Republic Records",1,23,71,"4083029"
24,"spotify:track:4MzXwWMhyBbmu6hOcLVD49","Bad Bunny, Jhayco","DÁKITI","Rimas Entertainment LLC",1,25,23,"3686889"
25,"spotify:track:4jPy3l0RUwlUI9T5XHBW2m","24kGoldn, iann dior","Mood (feat. iann dior)","Records/Columbia",2,24,35,"3622979"
26,"spotify:track:6F2r4HgpJnvKDmkN6JEN6J","Justin Bieber, Khalid","As I Am (feat. Khalid)","RBMG/Def Jam",2,18,3,"3589644"
27,"spotify:track:27OeeYzk6klgBh83TSvGMA","The Kid LAROI","WITHOUT YOU","Columbia",8,28,21,"3528528"
28,"spotify:track:1dg3qy5DjoJodawfOCgrTP","Lil Tjay, Offset, Moneybagg Yo","Run It Up (feat. Offset & Moneybagg Yo)","Columbia",28,-1,1,"3504289"
29,"spotify:track:7HsjuVBM93Z2RoxjpWLgTT","Rod Wave, Polo G","Richer (feat. Polo G)","Alamo",20,20,2,"3350690"
30,"spotify:track:1tkg4EHVoqnhR6iFEXb60y","Pop Smoke","What You Know Bout Love","Victor Victor Worldwide",6,34,32,"3160844"
31,"spotify:track:7hxHWCCAIIxFLCzvDgnQHX","Internet Money, Gunna, Don Toliver, NAV","Lemonade (feat. NAV)","Internet Money Records / TenThousand Projects",1,33,34,"3127308"
32,"spotify:track:4Iedi94TIaB2GGb1nMB68v","Lil Baby","On Me","Quality Control Music/Motown Records",28,39,18,"3112524"
33,"spotify:track:6fRxMU4LWwyaSSowV441IU","Maroon 5, Megan Thee Stallion","Beautiful Mistakes (feat. Megan Thee Stallion)","Interscope Records*",33,47,4,"3036962"
34,"spotify:track:2WnAKZefdRHxtBEkRjFOHC","Justin Bieber","Anyone","RBMG/Def Jam",2,29,14,"3025875"
35,"spotify:track:6Xgq7MvZiet0hVi3KaDSgJ","Justin Bieber, Chance the Rapper","Holy (feat. Chance The Rapper)","RBMG/Def Jam",3,31,29,"2978896"
36,"spotify:track:2QjOHCTQ1Jl3zawyYOpxh6","The Neighbourhood","Sweater Weather","Columbia",19,35,33,"2977057"
37,"spotify:track:5uEYRdEIh9Bo4fpjDd4Na9","Travis Scott, HVME","Goosebumps - Remix","Cactus Jack/Epic",36,45,12,"2975243"
38,"spotify:track:7kDUspsoYfLkWnZR7qwHZl","Machine Gun Kelly, blackbear","my ex's best friend (with blackbear)","Bad Boy/Interscope Records",11,41,35,"2927013"
39,"spotify:track:0PvFJmanyNQMseIFrU708S","Pop Smoke, Lil Baby, DaBaby","For The Night (feat. Lil Baby & DaBaby)","Victor Victor Worldwide",2,36,40,"2908375"
40,"spotify:track:7ytR5pFWmSjzHJIeQkgog4","DaBaby, Roddy Ricch","ROCKSTAR (feat. Roddy Ricch)","South Coast Music Group/Interscope Records",1,40,51,"2877473"
41,"spotify:track:4Oun2ylbjFKMPTiaSbbCih","Cardi B, Megan Thee Stallion","WAP (feat. Megan Thee Stallion)","Atlantic/KSR",1,37,35,"2870563"
42,"spotify:track:1VLtjHwRWOVJiE5Py7JxoQ","Polo G","Martin & Gina","Columbia",23,49,36,"2857268"
43,"spotify:track:35mvY5S1H3J2QZyna3TFe0","Ariana Grande","positions","Republic Records",1,43,24,"2844465"
44,"spotify:track:1diS6nkxMQc3wwC4G1j0bh","Dua Lipa","We're Good","Warner Records",20,44,8,"2804462"
45,"spotify:track:6Im9k8u9iIzKMrmV7BWtlF","Ariana Grande","34+35","Republic Records",2,42,23,"2782803"
46,"spotify:track:6toQdWWc4noiOk3Eo5mVDS","SpotemGottem, DaBaby","Beat Box 3 (feat. DaBaby)","Rebel Music PS",33,38,6,"2758540"
47,"spotify:track:1t9WgS8FN0534tLBRwbaxO","CJ","Whoopty","Warner Records",4,32,24,"2744920"
48,"spotify:track:2SAqBLGA283SUiwJ3xOUVI","Drake, Lil Durk","Laugh Now Cry Later (feat. Lil Durk)","OVO",2,46,34,"2744846"
49,"spotify:track:7l2tmgUhV7Y2aJHjiszifg","Taylor Swift","Mr. Perfectly Fine (Taylor’s Version) (From The Vault)","Taylor Swift",49,-1,1,"2672685"
50,"spotify:track:6vFsBXYczYsP0H3lgunZOm","Beach Bunny","Cloud 9","Mom+Pop",50,56,4,"2671030"
51,"spotify:track:5pRTz4O2qOkr5nawemy6Wb","Rod Wave","Tombstone","Alamo",30,30,2,"2669616"
52,"spotify:track:3JYxIozjRsvEmHrIvfFhud","Rod Wave","Street Runner","Alamo",26,26,4,"2625165"
53,"spotify:track:0RiRZpuVRbi7oqRdSMwhQY","Post Malone, Swae Lee","Sunflower - Spider-Man: Into the Spider-Verse","Republic Records",1,52,129,"2529583"
54,"spotify:track:45bE4HXI0AwGZXfZtMp8JR","Tate McRae","you broke me first","RCA Records Label",16,50,38,"2520083"
55,"spotify:track:21jGcNKet2qwijlDFuPiPb","Post Malone","Circles","Republic Records",1,54,84,"2511841"
56,"spotify:track:4VXIryQMWpIdGgYR4TrjT1","Juice WRLD","All Girls Are The Same","Juice WRLD Mixtape / ISR P&D",13,51,154,"2487987"
57,"spotify:track:2Lhdl74nwwVGOE2Gv35QuK","Gym Class Heroes","Cupid's Chokehold / Breakfast in America","Decaydance/Fueled By Ramen/ATL",44,55,5,"2462115"
58,"spotify:track:2U5WueTLIK5WJLD7mvDODv","Juice WRLD","Wishing Well","Grade A Productions/Interscope Records",1,53,39,"2456507"
59,"spotify:track:54bFM56PmE4YLRnqpW6Tha","Billie Eilish","Therefore I Am","Darkroom/Interscope Records",1,59,21,"2447695"
60,"spotify:track:5FQPpxOXsvkMN6v18gtpwY","AJR","Bang!","BMG Rights Management (US) LLC",48,48,31,"2414046"
61,"spotify:track:2Y0wPrPQBrGhoLn14xRYCG","Juice WRLD, Marshmello","Come & Go (with Marshmello)","Grade A Productions/Interscope Records",1,61,39,"2399068"
62,"spotify:track:0ZLuW8uOXdFNWcI40C0OC2","Jack Harlow, Tory Lanez, DaBaby, Lil Wayne","Whats Poppin (feat. DaBaby, Tory Lanez & Lil Wayne) [Remix] - Bonus Track","Generation Now/Atlantic",2,63,42,"2385407"
63,"spotify:track:285pBltuF7vW8TeWk8hdRR","Juice WRLD","Lucid Dreams","Juice WRLD Mixtape / ISR P&D",1,62,153,"2384071"
64,"spotify:track:5pcjystBtalYeqaiXCcgEY","Taylor Swift, Maren Morris","You All Over Me (feat. Maren Morris) (Taylor’s Version) (From The Vault)","Taylor Swift",17,17,2,"2378046"
65,"spotify:track:6UelLqGlWMcVH1E5c4H7lY","Harry Styles","Watermelon Sugar","Columbia",4,66,73,"2367279"
66,"spotify:track:22LAwLoDA5b4AaGSkg6bKW","Lil Mosey","Blueberry Faygo","Mogul Vision/Interscope Records",2,64,61,"2367177"
67,"spotify:track:0ofHAoxe9vBkTCp2UQIavz","Fleetwood Mac","Dreams - 2004 Remaster","Rhino/Warner Records",6,78,31,"2325582"
68,"spotify:track:4FRW5Nza1Ym91BGV4nFWXI","Drake, Rick Ross","Lemon Pepper Freestyle (feat. Rick Ross)","OVO",3,58,5,"2313065"
69,"spotify:track:3cBsEDNhFI9E82vPj3kvi3","Morgan Wallen","Wasted On You","Big Loud / Republic",3,70,13,"2297748"
70,"spotify:track:2bo0HCDcZj8BYjoht9zYgk","Moneybagg Yo","Time Today","CMG/N-Less/Interscope Records",70,81,8,"2293445"
71,"spotify:track:6f3Slt0GbA2bPZlz0aIFXN","Tiësto","The Business","Atlantic Records",69,76,12,"2259755"
72,"spotify:track:0A1hoCfMLkiAgvhWkkucJa","Megan Thee Stallion","Body","300 Entertainment",13,73,20,"2236734"
73,"spotify:track:6IBcOGPsniK3Pso1wHIhew","Luke Combs","Forever After All","River House Artists/Columbia Nashville",2,83,24,"2230365"
74,"spotify:track:6zFMeegAMYQo0mt8rXtrli","Lil Nas X","HOLIDAY","Columbia",14,86,21,"2212379"
75,"spotify:track:7qEHsqek33rTcFNT9PFqLf","Lewis Capaldi","Someone You Loved","Vertigo Berlin",6,71,102,"2212030"
76,"spotify:track:0nbXyq5TXYPCO7pr3N8S4I","Roddy Ricch","The Box","Atlantic Records",1,72,70,"2200153"
77,"spotify:track:62vpWI1CHwFy7tMIcSStl8","J. Cole","No Role Modelz","Roc Nation Records LLC",64,75,165,"2193131"
78,"spotify:track:2r6OAV3WsYtXuXjvJ1lIDi","Pop Smoke, A Boogie Wit da Hoodie","Hello (feat. A Boogie Wit da Hoodie)","Victor Victor Worldwide",31,65,31,"2189776"
79,"spotify:track:1J14CdDAvBTE1AJYUOwl6C","Duncan Laurence","Arcade","Universal Music, a division of Universal International Music BV",63,80,8,"2182168"
80,"spotify:track:6Hj9jySrnFppAI0sEMCZpJ","Juice WRLD","Robbery","Grade A Productions/Interscope Records",3,79,112,"2124630"
81,"spotify:track:3PfIrDoz19wz7qK7tYeu62","Dua Lipa","Don't Start Now","Warner Records",5,82,71,"2119168"
82,"spotify:track:2GiJYvgVaD2HtM8GqD9EgQ","BØRNS","Electric Love","UMGRI Interscope",44,89,41,"2090426"
83,"spotify:track:78p1rF7xx1snnaKxtUzBHn","YBN Nahmir, 21 Savage","Opp Stoppa (feat. 21 Savage)","Art@War/Atlantic Records",46,77,11,"2063376"
84,"spotify:track:1K5KBOgreBi5fkEHvg5ap3","Future, Drake","Life Is Good (feat. Drake)","Epic/Freebandz",2,90,65,"2056031"
85,"spotify:track:4xqrdfXkTW4T0RauPLv3WA","Conan Gray","Heather","Republic Records",9,84,40,"2050064"
86,"spotify:track:161DnLWsx1i3u1JT05lzqU","Bruno Mars","Talking to the Moon","Atlantic Records",86,125,3,"2038579"
87,"spotify:track:6foY66mWZN0pSRjZ408c00","Morgan Wallen","Whiskey Glasses","Big Loud Records",59,95,102,"2033416"
88,"spotify:track:03ERnTvSV5fy8WAyvA4uNP","Kevin Gates","Big Gangsta","Bread Winners' Association",64,74,6,"2030444"
89,"spotify:track:5hChuUMe5iHfjkXgzj1D4b","Mooski","Track Star","Capitol Records",89,103,3,"2021322"
90,"spotify:track:0VQ3GSPdl4njPOr3lyaoaD","Demi Lovato","Dancing With The Devil","Island Records",90,-1,1,"2002430"
91,"spotify:track:4aarlAfLKVCTxUDNgbwhjH","Megan Thee Stallion, DaBaby","Cry Baby (feat. DaBaby)","300 Entertainment",36,87,18,"1994946"
92,"spotify:track:7eX3um6NpOQKWJMGCi97XD","Lil Baby, EST Gee","Real As It Gets (feat. EST Gee)","Quality Control Music/Motown Records",29,111,5,"1986977"
93,"spotify:track:6gBFPUFcJLzWGx4lenP6h2","Travis Scott","goosebumps","Cactus Jack / Epic",8,92,223,"1985102"
94,"spotify:track:5E30LdtzQTGqRvNd7l6kG5","The Neighbourhood","Daddy Issues","Columbia",59,91,30,"1984967"
95,"spotify:track:57VeLYXrvNxe8Vs18K2M9W","Jack Harlow, Big Sean","Way Out (feat. Big Sean)","Generation Now/Atlantic",24,96,17,"1983885"
96,"spotify:track:3jjujdWJ72nww5eGnfs2E7","Harry Styles","Adore You","Columbia",3,94,70,"1970217"
97,"spotify:track:2XIc1pqjXV3Cr2BQUGNBck","Bad Bunny, ROSALÍA","LA NOCHE DE ANOCHE","Rimas Entertainment LLC",18,85,19,"1958342"
98,"spotify:track:3w1WjD2zJqjBjDz5fwqQPJ","Jack Harlow","Tyler Herro","Generation Now/Atlantic",9,98,24,"1948622"
99,"spotify:track:472vIK1ldetTxRxG3ovaiY","Dan + Shay","Glad You Exist","Warner Music Nashville",64,114,5,"1946655"
100,"spotify:track:3S8jK1mGzQi24ilFb45DAZ","Justin Bieber, benny blanco","Lonely (with benny blanco)","RBMG/Def Jam",8,60,23,"1941208"
101,"spotify:track:2mt1IqcFyY1zmYZT8Q3xw9","blackbear","hot girl bummer","Alamo",4,100,85,"1925899"
102,"spotify:track:003vvx7Niy0yvhvHt4a68B","The Killers","Mr. Brightside","Island Records",102,123,36,"1922487"
103,"spotify:track:6AGOKlMZWLCaEJGnaROtF9","Ritt Momney","Put Your Records On","Columbia",16,107,30,"1900098"
104,"spotify:track:7Bk0uXKk1uPT0XuQbpFzvs","Los Legendarios, Wisin, Jhayco","Fiel","La Base Music Group/ WK Records",104,-1,1,"1890721"
105,"spotify:track:5OELUCYgOHKFAvCERnAvfS","Morgan Wallen","More Than My Hometown","Big Loud / Republic",21,116,50,"1886495"
106,"spotify:track:0uRrG2jRR5tuifsYIJHEao","Morgan Wallen","Sand In My Boots","Big Loud / Republic",13,108,13,"1868338"
107,"spotify:track:0GO8y8jQk1PkHzS31d699N","GROUPLOVE","Tongue Tied","Canvasback/ATL",107,115,47,"1865687"
108,"spotify:track:0uxSUdBrJy9Un0EYoBowng","Lil Uzi Vert","20 Min","Generation Now/Atlantic",93,112,61,"1850489"
109,"spotify:track:6Ozh9Ok6h4Oi1wUSLtBseN","DaBaby","BOP","South Coast Music Group/Interscope Records",3,109,80,"1849422"
110,"spotify:track:79s5XnCN4TJKTVMSmOx8Ep","Pop Smoke","Dior","Victor Victor Worldwide/Republic Records",18,119,56,"1809334"
111,"spotify:track:0rKtyWc8bvkriBthvHKY8d","Joji","SLOW DANCING IN THE DARK","88rising Music/Warner Records",29,113,133,"1806603"
112,"spotify:track:2ePtv8MlBO9nuuXABqAfEX","ElyOtto","SugarCrash!","Otto Dynamite/RCA Records",51,97,7,"1786160"
113,"spotify:track:7m9OqQk4RVRkw9JJdeAw96","XXXTENTACION","Jocelyn Flores","Bad Vibes Forever / EMPIRE",3,110,189,"1785048"
114,"spotify:track:5IUtvfNvOyVYZUa6AJFrnP","Ty Dolla $ign, Post Malone","Spicy (feat. Post Malone)","Atlantic Records",14,133,18,"1774826"
115,"spotify:track:43CIWpJaJHRcI4mUSjqgc2","Juice WRLD, Young Thug","Bad Boy (with Young Thug)","Grade A Productions/Interscope Records",3,120,12,"1774263"
116,"spotify:track:1xqRKo0SDFDO5Jy8yEVD0X","DUSTY LOCANE","ROLLIN N CONTROLLIN FREESTYLE","95MM / EMPIRE",54,148,8,"1763402"
117,"spotify:track:1KixkQVDUHggZMU9dUobgm","Ava Max","My Head & My Heart","Atlantic Records",117,150,6,"1763071"
118,"spotify:track:6EDO9iiTtwNv6waLwa1UUq","DJ Khaled, Drake","POPSTAR (feat. Drake)","OVO/We The Best/Epic",4,124,38,"1758528"
119,"spotify:track:5SWnsxjhdcEDc7LJjq9UHk","21 Savage, Metro Boomin","Runnin","Slaughter Gang, LLC/Epic/Boominati Worldwide/Republic",3,106,27,"1758264"
120,"spotify:track:11ZulcYY4lowvcQm4oe3VJ","Ashnikko, Princess Nokia","Slumber Party (feat. Princess Nokia)","Parlophone UK",120,181,2,"1751043"
121,"spotify:track:7fBv7CLKzipRk6EC6TWHOB","The Weeknd","The Hills","Universal Republic Records",27,126,24,"1746811"
122,"spotify:track:6I3mqTwhRpn34SLVafSH7G","Justin Bieber","Ghost","RBMG/Def Jam",24,57,3,"1743765"
123,"spotify:track:2gMXnyrvIjhVBUZwvLZDMP","Lewis Capaldi","Before You Go","Vertigo Berlin",42,117,72,"1740543"
124,"spotify:track:3JKgcAa7r07ocVWcV8bS0H","Polo G","21","Columbia",42,129,46,"1738335"
125,"spotify:track:4obHzpwGrjoTuZh2DItEMZ","Morgan Wallen","7 Summers","Big Loud / Republic",3,135,34,"1736474"
126,"spotify:track:2kS6td1yvmpNgZTt1q5pQq","Mother Mother","Hayloft","Last Gang",64,118,15,"1725049"
127,"spotify:track:42lqBjPYlmL1EXpMDXvhSN","Morgan Wallen","Somebody’s Problem","Big Loud / Republic",4,130,20,"1721787"
128,"spotify:track:7E2C5rBLpCKwQlhJPVFBRS","Yung Bleu, Drake","You're Mines Still (feat. Drake)","Moon Boy University / EMPIRE",97,122,11,"1717046"
129,"spotify:track:57RA3JGafJm5zRtKJiKPIm","Wallows, Clairo","Are You Bored Yet? (feat. Clairo)","Atlantic Records",70,136,47,"1713935"
130,"spotify:track:2rxQMGVafnNaRaXlRMWPde","Luke Combs","Beautiful Crazy","River House Artists/Columbia Nashville",61,142,141,"1712519"
131,"spotify:track:26UxwWl9xCb83OynXELJcL","DaBaby","Masterpiece","South Coast Music Group/Interscope Records",63,132,12,"1712137"
132,"spotify:track:7eJMfftS33KTjuF7lTsMCx","Powfu, beabadoobee","death bed (coffee for your head)","Columbia",9,128,60,"1708317"
133,"spotify:track:6K4t31amVTZDgR3sKmwUJJ","Tame Impala","The Less I Know The Better","Universal Music Australia Pty. Ltd.",117,137,79,"1708093"
134,"spotify:track:3JVTsvTldB6arHVlmxmTnM","24kGoldn, Future","Company (feat. Future)","Records/Columbia",134,156,2,"1705036"
135,"spotify:track:51pshtuYkgUQnt5huMPbKL","Mac Miller, Empire of the Sun","The Spins","Rostrum Records",135,157,6,"1696579"
136,"spotify:track:43BlKpJcSrC9AsJ3F1DKg9","Lil Durk, King Von","Still Trappin'","Alamo",66,146,15,"1684561"
137,"spotify:track:2vl0D1b0M6UHlD1Fjh5j1m","Internet Money, Lil Tecca, Lil Mosey","JETSKI","Homemade Projects / 10K Projects",88,88,2,"1679555"
138,"spotify:track:7FIWs0pqAYbP91WWM0vlTQ","Eminem, Juice WRLD","Godzilla (feat. Juice WRLD)","Shady/Aftermath/Interscope Records",2,144,63,"1678616"
139,"spotify:track:1IIKrJVP1C9N7iPtG6eOsK","Chris Brown, Young Thug","Go Crazy","Chris Brown Entertainment/300 Entertainment/RCA Records",20,141,46,"1669092"
140,"spotify:track:2JvzF1RMd7lE3KmFlsyZD8","J. Cole","MIDDLE CHILD","Dreamville, Inc., Under exclusive license to Roc Nation Records",1,140,114,"1663370"
141,"spotify:track:0u2P5u6lvoDfwTYjAADbn4","Billie Eilish, Khalid","lovely (with Khalid)","Darkroom",24,131,154,"1655341"
142,"spotify:track:3T03rPwlL8NVk1yIaxeD8U","Justin Bieber","Off My Face","RBMG/Def Jam",21,67,3,"1652082"
143,"spotify:track:7GX5flRQZVHRAGd6B4TmDO","Lil Uzi Vert","XO Tour Llif3","Generation Now/Atlantic",2,149,208,"1640616"
144,"spotify:track:3fqwjXwUGN6vbzIwvyFMhx","Chris Stapleton","Tennessee Whiskey","Mercury Nashville",144,178,17,"1638423"
145,"spotify:track:3Uo7WG0vmLQ07WB4BDwy7D","Taylor Swift","willow","Taylor Swift",1,127,17,"1634347"
146,"spotify:track:0mKnuxVkPi5h0kuvZl44VM","Morgan Wallen","Cover Me Up","Big Loud / Republic",30,159,26,"1625682"
147,"spotify:track:4saklk6nie3yiGePpBwUoc","BTS","Dynamite","BIGHIT MUSIC",4,151,33,"1623994"
148,"spotify:track:0lkQOB949M2gLyut86aJ1b","Cage The Elephant","Cigarette Daydreams","RCA Records Label",148,173,7,"1623704"
149,"spotify:track:3QzAOrNlsabgbMwlZt7TAY","Mustard, Roddy Ricch","Ballin' (with Roddy Ricch)","10 Summers Records/Interscope Records",11,152,88,"1623496"
150,"spotify:track:2h9TDNEXRhcDIV3fsoEVq9","Sam Fischer, Demi Lovato","What Other People Say","RCA Records Label",150,-1,1,"1623446"
151,"spotify:track:5f1joOtoMeyppIcJGZQvqJ","Kane Brown, Swae Lee, Khalid","Be Like That - feat. Swae Lee & Khalid","RCA Records Label Nashville",25,154,37,"1619348"
152,"spotify:track:3eekarcy7kvN4yt5ZFzltW","Travis Scott","HIGHEST IN THE ROOM","Cactus Jack/Epic",1,155,79,"1617917"
153,"spotify:track:3wkKkFAtYSTRwqOydW6T0I","Mike Posner","Please Don't Go","J Records",109,121,3,"1612782"
154,"spotify:track:2iUmqdfGZcHIhS3b9E9EWq","Neon Trees","Everybody Talks","Mercury Records",154,164,6,"1612128"
155,"spotify:track:45S5WTQEGOB1VHr1Q4FuPl","Harry Styles","Golden","Columbia",21,105,25,"1606444"
156,"spotify:track:2Oycxb8QbPkpHTo8ZrmG0B","Miley Cyrus, Dua Lipa","Prisoner (feat. Dua Lipa)","RCA Records Label",16,153,20,"1606081"
157,"spotify:track:5MwynWK9s4hlyKHqhkNn4A","Morgan Wallen","Chasin' You","Big Loud Records",55,171,56,"1599775"
158,"spotify:track:5VlTQnZO89Ioku8ssdbqJk","Brent Faiyaz","Dead Man Walking","Lost Kids",71,147,18,"1580832"
159,"spotify:track:527k23H0A4Q0UJN3vGs0Da","Don Toliver","After Party","We Run It Ent./Cactus Jack/Atlantic",13,174,52,"1575069"
160,"spotify:track:2xLMifQCjDGFmkHkpNLD9h","Travis Scott","SICKO MODE","Cactus Jack / Epic",1,165,137,"1574635"
161,"spotify:track:137mSruegm1u6x9NvwiagR","Justin Bieber, The Kid LAROI","Unstable (feat. The Kid LAROI)","RBMG/Def Jam",19,69,3,"1570177"
162,"spotify:track:6Gg1gjgKi2AK4e0qzsR7sd","Juice WRLD, YoungBoy Never Broke Again","Bandit (with YoungBoy Never Broke Again)","Grade A Productions/Interscope Records",2,161,79,"1560176"
163,"spotify:track:58ge6dfP91o9oXMzq3XkIS","Arctic Monkeys","505","Domino/Warner Records",129,172,14,"1558016"
164,"spotify:track:75ZvA4QfFiZvzhj2xkaWAh","Post Malone","I Fall Apart","Universal Records",2,158,178,"1557268"
165,"spotify:track:78QR3Wp35dqAhFEc2qAGjE","Lil Baby, Gunna","Drip Too Hard (Lil Baby & Gunna)","Quality Control Music/Young Stoner Life Records, a 300 Entertainment Label/Motown Records/Capitol Records",1,170,132,"1554900"
166,"spotify:track:5rZlwNFl01HqLWBQGryKSm","Pop Smoke, Lil Tjay","Mood Swings (feat. Lil Tjay)","Victor Victor Worldwide",10,166,40,"1550910"
167,"spotify:track:73xjJ1TIE6WP3HNKczQE4F","DDG, Blueface","Moonwalking in Calabasas (feat. Blueface) - Remix","DDG/Epic Records",40,143,26,"1543506"
168,"spotify:track:3ee8Jmje8o58CHK66QrVC2","XXXTENTACION","SAD!","Bad Vibes Forever, LLC",1,163,160,"1541511"
169,"spotify:track:4KIkADzoVm3A10E9qyjsQ5","42 Dugg, Roddy Ricch","4 Da Gang (with Roddy Ricch)","NEW CMG 42 Dugg P&D",169,-1,1,"1539239"
170,"spotify:track:0zLCBJZSiELJf02ucPP9wb","SAINt JHN, Imanbek","Roses - Imanbek Remix","Craft Recordings",5,182,59,"1538536"
171,"spotify:track:3dYD57lRAUcMHufyqn9GcI","Hozier","Take Me to Church","Columbia",141,184,12,"1535301"
172,"spotify:track:4bHsxqR3GMrXTxEPLuK5ue","Journey","Don't Stop Believin' (2022 Remaster)","Columbia/Legacy",172,192,17,"1527160"
173,"spotify:track:1xMvdOFQaql3EBkHmuh2TK","LPB Poody","Batman","Chameleon Entertainment/Interscope Records",109,183,5,"1517921"
174,"spotify:track:1Cv1YLb4q0RzL6pybtaMLo","Surfaces","Sunday Best","Surfaces Music / TenThousand Projects, LLC",14,189,60,"1515462"
175,"spotify:track:696DnlkuDOXcMAnKlTgXXK","Arizona Zervas","ROXANNE","Arizona Zervas",1,187,75,"1515182"
176,"spotify:track:2rPHUAeUPbNgTmK18FPTiZ","The Kid LAROI, Juice WRLD","GO (feat. Juice WRLD)","Columbia",15,168,43,"1513452"
177,"spotify:track:2vBET2pmrQqafaS6zIaYta","Black Eyed Peas, Shakira","GIRL LIKE ME","Epic",154,195,11,"1513002"
178,"spotify:track:2kJwzbxV2ppxnQoYw4GLBZ","JP Saxe, Julia Michaels","If the World Was Ending (feat. Julia Michaels)","Arista Records",47,175,73,"1512281"
179,"spotify:track:7sO5G9EABYOXQKNPNiE9NR","Offset, Metro Boomin","Ric Flair Drip (with Metro Boomin)","Slaughter Gang, LLC/Epic/Quality Control Music/Motown/Capitol/Boominati Worldwide/Republic",4,197,111,"1499971"
180,"spotify:track:7B3z0ySL9Rr0XvZEAjWZzM","Clairo","Sofia","FADER Label",27,185,29,"1499502"
181,"spotify:track:1ZMiCix7XSAbfAJlEZWMCp","Harry Styles","Falling","Columbia",11,169,66,"1499417"
182,"spotify:track:6J2LdBN97cDWn0MLxYh9HB","Noah Cyrus","July","Records/Columbia",56,-1,72,"1480516"
183,"spotify:track:2HbKqm4o0w5wEeEFXm2sD4","Kendrick Lamar, Jay Rock","Money Trees","Aftermath",88,194,27,"1478696"
184,"spotify:track:6uFn47ACjqYkc0jADwEdj1","Polo G, Lil Tjay","Pop Out (feat. Lil Tjay)","Columbia",8,-1,85,"1474428"
185,"spotify:track:1jaTQ3nqY3oAAYyCTbIvnM","Jack Harlow","WHATS POPPIN","Generation Now/Atlantic",6,193,63,"1470519"
186,"spotify:track:33gwZOGJWEZ7dRWPqPxBEZ","Big Sean, Post Malone","Wolves (feat. Post Malone)","Getting Out Our Dreams, Inc./Def Jam Recordings",19,-1,16,"1468504"
187,"spotify:track:0e7ipj03S05BNilyu5bRzt","Post Malone, 21 Savage","rockstar (feat. 21 Savage)","Republic Records",1,-1,171,"1452609"
188,"spotify:track:2IVsRhKrx8hlQBOWy4qebo","Ricky Montgomery","Mr. Loverman","Warner Records",155,196,18,"1450822"
189,"spotify:track:0RLLvYBopDwooCyvnTwgYu","Lil Tjay","F.N","Columbia",25,-1,65,"1450123"
190,"spotify:track:0wXuerDYiBnERgIpbb3JBR","Childish Gambino","Redbone","Glassnote Entertainment Group LLC",9,-1,94,"1448781"
191,"spotify:track:2NnJpRXIlx35Vij3bPZO0h","Machine Gun Kelly, CORPSE","DAYWALKER! (feat. CORPSE)","Bad Boy/Interscope Records",45,134,4,"1448364"
192,"spotify:track:5uCax9HTNlzGybIStD3vDh","James Arthur","Say You Won't Let Go","Columbia",15,199,143,"1446855"
193,"spotify:track:6FE2iI43OZnszFLuLtvvmg","MKTO","Classic","Columbia/M2V",193,-1,1,"1442228"
194,"spotify:track:60PAzFNW3vAiAiVK6DRJfB","Kid Cudi","Day 'N' Nite (nightmare)","Kid Cudi/Universal Records",149,190,6,"1441237"
195,"spotify:track:7KA4W4McWYRpgf0fWsJZWB","Tyler, The Creator, Kali Uchis","See You Again (feat. Kali Uchis)","Columbia",55,-1,10,"1431840"
196,"spotify:track:1mMLMZYXkMueg65jRRWG1l","Luke Combs","When It Rains It Pours","River House Artists/Columbia Nashville",123,-1,60,"1429916"
197,"spotify:track:2cX2coZS1PYBfPs8wgbdWE","Bee Gees","More Than A Woman","UME - Global Clearing House",197,-1,1,"1427030"
198,"spotify:track:2wrJq5XKLnmhRXHIAf9xBa","Dan + Shay, Justin Bieber","10,000 Hours (with Justin Bieber)","Warner Music Nashville",2,-1,68,"1425276"
199,"spotify:track:6gdLyYNuhWBzqwlOFSsXC7","Luke Combs","Better Together","River House Artists/Columbia Nashville",38,-1,26,"1422984"
200,"spotify:track:5NvOZCjZaGGGL597exlQWv","Ricky Montgomery","Line Without a Hook","Warner Records",96,-1,18,"1422734"
