﻿rank,uri,artist_names,track_name,source,peak_rank,previous_rank,weeks_on_chart,streams
1,"spotify:track:43PGPuHIlVOc04jrZVh9L6","Polo G","RAPSTAR","Columbia",1,1,2,"14135559"
2,"spotify:track:67BtfxlNbhBmCDR2L2l8qd","Lil Nas X","MONTERO (Call Me By Your Name)","Columbia",1,2,4,"10838771"
3,"spotify:track:4iJyoBOLtHqaGxP12qzhQI","Justin Bieber, Daniel Caesar, Giveon","Peaches (feat. Daniel Caesar & Giveon)","RBMG/Def Jam",1,3,5,"9577020"
4,"spotify:track:748mdHapucXQri7IAO8yFK","Doja Cat, SZA","Kiss Me More (feat. SZA)","Kemosabe Records/RCA Records",4,4,2,"9460768"
5,"spotify:track:61KpQadow081I2AsbeLcsb","Olivia Rodrigo","deja vu","Olivia Rodrigo PS",3,5,3,"8589981"
6,"spotify:track:5nujrmhLynf4yMoMtj8AQF","Dua Lipa, DaBaby","Levitating (feat. DaBaby)","Warner Records",6,8,29,"7551790"
7,"spotify:track:6rTInqW3YECMkQsBEHw4sd","Young Stoner Life, Young Thug, Gunna, Drake","Solid (feat. Drake)","300 Entertainment",7,-1,1,"7065777"
8,"spotify:track:3VT8hOC5vuDXBsHrR53WFh","Masked Wolf","Astronaut In The Ocean","Elektra (NEK)",4,7,11,"6549299"
9,"spotify:track:3FAJ6O0NOHQV8Mc5Ri6ENp","Giveon","Heartbreak Anniversary","Epic/Not So Fast",9,11,11,"6041483"
10,"spotify:track:1M4OcYkxAtu3ErzSgDEfoi","Cardi B","Up","Atlantic Records",3,9,11,"5824702"
11,"spotify:track:7MAibcTli4IisCtbHKrGMh","Bruno Mars, Anderson .Paak, Silk Sonic","Leave The Door Open","Aftermath Entertainment/Atlantic",4,12,7,"5613111"
12,"spotify:track:65OVbaJR5O1RmwOQx0875b","Drake, Lil Baby","Wants and Needs (feat. Lil Baby)","OVO",2,25,7,"5277826"
13,"spotify:track:3J8EOeKLTLXORtWPpOU5bE","Lil Tjay, 6LACK","Calling My Phone","Columbia",1,10,10,"5250062"
14,"spotify:track:7lPN2DXiMsVn7XUKtOW1CS","Olivia Rodrigo","drivers license","Olivia Rodrigo PS",1,14,15,"4925471"
15,"spotify:track:6tDDoYIxWvMLTdKpjFkc1B","Kali Uchis","telepatía","EMI / Interscope",4,13,10,"4905103"
16,"spotify:track:5QO79kh1waicV47BqGRL3g","The Weeknd","Save Your Tears","Republic Records",2,17,21,"4754003"
17,"spotify:track:02MWAaffLxlfxAUY7c5dvx","Glass Animals","Heat Waves","Polydor Records",15,21,21,"4714284"
18,"spotify:track:6755DFiZ7CWe2WMdTGW5C1","Young Stoner Life, Young Thug, Gunna","Ski","300 Entertainment",18,-1,1,"4664120"
19,"spotify:track:60ynsPSSKe6O3sfwRnIBRf","Doja Cat","Streets","Kemosabe Records/RCA Records",3,18,15,"4536301"
20,"spotify:track:3YJJjQPAbDT7mGpX3WtQ9A","SZA","Good Days","Top Dawg Entertainment/RCA Records",1,19,17,"4493490"
21,"spotify:track:2etHQJxIbV0soyPhelVs9Y","Saweetie, Doja Cat","Best Friend (feat. Doja Cat)","ICY/Warner Records",12,22,15,"4485052"
22,"spotify:track:4MzXwWMhyBbmu6hOcLVD49","Bad Bunny, Jhayco","DÁKITI","Rimas Entertainment LLC",1,30,25,"4381416"
23,"spotify:track:3aQem4jVGdhtg116TmJnHz","Drake","What’s Next","OVO",1,16,7,"4333665"
24,"spotify:track:7uZqvqXzzYMKrexKxdcGmd","Young Stoner Life, Young Thug, Gunna, Travis Scott","Diamonds Dancing (feat. Travis Scott)","300 Entertainment",24,-1,1,"4263440"
25,"spotify:track:4eNOLmx8r2IJAVKvBBL1jv","Lil Tjay, Polo G, Fivio Foreign","Headshot (feat. Polo G & Fivio Foreign)","Columbia",18,23,5,"4023042"
26,"spotify:track:7FGdjbZ32vMybPuP0IuE7d","Pooh Shiesty, Lil Durk","Back in Blood (feat. Lil Durk)","Atlantic Records",9,26,15,"3953997"
27,"spotify:track:0VjIjW4GlUZAMYd2vXMi3b","The Weeknd","Blinding Lights","Republic Records",1,29,73,"3770833"
28,"spotify:track:2CYVETnhM9aytqrazYYwrK","Taylor Swift","Mr. Perfectly Fine (Taylor’s Version) (From The Vault)","Taylor Swift",6,6,3,"3699483"
29,"spotify:track:1nahzW3kfMuwReTka28tH5","Justin Bieber","Hold On","RBMG/Def Jam",3,32,7,"3637932"
30,"spotify:track:27OeeYzk6klgBh83TSvGMA","The Kid LAROI","WITHOUT YOU","Columbia",8,36,23,"3380730"
31,"spotify:track:1VLtjHwRWOVJiE5Py7JxoQ","Polo G","Martin & Gina","Columbia",23,41,38,"3350671"
32,"spotify:track:4jPy3l0RUwlUI9T5XHBW2m","24kGoldn, iann dior","Mood (feat. iann dior)","Records/Columbia",2,38,37,"3344169"
33,"spotify:track:1dg3qy5DjoJodawfOCgrTP","Lil Tjay, Offset, Moneybagg Yo","Run It Up (feat. Offset & Moneybagg Yo)","Columbia",28,47,3,"3105302"
34,"spotify:track:6fRxMU4LWwyaSSowV441IU","Maroon 5, Megan Thee Stallion","Beautiful Mistakes (feat. Megan Thee Stallion)","Interscope Records*",33,52,6,"3082271"
35,"spotify:track:16eZmQoeajKH8G2nPe2chk","Young Stoner Life, Young Thug, Yung Kayo, Lil Uzi Vert","Proud of You (feat. Lil Uzi Vert & Yung Kayo)","300 Entertainment",35,-1,1,"3076679"
36,"spotify:track:4Iedi94TIaB2GGb1nMB68v","Lil Baby","On Me","Quality Control Music/Motown Records",28,42,20,"2992604"
37,"spotify:track:2QjOHCTQ1Jl3zawyYOpxh6","The Neighbourhood","Sweater Weather","Columbia",19,50,35,"2957611"
38,"spotify:track:7hxHWCCAIIxFLCzvDgnQHX","Internet Money, Gunna, Don Toliver, NAV","Lemonade (feat. NAV)","Internet Money Records / TenThousand Projects",1,51,36,"2877239"
39,"spotify:track:7kDUspsoYfLkWnZR7qwHZl","Machine Gun Kelly, blackbear","my ex's best friend (with blackbear)","Bad Boy/Interscope Records",11,54,37,"2854121"
40,"spotify:track:7HsjuVBM93Z2RoxjpWLgTT","Rod Wave, Polo G","Richer (feat. Polo G)","Alamo",20,45,4,"2738116"
41,"spotify:track:5uEYRdEIh9Bo4fpjDd4Na9","Travis Scott, HVME","Goosebumps - Remix","Cactus Jack/Epic",36,53,14,"2735636"
42,"spotify:track:7ytR5pFWmSjzHJIeQkgog4","DaBaby, Roddy Ricch","ROCKSTAR (feat. Roddy Ricch)","South Coast Music Group/Interscope Records",1,56,53,"2728656"
43,"spotify:track:0PvFJmanyNQMseIFrU708S","Pop Smoke, Lil Baby, DaBaby","For The Night (feat. Lil Baby & DaBaby)","Victor Victor Worldwide",2,55,42,"2680436"
44,"spotify:track:1v1oIWf2Xgh54kIWuKsDf6","AURORA","Runaway","Glassnote Entertainment Group LLC",44,130,2,"2624288"
45,"spotify:track:6toQdWWc4noiOk3Eo5mVDS","SpotemGottem, DaBaby","Beat Box 3 (feat. DaBaby)","Rebel Music PS",33,63,8,"2607011"
46,"spotify:track:4Oun2ylbjFKMPTiaSbbCih","Cardi B, Megan Thee Stallion","WAP (feat. Megan Thee Stallion)","Atlantic/KSR",1,60,37,"2584259"
47,"spotify:track:2SAqBLGA283SUiwJ3xOUVI","Drake, Lil Durk","Laugh Now Cry Later (feat. Lil Durk)","OVO",2,62,36,"2578148"
48,"spotify:track:1tkg4EHVoqnhR6iFEXb60y","Pop Smoke","What You Know Bout Love","Victor Victor Worldwide",6,58,34,"2576535"
49,"spotify:track:4yyX2Iu4xJjW9xMvBZKSBi","Demi Lovato, Ariana Grande","Met Him Last Night (feat. Ariana Grande)","Island Records",21,39,3,"2566349"
50,"spotify:track:6vFsBXYczYsP0H3lgunZOm","Beach Bunny","Cloud 9","Mom+Pop",50,64,6,"2519564"
51,"spotify:track:6Im9k8u9iIzKMrmV7BWtlF","Ariana Grande","34+35","Republic Records",2,69,25,"2508842"
52,"spotify:track:2WnAKZefdRHxtBEkRjFOHC","Justin Bieber","Anyone","RBMG/Def Jam",2,68,16,"2491897"
53,"spotify:track:0RiRZpuVRbi7oqRdSMwhQY","Post Malone, Swae Lee","Sunflower - Spider-Man: Into the Spider-Verse","Republic Records",1,71,131,"2461068"
54,"spotify:track:4VXIryQMWpIdGgYR4TrjT1","Juice WRLD","All Girls Are The Same","Juice WRLD Mixtape / ISR P&D",13,72,156,"2451718"
55,"spotify:track:45bE4HXI0AwGZXfZtMp8JR","Tate McRae","you broke me first","RCA Records Label",16,79,40,"2414542"
56,"spotify:track:21jGcNKet2qwijlDFuPiPb","Post Malone","Circles","Republic Records",1,77,86,"2384213"
57,"spotify:track:3GkEnNf2RWmdwkA2FfjQ3g","Young Stoner Life, Young Thug, Rowdy Rebel","Came and Saw (feat. Rowdy Rebel)","300 Entertainment",57,-1,1,"2376553"
58,"spotify:track:2U5WueTLIK5WJLD7mvDODv","Juice WRLD","Wishing Well","Grade A Productions/Interscope Records",1,83,41,"2371262"
59,"spotify:track:2Y0wPrPQBrGhoLn14xRYCG","Juice WRLD, Marshmello","Come & Go (with Marshmello)","Grade A Productions/Interscope Records",1,86,41,"2351115"
60,"spotify:track:4KIkADzoVm3A10E9qyjsQ5","42 Dugg, Roddy Ricch","4 Da Gang (with Roddy Ricch)","NEW CMG 42 Dugg P&D",60,65,3,"2345848"
61,"spotify:track:7Bk0uXKk1uPT0XuQbpFzvs","Los Legendarios, Wisin, Jhayco","Fiel","La Base Music Group/ WK Records",61,96,3,"2344424"
62,"spotify:track:285pBltuF7vW8TeWk8hdRR","Juice WRLD","Lucid Dreams","Juice WRLD Mixtape / ISR P&D",1,88,155,"2343067"
63,"spotify:track:6Xgq7MvZiet0hVi3KaDSgJ","Justin Bieber, Chance the Rapper","Holy (feat. Chance The Rapper)","RBMG/Def Jam",3,70,31,"2341340"
64,"spotify:track:6UelLqGlWMcVH1E5c4H7lY","Harry Styles","Watermelon Sugar","Columbia",4,85,75,"2333269"
65,"spotify:track:6IBcOGPsniK3Pso1wHIhew","Luke Combs","Forever After All","River House Artists/Columbia Nashville",2,98,26,"2330318"
66,"spotify:track:0ZLuW8uOXdFNWcI40C0OC2","Jack Harlow, Tory Lanez, DaBaby, Lil Wayne","Whats Poppin (feat. DaBaby, Tory Lanez & Lil Wayne) [Remix] - Bonus Track","Generation Now/Atlantic",2,90,44,"2329088"
67,"spotify:track:1J14CdDAvBTE1AJYUOwl6C","Duncan Laurence","Arcade","Universal Music, a division of Universal International Music BV",63,94,10,"2280758"
68,"spotify:track:35mvY5S1H3J2QZyna3TFe0","Ariana Grande","positions","Republic Records",1,73,26,"2271068"
69,"spotify:track:54bFM56PmE4YLRnqpW6Tha","Billie Eilish","Therefore I Am","Darkroom/Interscope Records",1,92,23,"2270395"
70,"spotify:track:161DnLWsx1i3u1JT05lzqU","Bruno Mars","Talking to the Moon","Atlantic Records",70,104,5,"2269858"
71,"spotify:track:2XIc1pqjXV3Cr2BQUGNBck","Bad Bunny, ROSALÍA","LA NOCHE DE ANOCHE","Rimas Entertainment LLC",18,113,21,"2269455"
72,"spotify:track:1diS6nkxMQc3wwC4G1j0bh","Dua Lipa","We're Good","Warner Records",20,81,10,"2232613"
73,"spotify:track:22LAwLoDA5b4AaGSkg6bKW","Lil Mosey","Blueberry Faygo","Mogul Vision/Interscope Records",2,95,63,"2216249"
74,"spotify:track:0ofHAoxe9vBkTCp2UQIavz","Fleetwood Mac","Dreams - 2004 Remaster","Rhino/Warner Records",6,102,33,"2211143"
75,"spotify:track:2Lhdl74nwwVGOE2Gv35QuK","Gym Class Heroes","Cupid's Chokehold / Breakfast in America","Decaydance/Fueled By Ramen/ATL",44,91,7,"2197646"
76,"spotify:track:62vpWI1CHwFy7tMIcSStl8","J. Cole","No Role Modelz","Roc Nation Records LLC",64,101,167,"2184469"
77,"spotify:track:7qEHsqek33rTcFNT9PFqLf","Lewis Capaldi","Someone You Loved","Vertigo Berlin",6,99,104,"2182809"
78,"spotify:track:6F2r4HgpJnvKDmkN6JEN6J","Justin Bieber, Khalid","As I Am (feat. Khalid)","RBMG/Def Jam",2,61,5,"2180168"
79,"spotify:track:6YvqWjhGD8mB5QXcbcUKtx","Taylor Swift","Love Story (Taylor’s Version)","Taylor Swift",3,15,7,"2169635"
80,"spotify:track:5pRTz4O2qOkr5nawemy6Wb","Rod Wave","Tombstone","Alamo",30,84,4,"2163455"
81,"spotify:track:1t9WgS8FN0534tLBRwbaxO","CJ","Whoopty","Warner Records",4,78,26,"2113038"
82,"spotify:track:3JKgcAa7r07ocVWcV8bS0H","Polo G","21","Columbia",42,110,48,"2110595"
83,"spotify:track:6Hj9jySrnFppAI0sEMCZpJ","Juice WRLD","Robbery","Grade A Productions/Interscope Records",3,108,114,"2085404"
84,"spotify:track:3PfIrDoz19wz7qK7tYeu62","Dua Lipa","Don't Start Now","Warner Records",5,115,73,"2081576"
85,"spotify:track:6f3Slt0GbA2bPZlz0aIFXN","Tiësto","The Business","Atlantic Records",69,111,14,"2080214"
86,"spotify:track:2bo0HCDcZj8BYjoht9zYgk","Moneybagg Yo","Time Today","CMG/N-Less/Interscope Records",70,75,10,"2068406"
87,"spotify:track:0nbXyq5TXYPCO7pr3N8S4I","Roddy Ricch","The Box","Atlantic Records",1,107,72,"2052690"
88,"spotify:track:5E30LdtzQTGqRvNd7l6kG5","The Neighbourhood","Daddy Issues","Columbia",59,119,32,"2034359"
89,"spotify:track:3cBsEDNhFI9E82vPj3kvi3","Morgan Wallen","Wasted On You","Big Loud / Republic",3,109,15,"2033122"
90,"spotify:track:5FQPpxOXsvkMN6v18gtpwY","AJR","Bang!","BMG Rights Management (US) LLC",48,97,33,"2032286"
91,"spotify:track:4xqrdfXkTW4T0RauPLv3WA","Conan Gray","Heather","Republic Records",9,117,42,"1994750"
92,"spotify:track:03ERnTvSV5fy8WAyvA4uNP","Kevin Gates","Big Gangsta","Bread Winners' Association",64,121,8,"1976857"
93,"spotify:track:3K07bGe8iljQ3mOKArHLDo","Chris Stapleton","Starting Over","Mercury Nashville",43,-1,10,"1963963"
94,"spotify:track:2GiJYvgVaD2HtM8GqD9EgQ","BØRNS","Electric Love","UMGRI Interscope",44,122,43,"1959574"
95,"spotify:track:6gBFPUFcJLzWGx4lenP6h2","Travis Scott","goosebumps","Cactus Jack / Epic",8,120,225,"1956547"
96,"spotify:track:5hChuUMe5iHfjkXgzj1D4b","Mooski","Track Star","Capitol Records",89,116,5,"1952361"
97,"spotify:track:0A1hoCfMLkiAgvhWkkucJa","Megan Thee Stallion","Body","300 Entertainment",13,114,22,"1935429"
98,"spotify:track:2z0IupRlVRlDN5r2IVqHyN","Twenty One Pilots","Shy Away","Fueled By Ramen",44,44,2,"1930460"
99,"spotify:track:1K5KBOgreBi5fkEHvg5ap3","Future, Drake","Life Is Good (feat. Drake)","Epic/Freebandz",2,124,67,"1905808"
100,"spotify:track:78p1rF7xx1snnaKxtUzBHn","YBN Nahmir, 21 Savage","Opp Stoppa (feat. 21 Savage)","Art@War/Atlantic Records",46,118,13,"1881124"
101,"spotify:track:6AGOKlMZWLCaEJGnaROtF9","Ritt Momney","Put Your Records On","Columbia",16,133,32,"1876694"
102,"spotify:track:003vvx7Niy0yvhvHt4a68B","The Killers","Mr. Brightside","Island Records",102,126,38,"1861531"
103,"spotify:track:2mt1IqcFyY1zmYZT8Q3xw9","blackbear","hot girl bummer","Alamo",4,131,87,"1857342"
104,"spotify:track:0rKtyWc8bvkriBthvHKY8d","Joji","SLOW DANCING IN THE DARK","88rising Music/Warner Records",29,132,135,"1844030"
105,"spotify:track:0GqaZ1L5KAXMNngAZbGvLf","Young Stoner Life, Young Thug, Gunna, YTB Trench, Lil Baby","Paid the Fine (feat. Lil Baby & YTB Trench)","300 Entertainment",105,-1,1,"1820666"
106,"spotify:track:0uxSUdBrJy9Un0EYoBowng","Lil Uzi Vert","20 Min","Generation Now/Atlantic",93,137,63,"1817388"
107,"spotify:track:3JYxIozjRsvEmHrIvfFhud","Rod Wave","Street Runner","Alamo",26,103,6,"1809561"
108,"spotify:track:11ZulcYY4lowvcQm4oe3VJ","Ashnikko, Princess Nokia","Slumber Party (feat. Princess Nokia)","Parlophone UK",108,129,4,"1804419"
109,"spotify:track:6foY66mWZN0pSRjZ408c00","Morgan Wallen","Whiskey Glasses","Big Loud Records",59,140,104,"1803948"
110,"spotify:track:0ky8syPEVEfD7qCxMTW49X","Young Stoner Life, Young Thug, Gunna, Lil Duke, Yak Gotti","Slatty (feat. Yak Gotti & Lil Duke)","300 Entertainment",110,-1,1,"1794562"
111,"spotify:track:7eX3um6NpOQKWJMGCi97XD","Lil Baby, EST Gee","Real As It Gets (feat. EST Gee)","Quality Control Music/Motown Records",29,125,7,"1789032"
112,"spotify:track:3w1WjD2zJqjBjDz5fwqQPJ","Jack Harlow","Tyler Herro","Generation Now/Atlantic",9,139,26,"1781775"
113,"spotify:track:0GO8y8jQk1PkHzS31d699N","GROUPLOVE","Tongue Tied","Canvasback/ATL",107,145,49,"1773504"
114,"spotify:track:2gMXnyrvIjhVBUZwvLZDMP","Lewis Capaldi","Before You Go","Vertigo Berlin",42,150,74,"1758851"
115,"spotify:track:3hLuHKzG1cmlRpq53ZVWd8","Gabby Barrett","The Good Ones","Warner Music Nashville",115,184,3,"1753293"
116,"spotify:track:7fBv7CLKzipRk6EC6TWHOB","The Weeknd","The Hills","Universal Republic Records",27,148,26,"1744832"
117,"spotify:track:7m9OqQk4RVRkw9JJdeAw96","XXXTENTACION","Jocelyn Flores","Bad Vibes Forever / EMPIRE",3,146,191,"1729074"
118,"spotify:track:03m2VS3eYqKwbHvEykTYl5","iann dior, Trippie Redd","shots in the dark","10K Projects",118,-1,1,"1727891"
119,"spotify:track:6Ozh9Ok6h4Oi1wUSLtBseN","DaBaby","BOP","South Coast Music Group/Interscope Records",3,144,82,"1722042"
120,"spotify:track:79s5XnCN4TJKTVMSmOx8Ep","Pop Smoke","Dior","Victor Victor Worldwide/Republic Records",18,142,58,"1721797"
121,"spotify:track:3jjujdWJ72nww5eGnfs2E7","Harry Styles","Adore You","Columbia",3,152,72,"1701876"
122,"spotify:track:3JVTsvTldB6arHVlmxmTnM","24kGoldn, Future","Company (feat. Future)","Records/Columbia",122,143,4,"1698225"
123,"spotify:track:4CHpVfAhuxNJ3ibExe6kxO","Taylor Swift, Maren Morris","You All Over Me (feat. Maren Morris) (Taylor’s Version) (From The Vault)","Taylor Swift",17,34,4,"1696429"
124,"spotify:track:4FRW5Nza1Ym91BGV4nFWXI","Drake, Rick Ross","Lemon Pepper Freestyle (feat. Rick Ross)","OVO",3,127,7,"1694592"
125,"spotify:track:6EDO9iiTtwNv6waLwa1UUq","DJ Khaled, Drake","POPSTAR (feat. Drake)","OVO/We The Best/Epic",4,153,40,"1688296"
126,"spotify:track:4aarlAfLKVCTxUDNgbwhjH","Megan Thee Stallion, DaBaby","Cry Baby (feat. DaBaby)","300 Entertainment",36,141,20,"1685582"
127,"spotify:track:1KixkQVDUHggZMU9dUobgm","Ava Max","My Head & My Heart","Atlantic Records",117,155,8,"1683669"
128,"spotify:track:2cc8Sw1OnCuA5bV8nqWqpE","Regard, Troye Sivan, Tate McRae","You","Ministry of Sound Recordings",128,-1,1,"1683212"
129,"spotify:track:5OELUCYgOHKFAvCERnAvfS","Morgan Wallen","More Than My Hometown","Big Loud / Republic",21,154,52,"1671233"
130,"spotify:track:6Gg1gjgKi2AK4e0qzsR7sd","Juice WRLD, YoungBoy Never Broke Again","Bandit (with YoungBoy Never Broke Again)","Grade A Productions/Interscope Records",2,192,81,"1667163"
131,"spotify:track:6uFn47ACjqYkc0jADwEdj1","Polo G, Lil Tjay","Pop Out (feat. Lil Tjay)","Columbia",8,167,87,"1655188"
132,"spotify:track:0uRrG2jRR5tuifsYIJHEao","Morgan Wallen","Sand In My Boots","Big Loud / Republic",13,151,15,"1653322"
133,"spotify:track:57RA3JGafJm5zRtKJiKPIm","Wallows, Clairo","Are You Bored Yet? (feat. Clairo)","Atlantic Records",70,159,49,"1651136"
134,"spotify:track:7FIWs0pqAYbP91WWM0vlTQ","Eminem, Juice WRLD","Godzilla (feat. Juice WRLD)","Shady/Aftermath/Interscope Records",2,158,65,"1648814"
135,"spotify:track:0fea68AdmYNygeTGI4RC18","J Balvin, Bad Bunny","LA CANCIÓN","Universal Music Latino / Rimas",43,-1,33,"1643512"
136,"spotify:track:2r6OAV3WsYtXuXjvJ1lIDi","Pop Smoke, A Boogie Wit da Hoodie","Hello (feat. A Boogie Wit da Hoodie)","Victor Victor Worldwide",31,149,33,"1637683"
137,"spotify:track:7eJMfftS33KTjuF7lTsMCx","Powfu, beabadoobee","death bed (coffee for your head)","Columbia",9,156,62,"1636888"
138,"spotify:track:2rxQMGVafnNaRaXlRMWPde","Luke Combs","Beautiful Crazy","River House Artists/Columbia Nashville",61,172,143,"1630396"
139,"spotify:track:7GX5flRQZVHRAGd6B4TmDO","Lil Uzi Vert","XO Tour Llif3","Generation Now/Atlantic",2,162,210,"1629460"
140,"spotify:track:0u2P5u6lvoDfwTYjAADbn4","Billie Eilish, Khalid","lovely (with Khalid)","Darkroom",24,161,156,"1628252"
141,"spotify:track:1kBx9VGumfuvlfqdlAGorE","Eric Church","Hell Of A View","EMI Music Nashville (ERN)",141,-1,1,"1622447"
142,"spotify:track:6K4t31amVTZDgR3sKmwUJJ","Tame Impala","The Less I Know The Better","Universal Music Australia Pty. Ltd.",117,164,81,"1620446"
143,"spotify:track:51pshtuYkgUQnt5huMPbKL","Mac Miller, Empire of the Sun","The Spins","Rostrum Records",135,169,8,"1618377"
144,"spotify:track:26UxwWl9xCb83OynXELJcL","DaBaby","Masterpiece","South Coast Music Group/Interscope Records",63,174,14,"1618141"
145,"spotify:track:5mCPDVBb16L4XQwDdbRUpz","Drake","Passionfruit","Cash Money Records/Young Money Ent./Universal Rec.",1,-1,67,"1615216"
146,"spotify:track:43CIWpJaJHRcI4mUSjqgc2","Juice WRLD, Young Thug","Bad Boy (with Young Thug)","Grade A Productions/Interscope Records",3,168,14,"1612678"
147,"spotify:track:5RubKOuDoPn5Kj5TLVxSxY","Bad Bunny","TE MUDASTE","Rimas Entertainment LLC",22,-1,10,"1610840"
148,"spotify:track:2CdTLdDjwZdVcm0bresVWx","J Balvin, Khalid","Otra Noche Sin Ti","Sueños Globales, LLC",67,67,2,"1603993"
149,"spotify:track:6zFMeegAMYQo0mt8rXtrli","Lil Nas X","HOLIDAY","Columbia",14,136,23,"1600513"
150,"spotify:track:2JvzF1RMd7lE3KmFlsyZD8","J. Cole","MIDDLE CHILD","Dreamville, Inc., Under exclusive license to Roc Nation Records",1,170,116,"1599113"
151,"spotify:track:1IIKrJVP1C9N7iPtG6eOsK","Chris Brown, Young Thug","Go Crazy","Chris Brown Entertainment/300 Entertainment/RCA Records",20,175,48,"1587747"
152,"spotify:track:0lkQOB949M2gLyut86aJ1b","Cage The Elephant","Cigarette Daydreams","RCA Records Label",148,181,9,"1578422"
153,"spotify:track:58ge6dfP91o9oXMzq3XkIS","Arctic Monkeys","505","Domino/Warner Records",129,190,16,"1575078"
154,"spotify:track:3S8jK1mGzQi24ilFb45DAZ","Justin Bieber, benny blanco","Lonely (with benny blanco)","RBMG/Def Jam",8,160,25,"1570934"
155,"spotify:track:2kS6td1yvmpNgZTt1q5pQq","Mother Mother","Hayloft","Last Gang",64,165,17,"1561107"
156,"spotify:track:4obHzpwGrjoTuZh2DItEMZ","Morgan Wallen","7 Summers","Big Loud / Republic",3,176,36,"1554662"
157,"spotify:track:2xLMifQCjDGFmkHkpNLD9h","Travis Scott","SICKO MODE","Cactus Jack / Epic",1,188,139,"1552071"
158,"spotify:track:3eekarcy7kvN4yt5ZFzltW","Travis Scott","HIGHEST IN THE ROOM","Cactus Jack/Epic",1,183,81,"1552027"
159,"spotify:track:1yOL7ZiXGx5ULeLoktAUAg","MARINA","Bubblegum Bitch","Atlantic Records UK",159,196,2,"1550274"
160,"spotify:track:0mKnuxVkPi5h0kuvZl44VM","Morgan Wallen","Cover Me Up","Big Loud / Republic",30,185,28,"1542829"
161,"spotify:track:5f1joOtoMeyppIcJGZQvqJ","Kane Brown, Swae Lee, Khalid","Be Like That - feat. Swae Lee & Khalid","RCA Records Label Nashville",25,195,39,"1536386"
162,"spotify:track:2iUmqdfGZcHIhS3b9E9EWq","Neon Trees","Everybody Talks","Mercury Records",154,187,8,"1533858"
163,"spotify:track:78QR3Wp35dqAhFEc2qAGjE","Lil Baby, Gunna","Drip Too Hard (Lil Baby & Gunna)","Quality Control Music/Young Stoner Life Records, a 300 Entertainment Label/Motown Records/Capitol Records",1,193,134,"1526476"
164,"spotify:track:7E2C5rBLpCKwQlhJPVFBRS","Yung Bleu, Drake","You're Mines Still (feat. Drake)","Moon Boy University / EMPIRE",97,173,13,"1525554"
165,"spotify:track:3QzAOrNlsabgbMwlZt7TAY","Mustard, Roddy Ricch","Ballin' (with Roddy Ricch)","10 Summers Records/Interscope Records",11,177,90,"1524819"
166,"spotify:track:3fqwjXwUGN6vbzIwvyFMhx","Chris Stapleton","Tennessee Whiskey","Mercury Nashville",144,178,19,"1524379"
167,"spotify:track:42lqBjPYlmL1EXpMDXvhSN","Morgan Wallen","Somebody’s Problem","Big Loud / Republic",4,180,22,"1522176"
168,"spotify:track:527k23H0A4Q0UJN3vGs0Da","Don Toliver","After Party","We Run It Ent./Cactus Jack/Atlantic",13,182,54,"1520041"
169,"spotify:track:2ePtv8MlBO9nuuXABqAfEX","ElyOtto","SugarCrash!","Otto Dynamite/RCA Records",51,128,9,"1519285"
170,"spotify:track:4saklk6nie3yiGePpBwUoc","BTS","Dynamite","BIGHIT MUSIC",4,186,35,"1516850"
171,"spotify:track:3ee8Jmje8o58CHK66QrVC2","XXXTENTACION","SAD!","Bad Vibes Forever, LLC",1,191,162,"1514320"
172,"spotify:track:5rZlwNFl01HqLWBQGryKSm","Pop Smoke, Lil Tjay","Mood Swings (feat. Lil Tjay)","Victor Victor Worldwide",10,166,42,"1513076"
173,"spotify:track:472vIK1ldetTxRxG3ovaiY","Dan + Shay","Glad You Exist","Warner Music Nashville",64,135,7,"1512127"
174,"spotify:track:7sO5G9EABYOXQKNPNiE9NR","Offset, Metro Boomin","Ric Flair Drip (with Metro Boomin)","Slaughter Gang, LLC/Epic/Quality Control Music/Motown/Capitol/Boominati Worldwide/Republic",4,-1,112,"1507358"
175,"spotify:track:30bqVoKjX479ab90a8Pafp","Lil Peep","Star Shopping","Lil Peep",101,-1,32,"1504154"
176,"spotify:track:5IUtvfNvOyVYZUa6AJFrnP","Ty Dolla $ign, Post Malone","Spicy (feat. Post Malone)","Atlantic Records",14,189,20,"1500298"
177,"spotify:track:0I1eFRytp4XRhLCjT6tZm7","Roar","I Can't Handle Change","Felt Forest Records",177,-1,1,"1497033"
178,"spotify:track:3dYD57lRAUcMHufyqn9GcI","Hozier","Take Me to Church","Columbia",141,199,14,"1488495"
179,"spotify:track:4bHsxqR3GMrXTxEPLuK5ue","Journey","Don't Stop Believin' (2022 Remaster)","Columbia/Legacy",172,-1,18,"1472039"
180,"spotify:track:2FSGUA0gFgGeQdprjtGM2M","KAROL G, Mariah Angeliq","EL MAKINON","UMLE - Latino",180,-1,1,"1470145"
181,"spotify:track:3Uo7WG0vmLQ07WB4BDwy7D","Taylor Swift","willow","Taylor Swift",1,171,19,"1467401"
182,"spotify:track:5byWPNSh2hi0ULmDxBgLyV","Coi Leray, Pooh Shiesty","BIG PURR (Prrdd) (feat. Pooh Shiesty)","Republic Records",157,157,2,"1464863"
183,"spotify:track:1ZMiCix7XSAbfAJlEZWMCp","Harry Styles","Falling","Columbia",11,-1,67,"1463595"
184,"spotify:track:75ZvA4QfFiZvzhj2xkaWAh","Post Malone","I Fall Apart","Universal Records",2,200,180,"1461910"
185,"spotify:track:0JJP0IS4w0fJx01EcrfkDe","All Time Low","Dear Maria, Count Me In","Hopeless Records",90,-1,8,"1460643"
186,"spotify:track:0zLCBJZSiELJf02ucPP9wb","SAINt JHN, Imanbek","Roses - Imanbek Remix","Craft Recordings",5,-1,60,"1459633"
187,"spotify:track:5MwynWK9s4hlyKHqhkNn4A","Morgan Wallen","Chasin' You","Big Loud Records",55,-1,57,"1456313"
188,"spotify:track:5uCax9HTNlzGybIStD3vDh","James Arthur","Say You Won't Let Go","Columbia",15,-1,144,"1456243"
189,"spotify:track:2kJwzbxV2ppxnQoYw4GLBZ","JP Saxe, Julia Michaels","If the World Was Ending (feat. Julia Michaels)","Arista Records",47,-1,74,"1453036"
190,"spotify:track:7B3z0ySL9Rr0XvZEAjWZzM","Clairo","Sofia","FADER Label",27,-1,30,"1448855"
191,"spotify:track:0wXuerDYiBnERgIpbb3JBR","Childish Gambino","Redbone","Glassnote Entertainment Group LLC",9,-1,95,"1448828"
192,"spotify:track:2HbKqm4o0w5wEeEFXm2sD4","Kendrick Lamar, Jay Rock","Money Trees","Aftermath",88,-1,28,"1443293"
193,"spotify:track:1xMvdOFQaql3EBkHmuh2TK","LPB Poody","Batman","Chameleon Entertainment/Interscope Records",109,198,7,"1442617"
194,"spotify:track:2rPHUAeUPbNgTmK18FPTiZ","The Kid LAROI, Juice WRLD","GO (feat. Juice WRLD)","Columbia",15,-1,44,"1439991"
195,"spotify:track:5SWnsxjhdcEDc7LJjq9UHk","21 Savage, Metro Boomin","Runnin","Slaughter Gang, LLC/Epic/Boominati Worldwide/Republic",3,-1,28,"1436769"
196,"spotify:track:2IVsRhKrx8hlQBOWy4qebo","Ricky Montgomery","Mr. Loverman","Warner Records",155,-1,19,"1433662"
197,"spotify:track:1xqRKo0SDFDO5Jy8yEVD0X","DUSTY LOCANE","ROLLIN N CONTROLLIN FREESTYLE","95MM / EMPIRE",54,163,10,"1432161"
198,"spotify:track:2wrJq5XKLnmhRXHIAf9xBa","Dan + Shay, Justin Bieber","10,000 Hours (with Justin Bieber)","Warner Music Nashville",2,-1,69,"1429298"
199,"spotify:track:1Cv1YLb4q0RzL6pybtaMLo","Surfaces","Sunday Best","Surfaces Music / TenThousand Projects, LLC",14,-1,61,"1429237"
200,"spotify:track:696DnlkuDOXcMAnKlTgXXK","Arizona Zervas","ROXANNE","Arizona Zervas",1,-1,76,"1420583"
