﻿rank,uri,artist_names,track_name,source,peak_rank,previous_rank,weeks_on_chart,streams
1,"spotify:track:7lPN2DXiMsVn7XUKtOW1CS","Olivia Rodrigo","drivers license","Olivia Rodrigo PS",1,-1,1,"30433574"
2,"spotify:track:3YJJjQPAbDT7mGpX3WtQ9A","SZA","Good Days","Top Dawg Entertainment/RCA Records",1,1,3,"8509564"
3,"spotify:track:3cBsEDNhFI9E82vPj3kvi3","Morgan Wallen","Wasted On You","Big Loud / Republic",3,-1,1,"6198233"
4,"spotify:track:42lqBjPYlmL1EXpMDXvhSN","Morgan Wallen","Somebody’s Problem","Big Loud / Republic",4,49,8,"6064009"
5,"spotify:track:6Im9k8u9iIzKMrmV7BWtlF","Ariana Grande","34+35","Republic Records",2,3,11,"5851219"
6,"spotify:track:3tjFYV6RSFtuktYl3ZtYcq","24kGoldn, iann dior","Mood (feat. iann dior)","Records/Columbia",2,4,23,"5271079"
7,"spotify:track:7hxHWCCAIIxFLCzvDgnQHX","Internet Money, Gunna, Don Toliver, NAV","Lemonade (feat. NAV)","Internet Money Records / TenThousand Projects",1,5,22,"5225242"
8,"spotify:track:5vGLcdRuSbUhD8ScwsGSdA","CJ","Whoopty","CJ Music Group/T-Series",8,8,12,"5104142"
9,"spotify:track:31qCy5ZaophVA81wtlwLc4","Justin Bieber","Anyone","RBMG/Def Jam",2,2,2,"5048192"
10,"spotify:track:27OeeYzk6klgBh83TSvGMA","The Kid LAROI","WITHOUT YOU","Columbia",9,9,9,"4977676"
11,"spotify:track:35mvY5S1H3J2QZyna3TFe0","Ariana Grande","positions","Republic Records",1,7,12,"4862031"
12,"spotify:track:4MzXwWMhyBbmu6hOcLVD49","Bad Bunny, Jhayco","DÁKITI","Rimas Entertainment LLC",1,6,11,"4805000"
13,"spotify:track:0uRrG2jRR5tuifsYIJHEao","Morgan Wallen","Sand In My Boots","Big Loud / Republic",13,-1,1,"4667579"
14,"spotify:track:0VjIjW4GlUZAMYd2vXMi3b","The Weeknd","Blinding Lights","Republic Records",1,10,59,"4546784"
15,"spotify:track:0sKEilrw1GrBlG6qsTCrP4","Morgan Wallen","865","Big Loud / Republic",15,-1,1,"4472000"
16,"spotify:track:5nujrmhLynf4yMoMtj8AQF","Dua Lipa, DaBaby","Levitating (feat. DaBaby)","Warner Records",11,11,15,"4294263"
17,"spotify:track:4obHzpwGrjoTuZh2DItEMZ","Morgan Wallen","7 Summers","Big Loud / Republic",3,74,22,"4252188"
18,"spotify:track:64SCQtbRtmO28ks1QhS3w5","Morgan Wallen","Warning","Big Loud / Republic",18,-1,1,"4209165"
19,"spotify:track:0PvFJmanyNQMseIFrU708S","Pop Smoke, Lil Baby, DaBaby","For The Night (feat. Lil Baby & DaBaby)","Victor Victor Worldwide",2,12,28,"4167992"
20,"spotify:track:54bFM56PmE4YLRnqpW6Tha","Billie Eilish","Therefore I Am","Darkroom/Interscope Records",1,16,9,"4066739"
21,"spotify:track:5OELUCYgOHKFAvCERnAvfS","Morgan Wallen","More Than My Hometown","Big Loud / Republic",21,69,38,"4051549"
22,"spotify:track:2etHQJxIbV0soyPhelVs9Y","Saweetie, Doja Cat","Best Friend (feat. Doja Cat)","ICY/Warner Records",22,-1,1,"3921282"
23,"spotify:track:1tkg4EHVoqnhR6iFEXb60y","Pop Smoke","What You Know Bout Love","Victor Victor Worldwide",6,15,20,"3896967"
24,"spotify:track:3Uo7WG0vmLQ07WB4BDwy7D","Taylor Swift","willow","Taylor Swift",1,14,5,"3879673"
25,"spotify:track:4Oun2ylbjFKMPTiaSbbCih","Cardi B, Megan Thee Stallion","WAP (feat. Megan Thee Stallion)","Atlantic/KSR",1,13,23,"3864294"
26,"spotify:track:5QO79kh1waicV47BqGRL3g","The Weeknd","Save Your Tears","Republic Records",11,-1,7,"3787739"
27,"spotify:track:0A1hoCfMLkiAgvhWkkucJa","Megan Thee Stallion","Body","300 Entertainment",13,17,8,"3785711"
28,"spotify:track:2SAqBLGA283SUiwJ3xOUVI","Drake, Lil Durk","Laugh Now Cry Later (feat. Lil Durk)","OVO",2,18,22,"3757961"
29,"spotify:track:2QjOHCTQ1Jl3zawyYOpxh6","The Neighbourhood","Sweater Weather","Columbia",22,22,21,"3674872"
30,"spotify:track:0mKnuxVkPi5h0kuvZl44VM","Morgan Wallen","Cover Me Up","Big Loud / Republic",30,193,14,"3652437"
31,"spotify:track:2Qz8kpCjxulML39zB6gQxY","Morgan Wallen","Still Goin Down","Big Loud / Republic",31,155,4,"3632999"
32,"spotify:track:3O9lWje3TSupR4vObAg9Yu","Morgan Wallen","Livin’ The Dream","Big Loud / Republic",32,176,3,"3607669"
33,"spotify:track:6zFMeegAMYQo0mt8rXtrli","Lil Nas X","HOLIDAY","Columbia",14,19,9,"3590559"
34,"spotify:track:3kOi5KZTcCOdqFlUjF9CDZ","Morgan Wallen","Neon Eyes","Big Loud / Republic",34,-1,1,"3559514"
35,"spotify:track:5NhcE6cuJjVYyVEKp97zOt","Morgan Wallen","More Surprised Than Me","Big Loud / Republic",35,-1,1,"3518214"
36,"spotify:track:2U5WueTLIK5WJLD7mvDODv","Juice WRLD","Wishing Well","Grade A Productions/Interscope Records",1,21,27,"3437397"
37,"spotify:track:1MX19fnaW1OUQoglWTYaOo","Morgan Wallen","Dangerous","Big Loud / Republic",37,-1,1,"3372238"
38,"spotify:track:57VeLYXrvNxe8Vs18K2M9W","Jack Harlow, Big Sean","Way Out (feat. Big Sean)","Generation Now/Atlantic",24,24,5,"3290205"
39,"spotify:track:4xqrdfXkTW4T0RauPLv3WA","Conan Gray","Heather","Republic Records",9,41,28,"3283086"
40,"spotify:track:45bE4HXI0AwGZXfZtMp8JR","Tate McRae","you broke me first","RCA Records Label",16,36,26,"3213344"
41,"spotify:track:7ytR5pFWmSjzHJIeQkgog4","DaBaby, Roddy Ricch","ROCKSTAR (feat. Roddy Ricch)","South Coast Music Group/Interscope Records",1,20,39,"3178817"
42,"spotify:track:3w1WjD2zJqjBjDz5fwqQPJ","Jack Harlow","Tyler Herro","Generation Now/Atlantic",9,26,12,"3098830"
43,"spotify:track:2Y0wPrPQBrGhoLn14xRYCG","Juice WRLD, Marshmello","Come & Go (with Marshmello)","Grade A Productions/Interscope Records",1,25,27,"3097460"
44,"spotify:track:2NK6dtSujGIyilnEgbw8MX","Morgan Wallen, Ben Burgess","Outlaw (feat. Ben Burgess)","Big Loud / Republic",44,-1,1,"3081474"
45,"spotify:track:4VXIryQMWpIdGgYR4TrjT1","Juice WRLD","All Girls Are The Same","Juice WRLD Mixtape / ISR P&D",13,27,142,"3068101"
46,"spotify:track:6HsXpHn2s6S9arU3Wy7ndc","Morgan Wallen","Whiskey’d My Way","Big Loud / Republic",46,-1,1,"3063159"
47,"spotify:track:01FvQEvHETjWqcDpQDJdTb","Morgan Wallen","Your Bartender","Big Loud / Republic",47,-1,1,"3046624"
48,"spotify:track:4aarlAfLKVCTxUDNgbwhjH","Megan Thee Stallion, DaBaby","Cry Baby (feat. DaBaby)","300 Entertainment",43,43,6,"3004827"
49,"spotify:track:2p6hbwOB2u5hI4Uc8FDNL3","Morgan Wallen","Wonderin’ Bout The Wind","Big Loud / Republic",49,-1,1,"2952293"
50,"spotify:track:22LAwLoDA5b4AaGSkg6bKW","Lil Mosey","Blueberry Faygo","Mogul Vision/Interscope Records",2,23,49,"2917642"
51,"spotify:track:285pBltuF7vW8TeWk8hdRR","Juice WRLD","Lucid Dreams","Juice WRLD Mixtape / ISR P&D",1,38,141,"2877187"
52,"spotify:track:5YSHygGN9D0mID1NsVd5my","Juice WRLD, The Kid LAROI","Reminds Me Of You","Grade A Productions/Interscope Records",28,28,6,"2876601"
53,"spotify:track:1HbA4N1MiOsPthALesGFR1","Shawn Mendes, Justin Bieber","Monster (Shawn Mendes & Justin Bieber)","Shawn Mendes LP4-5 PS/ Island",5,29,8,"2843050"
54,"spotify:track:2r6OAV3WsYtXuXjvJ1lIDi","Pop Smoke, A Boogie Wit da Hoodie","Hello (feat. A Boogie Wit da Hoodie)","Victor Victor Worldwide",32,32,19,"2835282"
55,"spotify:track:0sY6ZUTh4yoctD8VIXz339","Taylor Swift","champagne problems","Taylor Swift",2,30,5,"2825999"
56,"spotify:track:0CfPMZ1DSdzglsMRpLDM2H","Morgan Wallen, Chris Stapleton","Only Thing That’s Gone (feat. Chris Stapleton)","Big Loud / Republic",56,-1,1,"2824234"
57,"spotify:track:4y4spB9m0Q6026KfkAvy9Q","Justin Bieber, benny blanco","Lonely (with benny blanco)","Friends Keep Secrets/Def Jam Recordings/Interscope Records",8,44,13,"2803037"
58,"spotify:track:4Iedi94TIaB2GGb1nMB68v","Lil Baby","On Me","Quality Control Music/Motown Records",54,54,6,"2800331"
59,"spotify:track:0ZLuW8uOXdFNWcI40C0OC2","Jack Harlow, Tory Lanez, DaBaby, Lil Wayne","Whats Poppin (feat. DaBaby, Tory Lanez & Lil Wayne) [Remix] - Bonus Track","Generation Now/Atlantic",2,31,30,"2784492"
60,"spotify:track:7kDUspsoYfLkWnZR7qwHZl","Machine Gun Kelly, blackbear","my ex's best friend (with blackbear)","Bad Boy/Interscope Records",11,37,23,"2766615"
61,"spotify:track:02MWAaffLxlfxAUY7c5dvx","Glass Animals","Heat Waves","Polydor Records",48,48,7,"2708881"
62,"spotify:track:3UoULw70kMsiVXxW0L3A33","Ariana Grande","pov","Republic Records",8,39,11,"2707101"
63,"spotify:track:6Hj9jySrnFppAI0sEMCZpJ","Juice WRLD","Robbery","Grade A Productions/Interscope Records",3,47,100,"2700310"
64,"spotify:track:0nbXyq5TXYPCO7pr3N8S4I","Roddy Ricch","The Box","Atlantic Records",1,34,58,"2690721"
65,"spotify:track:075qcpR3BnxD5CWUIx1HTr","Morgan Wallen","This Bar","Big Loud / Republic",65,-1,1,"2685069"
66,"spotify:track:53BHUFdQphHiZUUG3nx9zn","AJR","Bang!","BMG Rights Management (US) LLC",56,56,19,"2682941"
67,"spotify:track:4Yxc55NX3tAXC2mHRAhtcW","Olivia Rodrigo, Disney","All I Want - From ""High School Musical: The Musical: The Series""","Walt Disney Records",64,-1,14,"2663471"
68,"spotify:track:3qgPpwtuRu5oP8EtFSj8HE","The Kid LAROI","SO DONE","Columbia",13,46,12,"2641506"
69,"spotify:track:21jGcNKet2qwijlDFuPiPb","Post Malone","Circles","Republic Records",1,35,72,"2561944"
70,"spotify:track:0RiRZpuVRbi7oqRdSMwhQY","Post Malone, Swae Lee","Sunflower - Spider-Man: Into the Spider-Verse","Republic Records",1,51,117,"2516382"
71,"spotify:track:6AGOKlMZWLCaEJGnaROtF9","Ritt Momney","Put Your Records On","Columbia",16,42,18,"2492256"
72,"spotify:track:6UelLqGlWMcVH1E5c4H7lY","Harry Styles","Watermelon Sugar","Columbia",4,33,61,"2478933"
73,"spotify:track:7qEHsqek33rTcFNT9PFqLf","Lewis Capaldi","Someone You Loved","Vertigo Berlin",6,55,90,"2467339"
74,"spotify:track:60ynsPSSKe6O3sfwRnIBRf","Doja Cat","Streets","Kemosabe Records/RCA Records",74,-1,1,"2465749"
75,"spotify:track:5SWnsxjhdcEDc7LJjq9UHk","21 Savage, Metro Boomin","Runnin","Slaughter Gang, LLC/Epic/Boominati Worldwide/Republic",3,57,15,"2448707"
76,"spotify:track:5E30LdtzQTGqRvNd7l6kG5","The Neighbourhood","Daddy Issues","Columbia",61,61,18,"2446401"
77,"spotify:track:4saklk6nie3yiGePpBwUoc","BTS","Dynamite","BIGHIT MUSIC",4,52,21,"2418892"
78,"spotify:track:4Z5FyQlevoHoa5FsIVKZju","DaBaby","PRACTICE","South Coast Music Group/Interscope Records",46,75,13,"2324578"
79,"spotify:track:2XIc1pqjXV3Cr2BQUGNBck","Bad Bunny, ROSALÍA","LA NOCHE DE ANOCHE","Rimas Entertainment LLC",18,63,7,"2323557"
80,"spotify:track:30KctD1WsHKTIYczXjip5a","Kid Cudi","Tequila Shots","Republic Records",10,45,5,"2317256"
81,"spotify:track:2kS6td1yvmpNgZTt1q5pQq","Mother Mother","Hayloft","Last Gang",64,64,3,"2304769"
82,"spotify:track:2Oycxb8QbPkpHTo8ZrmG0B","Miley Cyrus, Dua Lipa","Prisoner (feat. Dua Lipa)","RCA Records Label",16,58,8,"2298994"
83,"spotify:track:5VlTQnZO89Ioku8ssdbqJk","Brent Faiyaz","Dead Man Walking","Lost Kids",71,71,6,"2295206"
84,"spotify:track:1VLtjHwRWOVJiE5Py7JxoQ","Polo G","Martin & Gina","Columbia",23,62,24,"2289228"
85,"spotify:track:2gMXnyrvIjhVBUZwvLZDMP","Lewis Capaldi","Before You Go","Vertigo Berlin",42,70,60,"2256050"
86,"spotify:track:7o4gBbTM6UBLkOYPw9xMCz","DDG, Blueface","Moonwalking in Calabasas (feat. Blueface) - Remix","Epic",40,77,14,"2246133"
87,"spotify:track:6f40eqAkAtDKodipTfThZc","Morgan Wallen","Blame It On Me","Big Loud / Republic",87,-1,1,"2245714"
88,"spotify:track:6RhqlFP8FOZLZ4GWqokALY","Morgan Wallen","Me On Whiskey","Big Loud / Republic",88,-1,1,"2238855"
89,"spotify:track:0ofHAoxe9vBkTCp2UQIavz","Fleetwood Mac","Dreams - 2004 Remaster","Rhino/Warner Records",6,53,19,"2238217"
90,"spotify:track:2shcL1H6lVSrIaCtshedcl","Morgan Wallen","Beer Don’t","Big Loud / Republic",90,-1,1,"2236406"
91,"spotify:track:6ZuahEctZD6w75peme58hm","Shawn Mendes","Wonder","Shawn Mendes LP4-5 PS/ Island",9,65,15,"2233326"
92,"spotify:track:1AGXmKhp5H6d1B2OwZwQdQ","Morgan Wallen","Silverado For Sale","Big Loud / Republic",92,-1,1,"2226410"
93,"spotify:track:1K5KBOgreBi5fkEHvg5ap3","Future, Drake","Life Is Good (feat. Drake)","Epic/Freebandz",2,59,53,"2205596"
94,"spotify:track:2rPHUAeUPbNgTmK18FPTiZ","The Kid LAROI, Juice WRLD","GO (feat. Juice WRLD)","Columbia",15,82,31,"2204427"
95,"spotify:track:0k7wmahjkn389wAZdz19Cv","Future, Lil Uzi Vert","Drankin N Smokin","Generation Now/Atlantic",12,102,9,"2203677"
96,"spotify:track:7m9OqQk4RVRkw9JJdeAw96","XXXTENTACION","Jocelyn Flores","Bad Vibes Forever / EMPIRE",3,78,177,"2194255"
97,"spotify:track:43BlKpJcSrC9AsJ3F1DKg9","Lil Durk, King Von","Still Trappin'","Alamo",66,66,3,"2194242"
98,"spotify:track:5D7PM5yNiHKnU85Y055vvb","Morgan Wallen","Rednecks, Red Letters, Red Dirt","Big Loud / Republic",98,-1,1,"2177350"
99,"spotify:track:55Am8neGJkdj2ADaM3aw5H","James Arthur","Train Wreck","Columbia",62,107,12,"2175987"
100,"spotify:track:4Q34FP1AT7GEl9oLgNtiWj","21 Savage, Metro Boomin, Drake","Mr. Right Now (feat. Drake)","Slaughter Gang, LLC/Epic/Boominati Worldwide/Republic",4,73,15,"2155412"
101,"spotify:track:20McUFi8KCIVdNDLrkTDuZ","HVME","Goosebumps","Columbia/B1 Recordings",101,139,2,"2105542"
102,"spotify:track:7B3z0ySL9Rr0XvZEAjWZzM","Clairo","Sofia","FADER Label",27,67,17,"2100384"
103,"spotify:track:0E4Y1XIbs8GrAT1YqVy6dq","Ed Sheeran","Afterglow","Atlantic Records UK",50,50,3,"2084189"
104,"spotify:track:0AUvWawuP0ibk4SQ3sIZjk","Ashnikko","Daisy","Parlophone UK",40,89,18,"2066936"
105,"spotify:track:7eJMfftS33KTjuF7lTsMCx","Powfu, beabadoobee","death bed (coffee for your head)","Columbia",9,79,48,"2062062"
106,"spotify:track:7vrJn5hDSXRmdXoR30KgF1","KAROL G","BICHOTA","UMLE - Latino",103,103,8,"2044257"
107,"spotify:track:5u1n1kITHCxxp8twBcZxWy","Justin Bieber, Chance the Rapper","Holy (feat. Chance The Rapper)","RBMG/Def Jam",3,68,17,"2043894"
108,"spotify:track:0rKtyWc8bvkriBthvHKY8d","Joji","SLOW DANCING IN THE DARK","88rising Music/Warner Records",29,90,121,"2039483"
109,"spotify:track:78xj07VVFK5uHTaGPIu13S","Erica Banks","Buss It","1501 Certified Ent/Warner Records",109,-1,1,"2018681"
110,"spotify:track:3jjujdWJ72nww5eGnfs2E7","Harry Styles","Adore You","Columbia",3,72,58,"2016874"
111,"spotify:track:5rZlwNFl01HqLWBQGryKSm","Pop Smoke, Lil Tjay","Mood Swings (feat. Lil Tjay)","Victor Victor Worldwide",10,88,28,"2009781"
112,"spotify:track:6IBcOGPsniK3Pso1wHIhew","Luke Combs","Forever After All","River House Artists/Columbia Nashville",2,40,12,"2004072"
113,"spotify:track:62vpWI1CHwFy7tMIcSStl8","J. Cole","No Role Modelz","Roc Nation Records LLC",65,96,153,"2000595"
114,"spotify:track:6foY66mWZN0pSRjZ408c00","Morgan Wallen","Whiskey Glasses","Big Loud Records",59,98,90,"2000309"
115,"spotify:track:2mt1IqcFyY1zmYZT8Q3xw9","blackbear","hot girl bummer","Alamo",4,84,73,"1994746"
116,"spotify:track:6gBFPUFcJLzWGx4lenP6h2","Travis Scott","goosebumps","Cactus Jack / Epic",8,94,211,"1984656"
117,"spotify:track:2GiJYvgVaD2HtM8GqD9EgQ","BØRNS","Electric Love","UMGRI Interscope",44,95,29,"1978802"
118,"spotify:track:2Q6NVIPwqtosYBXQ0C00d0","Morgan Wallen","Country A$$ Shit","Big Loud / Republic",118,-1,1,"1973859"
119,"spotify:track:7Bar1kLTmsRmH6FCKKMEyU","SZA, The Neptunes, Pharrell Williams, Ty Dolla $ign","Hit Different","Top Dawg Entertainment/RCA Records",18,116,11,"1971670"
120,"spotify:track:2X7c8wSJD0urdk9aWzpu5D","Morgan Wallen","Somethin’ Country","Big Loud / Republic",120,-1,1,"1963868"
121,"spotify:track:7bCfHiRcfUjG0YVVNUL7Ve","CORPSE, Savage Ga$p","E-GIRLS ARE RUINING MY LIFE!","CORPSE",59,92,14,"1943222"
122,"spotify:track:7s95nPLMfiLTPoQ7pqUFmO","Popp Hunna, Lil Uzi Vert","Adderall (Corvette Corvette) [feat. Lil Uzi Vert] - Remix","Jay Rebel Music",87,87,3,"1937025"
123,"spotify:track:57RA3JGafJm5zRtKJiKPIm","Wallows, Clairo","Are You Bored Yet? (feat. Clairo)","Atlantic Records",70,97,35,"1926295"
124,"spotify:track:2kJwzbxV2ppxnQoYw4GLBZ","JP Saxe, Julia Michaels","If the World Was Ending (feat. Julia Michaels)","Arista Records",47,100,61,"1926214"
125,"spotify:track:7FIWs0pqAYbP91WWM0vlTQ","Eminem, Juice WRLD","Godzilla (feat. Juice WRLD)","Shady/Aftermath/Interscope Records",2,86,51,"1918777"
126,"spotify:track:1IIKrJVP1C9N7iPtG6eOsK","Chris Brown, Young Thug","Go Crazy","Chris Brown Entertainment/300 Entertainment/RCA Records",20,83,34,"1911575"
127,"spotify:track:7MFuhP7p3fPQc8sYyeWL1x","Morgan Wallen","Quittin’ Time","Big Loud / Republic",127,-1,1,"1909967"
128,"spotify:track:6EDO9iiTtwNv6waLwa1UUq","DJ Khaled, Drake","POPSTAR (feat. Drake)","OVO/We The Best/Epic",4,91,26,"1905125"
129,"spotify:track:6NriykdkRrjQMZo1sfVYUo","Taylor Swift, HAIM","no body, no crime (feat. HAIM)","Taylor Swift",5,76,5,"1883374"
130,"spotify:track:5BK0uqwY9DNfZ630STAEaq","Taylor Swift","gold rush","Taylor Swift",4,80,5,"1881515"
131,"spotify:track:0zLCBJZSiELJf02ucPP9wb","SAINt JHN, Imanbek","Roses - Imanbek Remix","Craft Recordings",5,60,47,"1879017"
132,"spotify:track:6Gg1gjgKi2AK4e0qzsR7sd","Juice WRLD, YoungBoy Never Broke Again","Bandit (with YoungBoy Never Broke Again)","Grade A Productions/Interscope Records",2,110,67,"1859981"
133,"spotify:track:6Ozh9Ok6h4Oi1wUSLtBseN","DaBaby","BOP","South Coast Music Group/Interscope Records",3,111,68,"1840470"
134,"spotify:track:5MwynWK9s4hlyKHqhkNn4A","Morgan Wallen","Chasin' You","Big Loud Records",55,118,44,"1830967"
135,"spotify:track:79s5XnCN4TJKTVMSmOx8Ep","Pop Smoke","Dior","Victor Victor Worldwide/Republic Records",18,112,44,"1826489"
136,"spotify:track:5dOxHHMOFAbG3VH23t0xNm","Juice WRLD","Righteous","Grade A Productions/Interscope Records",2,105,38,"1824772"
137,"spotify:track:3eekarcy7kvN4yt5ZFzltW","Travis Scott","HIGHEST IN THE ROOM","Cactus Jack/Epic",1,122,67,"1823850"
138,"spotify:track:5NvOZCjZaGGGL597exlQWv","Ricky Montgomery","Line Without a Hook","Warner Records",96,142,8,"1820166"
139,"spotify:track:3PfIrDoz19wz7qK7tYeu62","Dua Lipa","Don't Start Now","Warner Records",5,85,59,"1817957"
140,"spotify:track:6J2LdBN97cDWn0MLxYh9HB","Noah Cyrus","July","Records/Columbia",56,156,62,"1817612"
141,"spotify:track:0u2P5u6lvoDfwTYjAADbn4","Billie Eilish, Khalid","lovely (with Khalid)","Darkroom",24,128,142,"1809412"
142,"spotify:track:30bqVoKjX479ab90a8Pafp","Lil Peep","Star Shopping","Lil Peep",107,119,20,"1802837"
143,"spotify:track:1jaTQ3nqY3oAAYyCTbIvnM","Jack Harlow","WHATS POPPIN","Generation Now/Atlantic",6,99,51,"1790634"
144,"spotify:track:45S5WTQEGOB1VHr1Q4FuPl","Harry Styles","Golden","Columbia",21,115,13,"1785135"
145,"spotify:track:7fEoXCZTZFosUFvFQg1BmW","King Von","Took Her To The O","Forever and a Day, LLC / EMPIRE",37,104,10,"1783281"
146,"spotify:track:6eVxH9Kyanzrw636zJRPcw","Lil Baby","Errbody","Quality Control Music/Motown Records",42,173,6,"1781057"
147,"spotify:track:4GBkffrtA51p17JH35irGA","Taylor Swift","‘tis the damn season","Taylor Swift",3,81,5,"1778873"
148,"spotify:track:48q0vSHcJdhK3IiXH8C5WJ","Arctic Monkeys","Why'd You Only Call Me When You're High?","Domino Recording Co",125,125,2,"1775676"
149,"spotify:track:7iUmO03ChCW5VZdaycM4aX","Morgan Wallen","Heartless - Wallen Album Mix","Big Loud / Republic",149,-1,1,"1774270"
150,"spotify:track:527k23H0A4Q0UJN3vGs0Da","Don Toliver","After Party","We Run It Ent./Cactus Jack/Atlantic",13,121,40,"1767044"
151,"spotify:track:3JKgcAa7r07ocVWcV8bS0H","Polo G","21","Columbia",42,134,34,"1760266"
152,"spotify:track:0ada5XsQGLPUVbmTCkAP49","Juice WRLD, Marshmello, The Kid LAROI, Polo G","Hate The Other Side (with Marshmello & The Kid Laroi)","Grade A Productions/Interscope Records",5,120,27,"1756746"
153,"spotify:track:3QzAOrNlsabgbMwlZt7TAY","Mustard, Roddy Ricch","Ballin' (with Roddy Ricch)","10 Summers Records/Interscope Records",11,113,76,"1756133"
154,"spotify:track:1ZMiCix7XSAbfAJlEZWMCp","Harry Styles","Falling","Columbia",11,140,54,"1753028"
155,"spotify:track:696DnlkuDOXcMAnKlTgXXK","Arizona Zervas","ROXANNE","Arizona Zervas",1,108,63,"1742403"
156,"spotify:track:3ee8Jmje8o58CHK66QrVC2","XXXTENTACION","SAD!","Bad Vibes Forever, LLC",1,141,148,"1740750"
157,"spotify:track:6WqvJZloeOpM8DihbMgIRJ","Morgan Wallen","Whatcha Think Of Country Now","Big Loud / Republic",157,-1,1,"1736387"
158,"spotify:track:6gdLyYNuhWBzqwlOFSsXC7","Luke Combs","Better Together","River House Artists/Columbia Nashville",38,133,15,"1734717"
159,"spotify:track:5f1joOtoMeyppIcJGZQvqJ","Kane Brown, Swae Lee, Khalid","Be Like That - feat. Swae Lee & Khalid","RCA Records Label Nashville",25,129,25,"1723069"
160,"spotify:track:7uoFMmxln0GPXQ0AcCBXRq","Sia","Snowman","Monkey Puzzle/Atlantic",34,117,5,"1722790"
161,"spotify:track:0uxSUdBrJy9Un0EYoBowng","Lil Uzi Vert","20 Min","Generation Now/Atlantic",116,136,49,"1708573"
162,"spotify:track:6KfoDhO4XUWSbnyKjNp9c4","Conan Gray","Maniac","Republic Records",73,163,50,"1701098"
163,"spotify:track:6wQlQrTY5mVS8EGaFZVwVF","Juice WRLD, The Weeknd","Smile (with The Weeknd)","Grade A Productions/Interscope Records",2,137,22,"1684352"
164,"spotify:track:3GVkPk8mqxz0itaAriG1L7","XXXTENTACION","Everybody Dies In Their Nightmares","Bad Vibes Forever / EMPIRE",15,143,99,"1680946"
165,"spotify:track:58ge6dfP91o9oXMzq3XkIS","Arctic Monkeys","505","Domino/Warner Records",145,145,2,"1679187"
166,"spotify:track:6gxKUmycQX7uyMwJcweFjp","Lil Baby, 42 Dugg","We Paid (feat. 42 Dugg)","Quality Control/Motown Records",9,138,31,"1679146"
167,"spotify:track:2IVsRhKrx8hlQBOWy4qebo","Ricky Montgomery","Mr. Loverman","Warner Records",155,161,6,"1674884"
168,"spotify:track:7GX5flRQZVHRAGd6B4TmDO","Lil Uzi Vert","XO Tour Llif3","Generation Now/Atlantic",2,149,196,"1670944"
169,"spotify:track:709F3MwiVvLD0LQXeKs5Cz","ZAYN","Vibez","RCA Records Label",169,-1,1,"1665599"
170,"spotify:track:2JvzF1RMd7lE3KmFlsyZD8","J. Cole","MIDDLE CHILD","Dreamville, Inc., Under exclusive license to Roc Nation Records",1,148,102,"1663927"
171,"spotify:track:5CFJRZRq6sdKKtRwNPWbYv","Kid Cudi, Skepta, Pop Smoke","Show Out (with Skepta & Pop Smoke)","Republic Records",24,109,5,"1663921"
172,"spotify:track:1H7KnK26kc1YyellpbINEn","Pop Smoke, 50 Cent, Roddy Ricch","The Woo (feat. 50 Cent & Roddy Ricch)","Victor Victor Worldwide",8,144,26,"1663043"
173,"spotify:track:1Cv1YLb4q0RzL6pybtaMLo","Surfaces","Sunday Best","Surfaces Music / TenThousand Projects, LLC",14,93,50,"1662254"
174,"spotify:track:78QR3Wp35dqAhFEc2qAGjE","Lil Baby, Gunna","Drip Too Hard (Lil Baby & Gunna)","Quality Control Music/Young Stoner Life Records, a 300 Entertainment Label/Motown Records/Capitol Records",1,154,120,"1651274"
175,"spotify:track:2rRJrJEo19S2J82BDsQ3F7","Trevor Daniel","Falling","Alamo",5,146,59,"1633738"
176,"spotify:track:5UmCoA8uugbNcVAfKMW3P2","Morgan Wallen","Need A Boat","Big Loud / Republic",176,-1,1,"1625333"
177,"spotify:track:6K4t31amVTZDgR3sKmwUJJ","Tame Impala","The Less I Know The Better","Universal Music Australia Pty. Ltd.",119,150,67,"1623544"
178,"spotify:track:7AQim7LbvFVZJE3O8TYgf2","XXXTENTACION, Trippie Redd","Fuck Love","Bad Vibes Forever / EMPIRE",8,157,170,"1622899"
179,"spotify:track:5RubKOuDoPn5Kj5TLVxSxY","Bad Bunny","TE MUDASTE","Rimas Entertainment LLC",22,131,6,"1617596"
180,"spotify:track:0e4A9Fak1nJ7RtBD8YpoEo","Lil Eazzyy","Onna Come Up","P2020",112,199,8,"1615923"
181,"spotify:track:1SF8piqsZWn86DajVKih8F","YoungBoy Never Broke Again","Kacey Talk","Never Broke Again, LLC",80,101,19,"1615629"
182,"spotify:track:2rxQMGVafnNaRaXlRMWPde","Luke Combs","Beautiful Crazy","River House Artists/Columbia Nashville",61,147,129,"1613988"
183,"spotify:track:6ft4hAq6yde8jPZY2i5zLr","MEDUZA, Dermot Kennedy","Paradise (feat. Dermot Kennedy)","Universal-Island Records Ltd.",183,185,2,"1613566"
184,"spotify:track:3K07bGe8iljQ3mOKArHLDo","Chris Stapleton","Starting Over","Mercury Nashville",43,124,6,"1591829"
185,"spotify:track:2xLMifQCjDGFmkHkpNLD9h","Travis Scott","SICKO MODE","Cactus Jack / Epic",1,159,125,"1582652"
186,"spotify:track:1nYzjrdVQ8RpF93M0jPFW7","Sara Kays","Remember That Night?","P2021",186,-1,1,"1565096"
187,"spotify:track:5IUtvfNvOyVYZUa6AJFrnP","Ty Dolla $ign, Post Malone","Spicy (feat. Post Malone)","Atlantic Records",14,160,7,"1563587"
188,"spotify:track:0GO8y8jQk1PkHzS31d699N","GROUPLOVE","Tongue Tied","Canvasback/ATL",119,172,35,"1559447"
189,"spotify:track:0q75NwOoFiARAVp4EXU4Bs","SZA, Travis Scott","Love Galore (feat. Travis Scott)","Top Dawg Entertainment/RCA Records",24,-1,58,"1556280"
190,"spotify:track:7ju97lgwC2rKQ6wwsf9no9","Lady Gaga, Ariana Grande","Rain On Me (with Ariana Grande)","Interscope",2,114,29,"1552823"
191,"spotify:track:4umIPjkehX1r7uhmGvXiSV","Justin Bieber, Quavo","Intentions (feat. Quavo)","RBMG/Def Jam",2,126,47,"1549499"
192,"spotify:track:3IJYUaN3tx04S4TYyZHKoP","StaySolidRocky","Party Girl","Columbia",2,151,34,"1548180"
193,"spotify:track:23T0OX7QOiIUFShSzbJ5Uo","Gabby Barrett","I Hope","Warner Music Nashville",72,184,44,"1546222"
194,"spotify:track:7JuHVG3qQKQKxC4doneXVW","Pooh Shiesty, Lil Durk","Back in Blood (feat. Lil Durk)","Atlantic Records",194,-1,1,"1545757"
195,"spotify:track:0PurA4JVJ8YQgSVopY8fn6","Taylor Swift","tolerate it","Taylor Swift",6,127,5,"1541463"
196,"spotify:track:5uCax9HTNlzGybIStD3vDh","James Arthur","Say You Won't Let Go","Columbia",15,182,131,"1539737"
197,"spotify:track:1rgnBhdG2JDFTbYkYRZAku","Tones And I","Dance Monkey","Elektra (NEK)",7,106,70,"1538442"
198,"spotify:track:3nS9a01VvXHQriLqJYwRqG","Gunna, Young Thug","DOLLAZ ON MY HEAD (feat. Young Thug)","300 Entertainment",19,162,31,"1538429"
199,"spotify:track:5wujBwqG7INdStqGd4tRMX","Juice WRLD","Armed And Dangerous","Juice WRLD Mixtape / ISR P&D",9,171,106,"1535151"
200,"spotify:track:2wrJq5XKLnmhRXHIAf9xBa","Dan + Shay, Justin Bieber","10,000 Hours (with Justin Bieber)","Warner Music Nashville",2,177,62,"1532056"
