﻿rank,uri,artist_names,track_name,source,peak_rank,previous_rank,weeks_on_chart,streams
1,"spotify:track:6PERP62TejQjgHu81OHxgM","Olivia Rodrigo","good 4 u","Olivia Rodrigo PS",1,-1,1,"17979786"
2,"spotify:track:1D3z6HTiQsNmZxjl7F7eoG","J. Cole, 21 Savage, Morray","m y . l i f e (with 21 Savage & Morray)","Dreamville, Inc., Under exclusive license to Roc Nation Records",2,-1,1,"14801053"
3,"spotify:track:2cnKST6T9qUo2i907lm8zX","J. Cole","a m a r i","Dreamville, Inc., Under exclusive license to Roc Nation Records",3,-1,1,"13191083"
4,"spotify:track:5W8jRrZ6tWrTrqnKRtIQBf","J. Cole, Lil Baby","p r i d e . i s . t h e . d e v i l (with Lil Baby)","Dreamville, Inc., Under exclusive license to Roc Nation Records",4,-1,1,"13073017"
5,"spotify:track:5R691ipUYRDYW6ehapjoj6","J. Cole","9 5 . s o u t h","Dreamville, Inc., Under exclusive license to Roc Nation Records",5,-1,1,"12066686"
6,"spotify:track:748mdHapucXQri7IAO8yFK","Doja Cat, SZA","Kiss Me More (feat. SZA)","Kemosabe Records/RCA Records",1,1,6,"11352270"
7,"spotify:track:08LwMWf5Tcfsd752EPzFV0","J. Cole","i n t e r l u d e","Dreamville, Inc., Under exclusive license to Roc Nation Records",3,3,2,"10740954"
8,"spotify:track:43PGPuHIlVOc04jrZVh9L6","Polo G","RAPSTAR","Columbia",1,2,6,"9703308"
9,"spotify:track:1d7q712nXjG98HiwHk7HFS","J. Cole","a p p l y i n g . p r e s s u r e","Dreamville, Inc., Under exclusive license to Roc Nation Records",9,-1,1,"9697409"
10,"spotify:track:4n6NDfYake476trCjJRNl0","J. Cole, Bas","1 0 0 . m i l ‘ (with Bas)","Dreamville, Inc., Under exclusive license to Roc Nation Records",10,-1,1,"9289745"
11,"spotify:track:0GAyuCo975IHGxxiLKDufB","J. Cole, Bas, 6LACK","l e t . g o . m y . h a n d (with Bas & 6LACK)","Dreamville, Inc., Under exclusive license to Roc Nation Records",11,-1,1,"9047484"
12,"spotify:track:57ZUX6TNyKLBydAdVVd02x","J. Cole","p u n c h i n ‘ . t h e . c l o c k","Dreamville, Inc., Under exclusive license to Roc Nation Records",12,-1,1,"8599169"
13,"spotify:track:5nujrmhLynf4yMoMtj8AQF","Dua Lipa, DaBaby","Levitating (feat. DaBaby)","Warner Records",6,6,33,"8165813"
14,"spotify:track:61KpQadow081I2AsbeLcsb","Olivia Rodrigo","deja vu","Olivia Rodrigo PS",3,8,7,"7991591"
15,"spotify:track:67BtfxlNbhBmCDR2L2l8qd","Lil Nas X","MONTERO (Call Me By Your Name)","Columbia",1,5,8,"7866020"
16,"spotify:track:5lLNBIyjp72btcnrjBG751","J. Cole","t h e . c l i m b . b a c k","Dreamville, Inc., Under exclusive license to Roc Nation Records",16,-1,7,"7592881"
17,"spotify:track:4iJyoBOLtHqaGxP12qzhQI","Justin Bieber, Daniel Caesar, Giveon","Peaches (feat. Daniel Caesar & Giveon)","RBMG/Def Jam",1,7,9,"7148487"
18,"spotify:track:5BwQjRasNcdRPuVWKcHto2","J. Cole, Bas","h u n g e r . o n . h i l l s i d e (with Bas)","Dreamville, Inc., Under exclusive license to Roc Nation Records",18,-1,1,"7081891"
19,"spotify:track:4YiY551vHi6glMtgVxuqAy","J. Cole","c l o s e","Dreamville, Inc., Under exclusive license to Roc Nation Records",19,-1,1,"6541795"
20,"spotify:track:2BITQ360Knh6qNAOqR7Dyq","Trippie Redd, Playboi Carti","Miss The Rage","Homemade Projects / 10K Projects",4,4,2,"5803972"
21,"spotify:track:3VT8hOC5vuDXBsHrR53WFh","Masked Wolf","Astronaut In The Ocean","Elektra (NEK)",4,9,15,"5703049"
22,"spotify:track:7MAibcTli4IisCtbHKrGMh","Bruno Mars, Anderson .Paak, Silk Sonic","Leave The Door Open","Aftermath Entertainment/Atlantic",4,10,11,"5210017"
23,"spotify:track:02MWAaffLxlfxAUY7c5dvx","Glass Animals","Heat Waves","Polydor Records",13,13,25,"5138092"
24,"spotify:track:1TZv3bujNaYz646eezRE91","Nicki Minaj, Drake, Lil Wayne","Seeing Green (with Drake & Lil Wayne)","Republic Records",24,-1,1,"5088669"
25,"spotify:track:65OVbaJR5O1RmwOQx0875b","Drake, Lil Baby","Wants and Needs (feat. Lil Baby)","OVO",2,12,11,"4884210"
26,"spotify:track:7lPN2DXiMsVn7XUKtOW1CS","Olivia Rodrigo","drivers license","Olivia Rodrigo PS",1,17,19,"4838280"
27,"spotify:track:3FAJ6O0NOHQV8Mc5Ri6ENp","Giveon","Heartbreak Anniversary","Epic/Not So Fast",9,14,15,"4782229"
28,"spotify:track:1M4OcYkxAtu3ErzSgDEfoi","Cardi B","Up","Atlantic Records",3,15,15,"4496103"
29,"spotify:track:37BZB0z9T8Xu7U3e65qxFy","The Weeknd, Ariana Grande","Save Your Tears (with Ariana Grande) (Remix)","Republic Records",5,16,4,"4240126"
30,"spotify:track:3X2r2CnHOJeV5YekPTgBnK","Migos","Straightenin","Quality Control Music/Motown Records",30,-1,1,"4138894"
31,"spotify:track:5qNh5WtzMbfpSj2jLlBkoD","Billie Eilish","Your Power","Darkroom/Interscope Records",4,11,3,"3993567"
32,"spotify:track:6tDDoYIxWvMLTdKpjFkc1B","Kali Uchis","telepatía","EMI / Interscope",4,19,14,"3965777"
33,"spotify:track:20BOju91NaEFK5Py4VJ2pp","Saweetie, Doja Cat","Best Friend (feat. Doja Cat)","ICY/Warner Records",12,23,19,"3903498"
34,"spotify:track:60ynsPSSKe6O3sfwRnIBRf","Doja Cat","Streets","Kemosabe Records/RCA Records",3,21,19,"3808639"
35,"spotify:track:3YJJjQPAbDT7mGpX3WtQ9A","SZA","Good Days","Top Dawg Entertainment/RCA Records",1,22,21,"3716906"
36,"spotify:track:21UkXrc9kD48rNpTMI2ecz","Lil Tecca","NEVER LEFT","Galactic / Republic Records",20,20,2,"3541963"
37,"spotify:track:0VjIjW4GlUZAMYd2vXMi3b","The Weeknd","Blinding Lights","Republic Records",1,26,77,"3535379"
38,"spotify:track:3J8EOeKLTLXORtWPpOU5bE","Lil Tjay, 6LACK","Calling My Phone","Columbia",1,18,14,"3472554"
39,"spotify:track:6fRxMU4LWwyaSSowV441IU","Maroon 5, Megan Thee Stallion","Beautiful Mistakes (feat. Megan Thee Stallion)","Interscope Records*",29,30,10,"3418430"
40,"spotify:track:7BoobGhD4x5K96Me0hqC8Q","Bella Poarch","Build a Bitch","Warner Records",40,-1,1,"3254522"
41,"spotify:track:6IBcOGPsniK3Pso1wHIhew","Luke Combs","Forever After All","River House Artists/Columbia Nashville",2,44,30,"3230691"
42,"spotify:track:6rTInqW3YECMkQsBEHw4sd","Young Stoner Life, Young Thug, Gunna, Drake","Solid (feat. Drake)","300 Entertainment",7,24,5,"3226923"
43,"spotify:track:1EJIcDYXwSqipW5dFe4uJz","DJ Khaled, Lil Baby, Lil Durk","EVERY CHANCE I GET (feat. Lil Baby & Lil Durk)","Epic/We The Best",24,25,3,"3220988"
44,"spotify:track:4MzXwWMhyBbmu6hOcLVD49","Bad Bunny, Jhayco","DÁKITI","Rimas Entertainment LLC",1,28,29,"3172766"
45,"spotify:track:62vpWI1CHwFy7tMIcSStl8","J. Cole","No Role Modelz","Roc Nation Records LLC",45,45,171,"3135211"
46,"spotify:track:7kDUspsoYfLkWnZR7qwHZl","Machine Gun Kelly, blackbear","my ex's best friend (with blackbear)","Bad Boy/Interscope Records",11,32,41,"3118816"
47,"spotify:track:4jPy3l0RUwlUI9T5XHBW2m","24kGoldn, iann dior","Mood (feat. iann dior)","Records/Columbia",2,34,41,"3100116"
48,"spotify:track:27OeeYzk6klgBh83TSvGMA","The Kid LAROI","WITHOUT YOU","Columbia",8,55,27,"3083116"
49,"spotify:track:1VLtjHwRWOVJiE5Py7JxoQ","Polo G","Martin & Gina","Columbia",23,29,42,"3079799"
50,"spotify:track:2IePEfMAtqWS6rLXXFZIgI","Internet Money, Gunna, Don Toliver, Lil Uzi Vert","His & Hers (feat. Don Toliver & Lil Uzi Vert)","Internet Money / 10K Projects",50,-1,1,"3074228"
51,"spotify:track:4TIqzdAssasqx3DAe6cG9J","Joyner Lucas, Lil Baby","Ramen & OJ","Twenty Nine Music Group",35,35,3,"2959913"
52,"spotify:track:7FGdjbZ32vMybPuP0IuE7d","Pooh Shiesty, Lil Durk","Back in Blood (feat. Lil Durk)","Atlantic Records",9,27,19,"2954452"
53,"spotify:track:3aQem4jVGdhtg116TmJnHz","Drake","What’s Next","OVO",1,33,11,"2938535"
54,"spotify:track:4eNOLmx8r2IJAVKvBBL1jv","Lil Tjay, Polo G, Fivio Foreign","Headshot (feat. Polo G & Fivio Foreign)","Columbia",18,31,9,"2919343"
55,"spotify:track:2QjOHCTQ1Jl3zawyYOpxh6","The Neighbourhood","Sweater Weather","Columbia",19,38,39,"2909892"
56,"spotify:track:3nY8AqaMNNHHLYV4380ol0","StarBoi3, Doja Cat","Dick (feat. Doja Cat)","Not specified",52,52,3,"2787297"
57,"spotify:track:1nahzW3kfMuwReTka28tH5","Justin Bieber","Hold On","RBMG/Def Jam",3,36,11,"2748741"
58,"spotify:track:5uEYRdEIh9Bo4fpjDd4Na9","Travis Scott, HVME","Goosebumps - Remix","Cactus Jack/Epic",36,41,18,"2646041"
59,"spotify:track:5QO79kh1waicV47BqGRL3g","The Weeknd","Save Your Tears","Republic Records",2,43,25,"2625578"
60,"spotify:track:28PeqNMnFfVQnXvXmyf88G","Nicki Minaj","Fractions","Republic Records",60,-1,1,"2559947"
61,"spotify:track:6uvMKqNlrSvcC4NaKnrwjZ","Tion Wayne, Russ Millions, ArrDee, E1 (3x3), ZT (3x3), Bugzy Malone, Buni, Fivio Foreign, Darkoo","Body (Remix) [feat. ArrDee, E1 (3x3), ZT (3x3), Bugzy Malone, Buni, Fivio Foreign & Darkoo]","Atlantic Records UK",56,56,2,"2547235"
62,"spotify:track:5jc4Qcs98R4ZDku8ictuE3","Cico P","Tampa","DawgTies Ent.",47,47,4,"2530196"
63,"spotify:track:7EkWXAI1wn8Ii883ecd9xr","Surf Curse","Freaks","Surf Curse",54,54,4,"2517346"
64,"spotify:track:7ytR5pFWmSjzHJIeQkgog4","DaBaby, Roddy Ricch","ROCKSTAR (feat. Roddy Ricch)","South Coast Music Group/Interscope Records",1,50,57,"2513594"
65,"spotify:track:7hxHWCCAIIxFLCzvDgnQHX","Internet Money, Gunna, Don Toliver, NAV","Lemonade (feat. NAV)","Internet Money Records / TenThousand Projects",1,49,40,"2499988"
66,"spotify:track:4KIkADzoVm3A10E9qyjsQ5","42 Dugg, Roddy Ricch","4 Da Gang (with Roddy Ricch)","NEW CMG 42 Dugg P&D",43,51,7,"2478774"
67,"spotify:track:1v1oIWf2Xgh54kIWuKsDf6","AURORA","Runaway","Glassnote Entertainment Group LLC",34,46,6,"2458796"
68,"spotify:track:1dg3qy5DjoJodawfOCgrTP","Lil Tjay, Offset, Moneybagg Yo","Run It Up (feat. Offset & Moneybagg Yo)","Columbia",28,42,7,"2425294"
69,"spotify:track:0RiRZpuVRbi7oqRdSMwhQY","Post Malone, Swae Lee","Sunflower - Spider-Man: Into the Spider-Verse","Republic Records",1,57,135,"2417284"
70,"spotify:track:7Bk0uXKk1uPT0XuQbpFzvs","Los Legendarios, Wisin, Jhayco","Fiel","La Base Music Group/ WK Records",45,53,7,"2397011"
71,"spotify:track:6UelLqGlWMcVH1E5c4H7lY","Harry Styles","Watermelon Sugar","Columbia",4,68,79,"2385088"
72,"spotify:track:21jGcNKet2qwijlDFuPiPb","Post Malone","Circles","Republic Records",1,61,90,"2376755"
73,"spotify:track:0ofHAoxe9vBkTCp2UQIavz","Fleetwood Mac","Dreams - 2004 Remaster","Rhino/Warner Records",6,66,37,"2322714"
74,"spotify:track:0PvFJmanyNQMseIFrU708S","Pop Smoke, Lil Baby, DaBaby","For The Night (feat. Lil Baby & DaBaby)","Victor Victor Worldwide",2,58,46,"2311839"
75,"spotify:track:4VXIryQMWpIdGgYR4TrjT1","Juice WRLD","All Girls Are The Same","Juice WRLD Mixtape / ISR P&D",13,60,160,"2295280"
76,"spotify:track:2SAqBLGA283SUiwJ3xOUVI","Drake, Lil Durk","Laugh Now Cry Later (feat. Lil Durk)","OVO",2,64,40,"2289473"
77,"spotify:track:6Im9k8u9iIzKMrmV7BWtlF","Ariana Grande","34+35","Republic Records",2,63,29,"2282786"
78,"spotify:track:2JvzF1RMd7lE3KmFlsyZD8","J. Cole","MIDDLE CHILD","Dreamville, Inc., Under exclusive license to Roc Nation Records",1,90,120,"2261419"
79,"spotify:track:4Iedi94TIaB2GGb1nMB68v","Lil Baby","On Me","Quality Control Music/Motown Records",28,62,24,"2260531"
80,"spotify:track:4Oun2ylbjFKMPTiaSbbCih","Cardi B, Megan Thee Stallion","WAP (feat. Megan Thee Stallion)","Atlantic/KSR",1,69,41,"2254039"
81,"spotify:track:1tkg4EHVoqnhR6iFEXb60y","Pop Smoke","What You Know Bout Love","Victor Victor Worldwide",6,59,38,"2251174"
82,"spotify:track:285pBltuF7vW8TeWk8hdRR","Juice WRLD","Lucid Dreams","Juice WRLD Mixtape / ISR P&D",1,67,159,"2246359"
83,"spotify:track:03ERnTvSV5fy8WAyvA4uNP","Kevin Gates","Big Gangsta","Bread Winners' Association",41,48,12,"2241383"
84,"spotify:track:161DnLWsx1i3u1JT05lzqU","Bruno Mars","Talking to the Moon","Atlantic Records",64,73,9,"2238668"
85,"spotify:track:2U5WueTLIK5WJLD7mvDODv","Juice WRLD","Wishing Well","Grade A Productions/Interscope Records",1,65,45,"2218993"
86,"spotify:track:2Y0wPrPQBrGhoLn14xRYCG","Juice WRLD, Marshmello","Come & Go (with Marshmello)","Grade A Productions/Interscope Records",1,70,45,"2209049"
87,"spotify:track:1diS6nkxMQc3wwC4G1j0bh","Dua Lipa","We're Good","Warner Records",20,83,14,"2191937"
88,"spotify:track:6f3Slt0GbA2bPZlz0aIFXN","Tiësto","The Business","Atlantic Records",69,79,18,"2111410"
89,"spotify:track:0ZLuW8uOXdFNWcI40C0OC2","Jack Harlow, Tory Lanez, DaBaby, Lil Wayne","Whats Poppin (feat. DaBaby, Tory Lanez & Lil Wayne) [Remix] - Bonus Track","Generation Now/Atlantic",2,76,48,"2088845"
90,"spotify:track:6755DFiZ7CWe2WMdTGW5C1","Young Stoner Life, Young Thug, Gunna","Ski","300 Entertainment",18,72,5,"2079447"
91,"spotify:track:6vFsBXYczYsP0H3lgunZOm","Beach Bunny","Cloud 9","Mom+Pop",50,78,10,"2064597"
92,"spotify:track:35mvY5S1H3J2QZyna3TFe0","Ariana Grande","positions","Republic Records",1,77,30,"2061296"
93,"spotify:track:45bE4HXI0AwGZXfZtMp8JR","Tate McRae","you broke me first","RCA Records Label",16,82,44,"2055844"
94,"spotify:track:7qEHsqek33rTcFNT9PFqLf","Lewis Capaldi","Someone You Loved","Vertigo Berlin",6,75,108,"2044966"
95,"spotify:track:1J14CdDAvBTE1AJYUOwl6C","Duncan Laurence","Arcade","Universal Music, a division of Universal International Music BV",60,74,14,"2023583"
96,"spotify:track:3PfIrDoz19wz7qK7tYeu62","Dua Lipa","Don't Start Now","Warner Records",5,86,77,"1999520"
97,"spotify:track:6Hj9jySrnFppAI0sEMCZpJ","Juice WRLD","Robbery","Grade A Productions/Interscope Records",3,88,118,"1999495"
98,"spotify:track:5yorXJWdBan1Vlh116ZtQ7","BIA","WHOLE LOTTA MONEY","Epic",98,110,3,"1997384"
99,"spotify:track:22LAwLoDA5b4AaGSkg6bKW","Lil Mosey","Blueberry Faygo","Mogul Vision/Interscope Records",2,85,67,"1990655"
100,"spotify:track:6LcX2hBbXaJcK4AuefE936","Don Toliver","What You Need","Cactus Jack / WeRunIt Ent. / Atlantic",37,37,2,"1986822"
101,"spotify:track:6gBFPUFcJLzWGx4lenP6h2","Travis Scott","goosebumps","Cactus Jack / Epic",8,89,229,"1985343"
102,"spotify:track:6toQdWWc4noiOk3Eo5mVDS","SpotemGottem, DaBaby","Beat Box 3 (feat. DaBaby)","Rebel Music PS",33,80,12,"1983569"
103,"spotify:track:0NmuYnjETG3u3qx0OmEJev","Nelly, Florida Georgia Line","Lil Bit","Records/Columbia",103,126,4,"1979415"
104,"spotify:track:2GiJYvgVaD2HtM8GqD9EgQ","BØRNS","Electric Love","UMGRI Interscope",44,93,47,"1974466"
105,"spotify:track:3hLuHKzG1cmlRpq53ZVWd8","Gabby Barrett","The Good Ones","Warner Music Nashville",88,102,7,"1943226"
106,"spotify:track:51pshtuYkgUQnt5huMPbKL","Mac Miller, Empire of the Sun","The Spins","Rostrum Records",106,115,12,"1923400"
107,"spotify:track:0nqhKXDjsyBMvbeWmgijD0","Moneybagg Yo","Wockesha","CMG/N-Less/Interscope Records",107,-1,1,"1919007"
108,"spotify:track:003vvx7Niy0yvhvHt4a68B","The Killers","Mr. Brightside","Island Records",94,100,42,"1903784"
109,"spotify:track:3cBsEDNhFI9E82vPj3kvi3","Morgan Wallen","Wasted On You","Big Loud / Republic",3,94,19,"1895372"
110,"spotify:track:6foY66mWZN0pSRjZ408c00","Morgan Wallen","Whiskey Glasses","Big Loud Records",59,105,108,"1892549"
111,"spotify:track:4xqrdfXkTW4T0RauPLv3WA","Conan Gray","Heather","Republic Records",9,95,46,"1891102"
112,"spotify:track:0nbXyq5TXYPCO7pr3N8S4I","Roddy Ricch","The Box","Atlantic Records",1,97,76,"1885879"
113,"spotify:track:5E30LdtzQTGqRvNd7l6kG5","The Neighbourhood","Daddy Issues","Columbia",59,92,36,"1885793"
114,"spotify:track:3JKgcAa7r07ocVWcV8bS0H","Polo G","21","Columbia",42,96,52,"1873670"
115,"spotify:track:2CYVETnhM9aytqrazYYwrK","Taylor Swift","Mr. Perfectly Fine (Taylor’s Version) (From The Vault)","Taylor Swift",6,84,7,"1862984"
116,"spotify:track:2mt1IqcFyY1zmYZT8Q3xw9","blackbear","hot girl bummer","Alamo",4,106,91,"1857211"
117,"spotify:track:1uYxHHZBRliM9cNzCxq93g","Nicki Minaj","Itty Bitty Piggy","Republic Records",117,-1,1,"1846836"
118,"spotify:track:54bFM56PmE4YLRnqpW6Tha","Billie Eilish","Therefore I Am","Darkroom/Interscope Records",1,87,27,"1844896"
119,"spotify:track:0IUprcNjE2hDtlvY8rq2W9","Lovejoy","One Day","NVLCTRCRDS Limited",119,-1,1,"1831948"
120,"spotify:track:0939D7aT18uBDS2MTjWzct","Coldplay","Higher Power","Parlophone UK",39,39,2,"1830931"
121,"spotify:track:0GO8y8jQk1PkHzS31d699N","GROUPLOVE","Tongue Tied","Canvasback/ATL",107,113,53,"1827735"
122,"spotify:track:2Lhdl74nwwVGOE2Gv35QuK","Gym Class Heroes","Cupid's Chokehold / Breakfast in America","Decaydance/Fueled By Ramen/ATL",44,107,11,"1824316"
123,"spotify:track:0uxSUdBrJy9Un0EYoBowng","Lil Uzi Vert","20 Min","Generation Now/Atlantic",93,99,67,"1820660"
124,"spotify:track:6Ius4TC0L3cN74HT7ENE6e","J. Cole","Wet Dreamz","Roc Nation Records LLC",124,145,16,"1814443"
125,"spotify:track:6uDBSDI9pDM7C4Gm0hc2hI","The Backyardigans","Castaways","Nick Records",125,-1,1,"1798249"
126,"spotify:track:4ZkQ2t966y0fmTW6TWNwR2","21 Savage, Gunna, Young Thug","Emergency (feat. Gunna & Young Thug)","Slaughter Gang, LLC/Epic Records",126,-1,1,"1794458"
127,"spotify:track:7HsjuVBM93Z2RoxjpWLgTT","Rod Wave, Polo G","Richer (feat. Polo G)","Alamo",20,91,8,"1787614"
128,"spotify:track:2wAJTrFhCnQyNSD3oUgTZO","J. Cole","Work Out","Roc Nation LLC",128,137,2,"1781220"
129,"spotify:track:1K5KBOgreBi5fkEHvg5ap3","Future, Drake","Life Is Good (feat. Drake)","Epic/Freebandz",2,104,71,"1780965"
130,"spotify:track:2WnAKZefdRHxtBEkRjFOHC","Justin Bieber","Anyone","RBMG/Def Jam",2,98,20,"1756218"
131,"spotify:track:4Ys8jQvZOISzmp34BsImRf","Mitski","Washing Machine Heart","Dead Oceans",131,146,2,"1740849"
132,"spotify:track:6AGOKlMZWLCaEJGnaROtF9","Ritt Momney","Put Your Records On","Columbia",16,119,36,"1730075"
133,"spotify:track:2rxQMGVafnNaRaXlRMWPde","Luke Combs","Beautiful Crazy","River House Artists/Columbia Nashville",61,121,147,"1713610"
134,"spotify:track:5OELUCYgOHKFAvCERnAvfS","Morgan Wallen","More Than My Hometown","Big Loud / Republic",21,123,56,"1710860"
135,"spotify:track:0rKtyWc8bvkriBthvHKY8d","Joji","SLOW DANCING IN THE DARK","88rising Music/Warner Records",29,116,139,"1706785"
136,"spotify:track:7sO5G9EABYOXQKNPNiE9NR","Offset, Metro Boomin","Ric Flair Drip (with Metro Boomin)","Slaughter Gang, LLC/Epic/Quality Control Music/Motown/Capitol/Boominati Worldwide/Republic",4,135,116,"1706183"
137,"spotify:track:2MnLkFqY9Rpg9s3Zv6ZJdK","Gera MX, Christian Nodal","Botella Tras Botella","Virgin Music México",61,81,4,"1702121"
138,"spotify:track:1EHUQesfVKwbthtNcpBi9g","The Kid LAROI, Miley Cyrus","WITHOUT YOU (with Miley Cyrus)","Columbia",22,40,3,"1696772"
139,"spotify:track:6Gg1gjgKi2AK4e0qzsR7sd","Juice WRLD, YoungBoy Never Broke Again","Bandit (with YoungBoy Never Broke Again)","Grade A Productions/Interscope Records",2,120,85,"1691833"
140,"spotify:track:1t9WgS8FN0534tLBRwbaxO","CJ","Whoopty","Warner Records",4,114,30,"1691762"
141,"spotify:track:1yOL7ZiXGx5ULeLoktAUAg","MARINA","Bubblegum Bitch","Atlantic Records UK",127,149,6,"1690802"
142,"spotify:track:5FQPpxOXsvkMN6v18gtpwY","AJR","Bang!","BMG Rights Management (US) LLC",48,125,37,"1667373"
143,"spotify:track:1ZIKpMTRPqhwAoVXWY3tXI","Ryan Hurd, Maren Morris","Chasing After You (with Maren Morris)","Arista Nashville",117,117,3,"1666238"
144,"spotify:track:2UbVnbE5FH6008mAm6Mmgw","OneRepublic","Run","Mosley Music/Interscope Records",144,-1,1,"1665634"
145,"spotify:track:6Xgq7MvZiet0hVi3KaDSgJ","Justin Bieber, Chance the Rapper","Holy (feat. Chance The Rapper)","RBMG/Def Jam",3,112,35,"1665467"
146,"spotify:track:7m9OqQk4RVRkw9JJdeAw96","XXXTENTACION","Jocelyn Flores","Bad Vibes Forever / EMPIRE",3,124,195,"1657982"
147,"spotify:track:11ZulcYY4lowvcQm4oe3VJ","Ashnikko, Princess Nokia","Slumber Party (feat. Princess Nokia)","Parlophone UK",108,132,8,"1653958"
148,"spotify:track:2XIc1pqjXV3Cr2BQUGNBck","Bad Bunny, ROSALÍA","LA NOCHE DE ANOCHE","Rimas Entertainment LLC",18,111,25,"1647964"
149,"spotify:track:4sf2L157iEgAR7yrCNLgSq","Sam Hunt","Breaking Up Was Easy In The 90's","MCA Nashville",149,-1,1,"1647730"
150,"spotify:track:0lkQOB949M2gLyut86aJ1b","Cage The Elephant","Cigarette Daydreams","RCA Records Label",128,128,13,"1643988"
151,"spotify:track:57RA3JGafJm5zRtKJiKPIm","Wallows, Clairo","Are You Bored Yet? (feat. Clairo)","Atlantic Records",70,131,53,"1641811"
152,"spotify:track:0u2P5u6lvoDfwTYjAADbn4","Billie Eilish, Khalid","lovely (with Khalid)","Darkroom",24,118,160,"1630945"
153,"spotify:track:2gMXnyrvIjhVBUZwvLZDMP","Lewis Capaldi","Before You Go","Vertigo Berlin",42,122,78,"1624625"
154,"spotify:track:0JXXNGljqupsJaZsgSbMZV","Miguel","Sure Thing","Jive",154,-1,1,"1610511"
155,"spotify:track:7FIWs0pqAYbP91WWM0vlTQ","Eminem, Juice WRLD","Godzilla (feat. Juice WRLD)","Shady/Aftermath/Interscope Records",2,140,69,"1602063"
156,"spotify:track:0A1hoCfMLkiAgvhWkkucJa","Megan Thee Stallion","Body","300 Entertainment",13,134,26,"1601437"
157,"spotify:track:3jjujdWJ72nww5eGnfs2E7","Harry Styles","Adore You","Columbia",3,142,76,"1600861"
158,"spotify:track:79s5XnCN4TJKTVMSmOx8Ep","Pop Smoke","Dior","Victor Victor Worldwide/Republic Records",18,129,62,"1598611"
159,"spotify:track:20GrahbI4AzAOWxpYfDKkf","DJ Khaled, Post Malone, DaBaby, Megan Thee Stallion, Lil Baby","I DID IT (feat. Post Malone, Megan Thee Stallion, Lil Baby & DaBaby)","Epic/We The Best",26,71,3,"1598052"
160,"spotify:track:2iUmqdfGZcHIhS3b9E9EWq","Neon Trees","Everybody Talks","Mercury Records",154,155,12,"1594361"
161,"spotify:track:3fqwjXwUGN6vbzIwvyFMhx","Chris Stapleton","Tennessee Whiskey","Mercury Nashville",144,151,23,"1594134"
162,"spotify:track:0uRrG2jRR5tuifsYIJHEao","Morgan Wallen","Sand In My Boots","Big Loud / Republic",13,138,19,"1591069"
163,"spotify:track:7GX5flRQZVHRAGd6B4TmDO","Lil Uzi Vert","XO Tour Llif3","Generation Now/Atlantic",2,136,214,"1588737"
164,"spotify:track:6K4t31amVTZDgR3sKmwUJJ","Tame Impala","The Less I Know The Better","Universal Music Australia Pty. Ltd.",117,148,85,"1578412"
165,"spotify:track:4obHzpwGrjoTuZh2DItEMZ","Morgan Wallen","7 Summers","Big Loud / Republic",3,156,40,"1575681"
166,"spotify:track:472vIK1ldetTxRxG3ovaiY","Dan + Shay","Glad You Exist","Warner Music Nashville",64,139,11,"1564865"
167,"spotify:track:4bHsxqR3GMrXTxEPLuK5ue","Journey","Don't Stop Believin' (2022 Remaster)","Columbia/Legacy",167,167,22,"1561514"
168,"spotify:track:5mCPDVBb16L4XQwDdbRUpz","Drake","Passionfruit","Cash Money Records/Young Money Ent./Universal Rec.",1,141,71,"1559138"
169,"spotify:track:6Ozh9Ok6h4Oi1wUSLtBseN","DaBaby","BOP","South Coast Music Group/Interscope Records",3,143,86,"1553320"
170,"spotify:track:1sbEeUY8KsdvgiQi26JBFz","DJ Khaled, Drake","POPSTAR (feat. Drake)","Epic/We The Best",4,127,44,"1546495"
171,"spotify:track:0mKnuxVkPi5h0kuvZl44VM","Morgan Wallen","Cover Me Up","Big Loud / Republic",30,154,32,"1546379"
172,"spotify:track:6aHoPULNO7pSL2ZfUY0bU8","SoFaygo","Knock Knock","Cactus Jack",150,150,3,"1537298"
173,"spotify:track:2xLMifQCjDGFmkHkpNLD9h","Travis Scott","SICKO MODE","Cactus Jack / Epic",1,153,143,"1535245"
174,"spotify:track:3LVcKphzONOdQ2EATazlZq","NLE Choppa","Final Warning","Warner Records",100,133,3,"1532965"
175,"spotify:track:78QR3Wp35dqAhFEc2qAGjE","Lil Baby, Gunna","Drip Too Hard (Lil Baby & Gunna)","Quality Control Music/Young Stoner Life Records, a 300 Entertainment Label/Motown Records/Capitol Records",1,161,138,"1523543"
176,"spotify:track:7eJMfftS33KTjuF7lTsMCx","Powfu, beabadoobee","death bed (coffee for your head)","Columbia",9,159,66,"1518970"
177,"spotify:track:7fBv7CLKzipRk6EC6TWHOB","The Weeknd","The Hills","Universal Republic Records",27,160,30,"1517862"
178,"spotify:track:58ge6dfP91o9oXMzq3XkIS","Arctic Monkeys","505","Domino/Warner Records",129,152,20,"1517316"
179,"spotify:track:6uFn47ACjqYkc0jADwEdj1","Polo G, Lil Tjay","Pop Out (feat. Lil Tjay)","Columbia",8,157,91,"1516377"
180,"spotify:track:1lpLrlyweOShEKXT1bpcDd","Joy Again","Looking Out for You","Arista Records",144,144,2,"1516266"
181,"spotify:track:5MwynWK9s4hlyKHqhkNn4A","Morgan Wallen","Chasin' You","Big Loud Records",55,173,61,"1511599"
182,"spotify:track:3w1WjD2zJqjBjDz5fwqQPJ","Jack Harlow","Tyler Herro","Generation Now/Atlantic",9,147,30,"1510719"
183,"spotify:track:1QL7nSDZCwZMnbisV4KOXt","WILLOW, Travis Barker","t r a n s p a r e n t s o u l feat. Travis Barker","MSFTSMusic / Roc Nation Records, LLC",183,-1,1,"1508759"
184,"spotify:track:5f1joOtoMeyppIcJGZQvqJ","Kane Brown, Swae Lee, Khalid","Be Like That - feat. Swae Lee & Khalid","RCA Records Label Nashville",25,171,43,"1507035"
185,"spotify:track:1cEhrSF6EylAEqdhUGuNpX","DJ Khaled, 21 Savage, Justin Bieber","LET IT GO (feat. Justin Bieber & 21 Savage)","Epic/We The Best",57,158,3,"1502931"
186,"spotify:track:2HbKqm4o0w5wEeEFXm2sD4","Kendrick Lamar, Jay Rock","Money Trees","Aftermath",88,178,31,"1499068"
187,"spotify:track:1mMLMZYXkMueg65jRRWG1l","Luke Combs","When It Rains It Pours","River House Artists/Columbia Nashville",123,194,63,"1497250"
188,"spotify:track:0I1eFRytp4XRhLCjT6tZm7","Roar","I Can't Handle Change","Felt Forest Records",162,166,5,"1493922"
189,"spotify:track:3eekarcy7kvN4yt5ZFzltW","Travis Scott","HIGHEST IN THE ROOM","Cactus Jack/Epic",1,163,85,"1489107"
190,"spotify:track:2dNhNlpZAtV4lwAFW45LIv","Nio Garcia, Flow La Movie","AM","Flow La Movie, Inc.",190,-1,1,"1485555"
191,"spotify:track:4cG7HUWYHBV6R6tHn1gxrl","Riton, Nightcrawlers, Mufasa & Hypeman, Dopamine","Friday (feat. Mufasa & Hypeman) - Dopamine Re-Edit","Ministry of Sound Recordings",140,181,4,"1485366"
192,"spotify:track:2gam98EZKrF9XuOkU13ApN","Nelly Furtado, Timbaland","Promiscuous","Mosley / Geffen",142,187,7,"1481349"
193,"spotify:track:6tMdpUXfT70TD6Eh3XfB1p","The Living Tombstone","My Ordinary Life","Ghost Pixel",193,-1,1,"1480664"
194,"spotify:track:3ee8Jmje8o58CHK66QrVC2","XXXTENTACION","SAD!","Bad Vibes Forever, LLC",1,176,166,"1477243"
195,"spotify:track:2r6OAV3WsYtXuXjvJ1lIDi","Pop Smoke, A Boogie Wit da Hoodie","Hello (feat. A Boogie Wit da Hoodie)","Victor Victor Worldwide",31,165,37,"1470493"
196,"spotify:track:1F9kEuwT29fgqlovIclu81","Machine Gun Kelly, Kellin Quinn","love race (feat. Kellin Quinn)","Bad Boy/Interscope Records",37,108,3,"1468533"
197,"spotify:track:0JJP0IS4w0fJx01EcrfkDe","All Time Low","Dear Maria, Count Me In","Hopeless Records",90,169,12,"1464100"
198,"spotify:track:527k23H0A4Q0UJN3vGs0Da","Don Toliver","After Party","We Run It Ent./Cactus Jack/Atlantic",13,172,58,"1454778"
199,"spotify:track:1KhrAWvLIjRlQIJtSTgvsi","Josh Turner","Would You Go With Me","MCA Nashville",130,130,2,"1454404"
200,"spotify:track:6FE2iI43OZnszFLuLtvvmg","MKTO","Classic","Columbia/M2V",193,197,3,"1454033"
