﻿rank,uri,artist_names,track_name,source,peak_rank,previous_rank,weeks_on_chart,streams
1,"spotify:track:00Blm7zeNqgYLPtW6zg8cj","Post Malone, The Weeknd","One Right Now (with The Weeknd)","Republic Records",1,-1,1,"8118535"
2,"spotify:track:0gplL1WMoJ6iYaPgMCL0gX","Adele","Easy On Me","Columbia",1,1,4,"7921523"
3,"spotify:track:5Z9KJZvQzH6PFmb8SNkxuk","Lil Nas X, Jack Harlow","INDUSTRY BABY (feat. Jack Harlow)","Columbia",1,2,16,"7807640"
4,"spotify:track:4R67rQNSbbsR4TdUVOIdez","Travis Scott","ESCAPE PLAN","Cactus Jack/Epic",4,-1,1,"7559718"
5,"spotify:track:4iN16F8JtVxG2UTzp3avGl","Bruno Mars, Anderson .Paak, Silk Sonic","Smokin Out The Window","Aftermath Entertainment/Atlantic",5,-1,1,"7279340"
6,"spotify:track:5PjdY0CKGZdEuoNab3yDmX","The Kid LAROI, Justin Bieber","STAY (with Justin Bieber)","Columbia",1,3,18,"6942109"
7,"spotify:track:02MWAaffLxlfxAUY7c5dvx","Glass Animals","Heat Waves","Polydor Records",4,4,50,"6344999"
8,"spotify:track:2BcMwX1MPV6ZHP4tUT9uq6","Drake, 21 Savage, Project Pat","Knife Talk (with 21 Savage ft. Project Pat)","OVO",2,5,10,"6067231"
9,"spotify:track:08F16baYbciTva9P4BvpiI","Travis Scott","MAFIA","Cactus Jack/Epic",9,-1,1,"5548181"
10,"spotify:track:6f5ExP43esnvdKPddwKXJH","NEIKED, Mae Muller, Polo G","Better Days (NEIKED x Mae Muller x Polo G)","Capitol Records UK / EMI",6,6,4,"5276197"
11,"spotify:track:0k1WUmIRnG3xU6fvvDVfRG","Drake, Future, Young Thug","Way 2 Sexy (with Future & Young Thug)","OVO",1,7,10,"5265888"
12,"spotify:track:3Vi5XqYrmQgOYBajMWSvCi","Doja Cat","Need to Know","Kemosabe Records/RCA Records",4,9,22,"4925210"
13,"spotify:track:50nfwKoDiSYg8zOCREWAm5","Ed Sheeran","Shivers","Atlantic Records UK",8,8,9,"4887581"
14,"spotify:track:4ZtFanR9U6ndgddUvNcjcG","Olivia Rodrigo","good 4 u","Olivia Rodrigo PS",1,12,26,"4477759"
15,"spotify:track:08SB2OtZkaliju77WYEKxk","Summer Walker, SZA","No Love (with SZA)","LVRN/Interscope Records",15,-1,1,"4375501"
16,"spotify:track:07MDkzWARZaLEdKxo6yArG","THE ANXIETY, WILLOW, Tyler Cole","Meet Me At Our Spot","MSFTSMusic / Roc Nation Records, LLC",10,11,12,"4352981"
17,"spotify:track:3QFInJAm9eyaho5vBzxInN","Baby Keem, Kendrick Lamar","family ties (with Kendrick Lamar)","Columbia",8,14,11,"4278282"
18,"spotify:track:3DarAbFujv6eYNliUTyqtz","Doja Cat, SZA","Kiss Me More (feat. SZA)","Kemosabe Records/RCA Records",1,13,31,"4168412"
19,"spotify:track:6Uj1ctrBOjOas8xZXGqKk4","Doja Cat","Woman","Kemosabe Records/RCA Records",12,15,20,"3843034"
20,"spotify:track:3rmo8F54jFF8OgYsqTxm5d","Ed Sheeran","Bad Habits","Atlantic Records UK",7,10,20,"3818031"
21,"spotify:track:7rglLriMNBPAyuJOMGwi39","Elton John, Dua Lipa, PNAU","Cold Heart - PNAU Remix","EMI",21,21,12,"3816244"
22,"spotify:track:4RVwu0g32PAqgUiJoXsdF8","Billie Eilish","Happier Than Ever","Darkroom/Interscope Records",3,19,15,"3752697"
23,"spotify:track:37y7iDayfwm3WXn5BiAoRk","Steve Lacy","Dark Red","Three Quarter",23,26,14,"3521915"
24,"spotify:track:0e8nrvls4Qqv5Rfa2UhqmO","Lil Nas X","THATS WHAT I WANT","Columbia",4,17,8,"3459738"
25,"spotify:track:1SC5rEoYDGUK4NfG82494W","Lil Nas X","MONTERO (Call Me By Your Name)","Columbia",1,18,33,"3374220"
26,"spotify:track:4yNoUQkYf1QF8iYlEzNynH","Nardo Wick, G Herbo, Lil Durk, 21 Savage","Who Want Smoke?? (feat. G Herbo, Lil Durk & 21 Savage)","Not specified",23,23,5,"3348095"
27,"spotify:track:5CZ40GBx1sQ9agT82CLQCT","Olivia Rodrigo","traitor","Olivia Rodrigo PS",3,24,25,"3344033"
28,"spotify:track:2QjOHCTQ1Jl3zawyYOpxh6","The Neighbourhood","Sweater Weather","Columbia",19,29,64,"3335033"
29,"spotify:track:4XvcHTUfIlWfyJTRG0aqlo","Sleepy Hallow","2055","Winners Circle/RCA Records",8,25,21,"3303337"
30,"spotify:track:40iJIUlhi6renaREYGeIDS","Drake, Travis Scott","Fair Trade (with Travis Scott)","OVO",3,27,10,"3290958"
31,"spotify:track:3NqBxTOMCJ3zW9CIP51td4","Eslabon Armado, DannyLux","Jugaste y Sufrí","DEL Records",23,28,12,"3278981"
32,"spotify:track:04S1pkp1VaIqjg8zZqknR5","Taylor Swift","Enchanted","Big Machine Records, LLC",32,-1,1,"3241429"
33,"spotify:track:0WSEq9Ko4kFPt8yo3ICd6T","Kanye West","Praise God","Rock The World/IDJ/Kanye LP7",7,37,11,"3145600"
34,"spotify:track:2B4GHvToeLTOBB4QLzW3Ni","Farruko","Pepas","Sony Music Latin",20,31,16,"3000961"
35,"spotify:track:29TPjc8wxfz4XMn21O7VsZ","Playboi Carti","Sky","AWGE/Interscope Records",35,48,12,"2982581"
36,"spotify:track:15HMh4yxdf4wyxSZSlOgGZ","Amaarae, Kali Uchis, Moliy","SAD GIRLZ LUV MONEY Remix (feat. Kali Uchis and Moliy)","0207 Def Jam",36,100,2,"2967145"
37,"spotify:track:5nujrmhLynf4yMoMtj8AQF","Dua Lipa, DaBaby","Levitating (feat. DaBaby)","Warner Records",4,22,58,"2964824"
38,"spotify:track:2gpWyfu7eZ01zzncHpxOtA","Swedish House Mafia, The Weeknd","Moth To A Flame (with The Weeknd)","Republic Records",5,20,3,"2951275"
39,"spotify:track:18vXApRmJSgQ6wG2ll9AOg","Polo G","RAPSTAR","Columbia",1,36,31,"2901740"
40,"spotify:track:2Xr1dTzJee307rmrkt8c0g","CKay","love nwantiti (ah ah ah)","Chocolate City Music",30,34,8,"2832641"
41,"spotify:track:0lnpnsrVaW9elGgRxpDCgE","Walker Hayes","Fancy Like","Monument Records",22,39,20,"2787288"
42,"spotify:track:3Wrjm47oTz2sjIgck11l5e","Måneskin","Beggin'","RCA Records Label",5,38,21,"2765587"
43,"spotify:track:0k4d5YPDr1r7FX77VdqWez","Doja Cat, The Weeknd","You Right","Kemosabe Records/RCA Records",4,42,20,"2747522"
44,"spotify:track:7MAibcTli4IisCtbHKrGMh","Bruno Mars, Anderson .Paak, Silk Sonic","Leave The Door Open","Aftermath Entertainment/Atlantic",4,87,36,"2744239"
45,"spotify:track:4SqWKzw0CbA05TGszDgMlc","The Walters","I Love You So","Warner Records",45,55,5,"2691160"
46,"spotify:track:7hU3IHwjX150XLoTVmjD0q","LISA","MONEY","YG Entertainment/Interscope Records",27,35,6,"2648296"
47,"spotify:track:0W6I02J9xcqK8MtSeosEXb","Doja Cat","Get Into It (Yuh)","Kemosabe Records/RCA Records",18,40,20,"2627067"
48,"spotify:track:1z7LV5wkExwW8YJk0IrPUA","NLE Choppa, Polo G","Jumpin (feat. Polo G)","Warner Records",48,-1,1,"2601671"
49,"spotify:track:62vpWI1CHwFy7tMIcSStl8","J. Cole","No Role Modelz","Roc Nation Records LLC",43,49,196,"2598233"
50,"spotify:track:0eu4C55hL6x29mmeAjytzC","Oliver Tree","Life Goes On","Atlantic Records",31,46,9,"2539295"
51,"spotify:track:6I3mqTwhRpn34SLVafSH7G","Justin Bieber","Ghost","RBMG/Def Jam",24,53,8,"2506834"
52,"spotify:track:37Nqx7iavZpotJSDXZWbJ3","Drake, Lil Baby","Girls Want Girls (with Lil Baby)","OVO",1,43,10,"2484216"
53,"spotify:track:0VjIjW4GlUZAMYd2vXMi3b","The Weeknd","Blinding Lights","Republic Records",1,30,102,"2478253"
54,"spotify:track:7EkWXAI1wn8Ii883ecd9xr","Surf Curse","Freaks","Surf Curse",31,56,29,"2456974"
55,"spotify:track:46HNZY1i7O6jwTA7Slo2PI","Coldplay, BTS","My Universe","Parlophone UK",19,45,7,"2445095"
56,"spotify:track:4btFHqumCO31GksfuBLLv3","Ed Sheeran","Overpass Graffiti","Atlantic Records UK",16,16,2,"2403709"
57,"spotify:track:2gQPv5jvVPqU2a9HhMNO1v","BoyWithUke","Toxic","Republic Records",57,90,2,"2401404"
58,"spotify:track:0bYg9bo50gSsH3LtXe2SQn","Mariah Carey","All I Want for Christmas Is You","Columbia",1,107,35,"2399478"
59,"spotify:track:1De7cOMrdUnVpjWBaowMg4","Summer Walker, JT, City Girls","Ex For A Reason (with JT from City Girls)","LVRN/Interscope Records",59,-1,1,"2382006"
60,"spotify:track:65OVbaJR5O1RmwOQx0875b","Drake, Lil Baby","Wants and Needs (feat. Lil Baby)","OVO",2,54,36,"2374528"
61,"spotify:track:5cwnxz6QPfbOf731UPqphs","Summer Walker, Cardi B","Bitter - Narration By Cardi B","LVRN/Interscope Records",61,-1,1,"2369959"
62,"spotify:track:5lAnYvAIkSDNXqfo7DyFUm","Doja Cat","Ain't Shit","Kemosabe Records/RCA Records",4,50,20,"2321103"
63,"spotify:track:6HU7h9RYOaPRFeh0R3UeAr","Olivia Rodrigo","deja vu","Olivia Rodrigo PS",2,57,32,"2306246"
64,"spotify:track:6Hfu9sc7jvv6coyy2LlzBF","Kanye West","Hurricane","Rock The World/IDJ/Kanye LP7",1,47,11,"2304618"
65,"spotify:track:135Lf4Q0CzlMNfOxbEUsLH","Benson Boone","GHOST TOWN","Night Street Records, Inc./Warner Records Inc.",65,68,3,"2268036"
66,"spotify:track:21DN44aYlSoyfOQcboC0IP","Summer Walker","Throw It Away","LVRN/Interscope Records",66,-1,1,"2253084"
67,"spotify:track:5gZYpjakt37G3c58FKcQwJ","Trippie Redd, Playboi Carti","Miss The Rage","Homemade Projects / 10K Projects",4,59,27,"2239918"
68,"spotify:track:7nc7mlSdWYeFom84zZ8Wr8","Cochise, $NOT","Tell Em","Columbia",26,62,24,"2225949"
69,"spotify:track:5wANPM4fQCJwkGd4rN57mH","Olivia Rodrigo","drivers license","Olivia Rodrigo PS",1,61,44,"2209864"
70,"spotify:track:5xGqh5mjKgOhp9TOlFeCcJ","Summer Walker","Reciprocate","LVRN/Interscope Records",70,-1,1,"2185872"
71,"spotify:track:3T9BKc4kB7ukeNQrCqv6ZV","Meek Mill, Lil Durk, Lil Baby","Sharing Locations (feat. Lil Baby & Lil Durk)","MMG/Atlantic",26,60,11,"2179398"
72,"spotify:track:0uxSUdBrJy9Un0EYoBowng","Lil Uzi Vert","20 Min","Generation Now/Atlantic",67,67,92,"2163759"
73,"spotify:track:6G2xXQRSZlEzYsUEb3uvuR","Ivan Cornejo","Está Dañada","Manzana Records, Inc.",44,58,6,"2163382"
74,"spotify:track:0RiRZpuVRbi7oqRdSMwhQY","Post Malone, Swae Lee","Sunflower - Spider-Man: Into the Spider-Verse","Republic Records",1,69,160,"2161103"
75,"spotify:track:1q3RiD1tIWUpGsNFADMlvl","Taylor Swift","All Too Well","Big Machine Records, LLC",75,-1,1,"2154947"
76,"spotify:track:30QR0ndUdiiMQMA9g1PGCm","$uicideboy$","...And to Those I Love, Thanks for Sticking Around","G59 Records",37,63,33,"2141878"
77,"spotify:track:3jfZ9M23l0L7RxzYMTgBTv","Joy Again","Looking Out for You","Arista Records",77,82,8,"2139090"
78,"spotify:track:2vWBUC9djv6BtiGlmKiQaH","Yot Club","YKWIM?","yot club under exclusive license to Amuseio AB",63,66,19,"2122206"
79,"spotify:track:4KDNRh9Oor80z3XIxdWlui","Young Thug, Drake, Travis Scott","Bubbly (with Drake & Travis Scott)","300 Entertainment/Atl",8,44,4,"2100491"
80,"spotify:track:4eL3XeuGaEoVT8ttDh3hwY","Gunna, Future","too easy","300 Entertainment",28,65,7,"2083087"
81,"spotify:track:21jGcNKet2qwijlDFuPiPb","Post Malone","Circles","Republic Records",1,86,115,"2072990"
82,"spotify:track:081Shn2hU3YxvQmGaCPegr","Summer Walker, Ari Lennox","Unloyal (with Ari Lennox)","LVRN/Interscope Records",82,-1,1,"2051995"
83,"spotify:track:003vvx7Niy0yvhvHt4a68B","The Killers","Mr. Brightside","Island Records",72,75,67,"2045873"
84,"spotify:track:3YJJjQPAbDT7mGpX3WtQ9A","SZA","Good Days","Top Dawg Entertainment/RCA Records",1,85,46,"2042812"
85,"spotify:track:1sx0XsWUusUoPstbvokZjP","Tai Verdes","AOK","Arista Records",39,71,22,"2039816"
86,"spotify:track:4VXIryQMWpIdGgYR4TrjT1","Juice WRLD","All Girls Are The Same","Juice WRLD Mixtape / ISR P&D",13,84,185,"1984932"
87,"spotify:track:6gBFPUFcJLzWGx4lenP6h2","Travis Scott","goosebumps","Cactus Jack / Epic",8,102,254,"1980463"
88,"spotify:track:4gzsuuZypVbxs0Af1LSZyB","Tainy, Bad Bunny, Julieta Venegas","Lo Siento BB:/ (with Bad Bunny & Julieta Venegas)","Neon16",18,70,6,"1979046"
89,"spotify:track:1VLtjHwRWOVJiE5Py7JxoQ","Polo G","Martin & Gina","Columbia",23,80,67,"1974270"
90,"spotify:track:4cHKd6qPMR1TMx55KHlida","The Rare Occasions","Notion","Elektra (NEK)",90,166,4,"1971698"
91,"spotify:track:7gpIj4wMeTKptFxetrNKzY","Summer Walker","You Don’t Know Me","LVRN/Interscope Records",91,-1,1,"1962141"
92,"spotify:track:7H0ya83CMmgFcOhw0UB6ow","Beach House","Space Song","Sub Pop Records",92,99,18,"1960659"
93,"spotify:track:1luvsaicSpNDRLgOtRZxWO","Summer Walker","Constant Bullshit","LVRN/Interscope Records",93,-1,1,"1957168"
94,"spotify:track:0RYHqnmtNRfbYxP6Dn8Vse","siouxxie sixxsta","masquerade","Elektra (NEK)",83,83,5,"1946111"
95,"spotify:track:2JPLbjOn0wPCngEot2STUS","Bad Bunny","Yonaguni","Rimas Entertainment LLC",5,81,23,"1944929"
96,"spotify:track:4blMQHONplzay3YkNIUlcn","Summer Walker, Lil Durk","Toxic (with Lil Durk)","LVRN/Interscope Records",96,-1,1,"1927634"
97,"spotify:track:3pcxxaUxAMSfz2zgetHydD","Summer Walker","Insane","LVRN/Interscope Records",97,-1,1,"1923096"
98,"spotify:track:37BZB0z9T8Xu7U3e65qxFy","The Weeknd, Ariana Grande","Save Your Tears (with Ariana Grande) (Remix)","Republic Records",5,88,29,"1915249"
99,"spotify:track:4iJyoBOLtHqaGxP12qzhQI","Justin Bieber, Daniel Caesar, Giveon","Peaches (feat. Daniel Caesar & Giveon)","RBMG/Def Jam",1,79,34,"1903898"
100,"spotify:track:32BeYxKPrig1LefHsC0Xuo","Billie Eilish","Happier Than Ever - Edit","Darkroom/Interscope Records",74,76,9,"1903892"
101,"spotify:track:285pBltuF7vW8TeWk8hdRR","Juice WRLD","Lucid Dreams","Juice WRLD Mixtape / ISR P&D",1,94,184,"1887722"
102,"spotify:track:5E30LdtzQTGqRvNd7l6kG5","The Neighbourhood","Daddy Issues","Columbia",59,95,61,"1879059"
103,"spotify:track:2sXf2JdbB2GlNju00kw9WE","Bruno Mars, Anderson .Paak, Silk Sonic","Skate","Aftermath Entertainment/Atlantic",17,-1,5,"1878960"
104,"spotify:track:7CC6UbCs4iGsePSzFxYxNn","Kanye West","Moon","Rock The World/IDJ/Kanye LP7",6,74,11,"1878444"
105,"spotify:track:2ZXxRC6V6AXzMdbLQZMHSB","Lil Tecca","LOT OF ME","Galactic / Republic Records",65,77,8,"1870902"
106,"spotify:track:6UelLqGlWMcVH1E5c4H7lY","Harry Styles","Watermelon Sugar","Columbia",4,110,104,"1862817"
107,"spotify:track:0rKtyWc8bvkriBthvHKY8d","Joji","SLOW DANCING IN THE DARK","88rising Music/Warner Records",29,109,164,"1858818"
108,"spotify:track:58ge6dfP91o9oXMzq3XkIS","Arctic Monkeys","505","Domino/Warner Records",105,106,43,"1846558"
109,"spotify:track:3FAJ6O0NOHQV8Mc5Ri6ENp","Giveon","Heartbreak Anniversary","Epic/Not So Fast",9,98,40,"1839767"
110,"spotify:track:7kDUspsoYfLkWnZR7qwHZl","Machine Gun Kelly, blackbear","my ex's best friend (with blackbear)","Bad Boy/Interscope Records",11,89,66,"1825320"
111,"spotify:track:7GX5flRQZVHRAGd6B4TmDO","Lil Uzi Vert","XO Tour Llif3","Generation Now/Atlantic",2,105,239,"1824854"
112,"spotify:track:7m9OqQk4RVRkw9JJdeAw96","XXXTENTACION","Jocelyn Flores","Bad Vibes Forever / EMPIRE",3,111,220,"1815383"
113,"spotify:track:6O5TrlFWTYvznd9fMC0VvU","Adele","When We Were Young","XL Recordings",35,72,5,"1801434"
114,"spotify:track:69AIpwGNLxr4qS1X5ynx60","Jordan Davis, Luke Bryan","Buy Dirt","MCA Nashville",83,119,13,"1799067"
115,"spotify:track:2vdposMtmLoanI0pflut4F","Summer Walker","Circus","LVRN/Interscope Records",115,-1,1,"1791116"
116,"spotify:track:6cUHiQEECDl5m3WFGQ1GCR","Trippie Redd, Polo G, Lil Durk","Rich MF (feat. Lil Durk)","Homemade Projects / 10K Projects",21,112,12,"1789439"
117,"spotify:track:2Y0wPrPQBrGhoLn14xRYCG","Juice WRLD, Marshmello","Come & Go (with Marshmello)","Grade A Productions/Interscope Records",1,118,70,"1782180"
118,"spotify:track:5JCoSi02qi3jJeHdZXMmR8","Olivia Rodrigo","favorite crime","Olivia Rodrigo PS",5,115,25,"1778279"
119,"spotify:track:4jPy3l0RUwlUI9T5XHBW2m","24kGoldn, iann dior","Mood (feat. iann dior)","Records/Columbia",2,116,66,"1766442"
120,"spotify:track:2LBqCSwhJGcFQeTHMVGwy3","The Weeknd","Die For You","Universal Republic Records",74,122,36,"1764210"
121,"spotify:track:2vXKRlJBXyOcvZYTdNeckS","Gesaffelstein, The Weeknd","Lost in the Fire (feat. The Weeknd)","Columbia",7,-1,7,"1753849"
122,"spotify:track:2BJSMvOGABRxokHKB0OI8i","Playboi Carti, Lil Uzi Vert","Shoota (feat. Lil Uzi Vert)","AWGE Label",27,125,36,"1748538"
123,"spotify:track:5reQI13tWWYDLMrGcUF4Mk","Monsieur Periné, Vicente Garcia","Nuestra Canción","Monsieur Perine",58,64,3,"1746560"
124,"spotify:track:51pshtuYkgUQnt5huMPbKL","Mac Miller, Empire of the Sun","The Spins","Rostrum Records",91,104,37,"1746414"
125,"spotify:track:7zjEyeBsaw9gV0jofJLfOM","Young Thug, A$AP Rocky, Post Malone","Livin It Up (with Post Malone & A$AP Rocky)","300 Entertainment/Atl",43,78,4,"1734197"
126,"spotify:track:78QR3Wp35dqAhFEc2qAGjE","Lil Baby, Gunna","Drip Too Hard (Lil Baby & Gunna)","Quality Control Music/Young Stoner Life Records, a 300 Entertainment Label/Motown Records/Capitol Records",1,137,158,"1727489"
127,"spotify:track:6M3PsepEj5gyJoIi7Xvr7u","The Weeknd","Take My Breath - Single Version","XO / Republic Records",5,113,14,"1725768"
128,"spotify:track:4MzXwWMhyBbmu6hOcLVD49","Bad Bunny, Jhayco","DÁKITI","Rimas Entertainment LLC",1,121,54,"1717302"
129,"spotify:track:0ofHAoxe9vBkTCp2UQIavz","Fleetwood Mac","Dreams - 2004 Remaster","Rhino/Warner Records",6,126,62,"1715581"
130,"spotify:track:4xqrdfXkTW4T0RauPLv3WA","Conan Gray","Heather","Republic Records",9,129,71,"1713869"
131,"spotify:track:5Mv7yjian35AddlklJgg1v","Summer Walker","Switch A Nigga Out","LVRN/Interscope Records",131,-1,1,"1713847"
132,"spotify:track:2EjXfH91m7f8HiJN1yQg97","Brenda Lee","Rockin' Around The Christmas Tree","MCA Nashville",1,-1,30,"1712625"
133,"spotify:track:6tDDoYIxWvMLTdKpjFkc1B","Kali Uchis","telepatía","EMI / Interscope",4,127,39,"1708718"
134,"spotify:track:0Fs9cdPDhptWEDJmiCbkEW","J. Cole, Cults, Amber Coffman","She Knows (feat. Amber Coffman & Cults)","Roc Nation LLC",74,120,15,"1708503"
135,"spotify:track:1Ov37jtRQ2YNAe8HzfczkL","Taylor Swift","Wildest Dreams (Taylor's Version)","Taylor Swift",20,180,8,"1701945"
136,"spotify:track:2U5WueTLIK5WJLD7mvDODv","Juice WRLD","Wishing Well","Grade A Productions/Interscope Records",1,140,70,"1698229"
137,"spotify:track:1BYZxKSf0aTxp8ZFoeyM3d","girl in red","we fell in love in october","world in red",93,97,9,"1696488"
138,"spotify:track:7KA4W4McWYRpgf0fWsJZWB","Tyler, The Creator, Kali Uchis","See You Again (feat. Kali Uchis)","Columbia",55,134,19,"1695445"
139,"spotify:track:1r9xUipOqoNwggBpENDsvJ","Imagine Dragons, JID, Arcane, League of Legends","Enemy (with JID) - from the series Arcane League of Legends","KIDinaKORNER/Interscope Records",135,135,2,"1685748"
140,"spotify:track:3WSBP6JEf4Y2aKD2swQ8AG","Summer Walker","4th Baby Mama","LVRN/Interscope Records",140,-1,1,"1681124"
141,"spotify:track:5SixeLvPsYpk7qq9lo5xYg","Chlöe","Have Mercy","Parkwood Entertainment/Columbia",43,114,9,"1676912"
142,"spotify:track:4kTLpAbhuEGHAAdDjOIWaa","Kid Cudi, MGMT, Ratatat","Pursuit Of Happiness (Nightmare)","Kid Cudi/Universal Records",142,149,10,"1676301"
143,"spotify:track:2HbKqm4o0w5wEeEFXm2sD4","Kendrick Lamar, Jay Rock","Money Trees","Aftermath",88,145,47,"1664458"
144,"spotify:track:2eAZfqOm4EnOF9VvN50Tyc","Lil Uzi Vert, Oh Wonder","The Way Life Goes (feat. Oh Wonder)","Generation Now/Atlantic",8,141,85,"1656173"
145,"spotify:track:6Hj9jySrnFppAI0sEMCZpJ","Juice WRLD","Robbery","Grade A Productions/Interscope Records",3,147,143,"1655187"
146,"spotify:track:60ynsPSSKe6O3sfwRnIBRf","Doja Cat","Streets","Kemosabe Records/RCA Records",3,128,44,"1652970"
147,"spotify:track:2wAJTrFhCnQyNSD3oUgTZO","J. Cole","Work Out","Roc Nation LLC",111,139,19,"1652534"
148,"spotify:track:2GiJYvgVaD2HtM8GqD9EgQ","BØRNS","Electric Love","UMGRI Interscope",44,143,72,"1648744"
149,"spotify:track:6FE2iI43OZnszFLuLtvvmg","MKTO","Classic","Columbia/M2V",102,124,10,"1647085"
150,"spotify:track:7FdmHr87G79PDRGy9SPBkZ","Megan Thee Stallion","Thot Shit","300 Entertainment",11,73,22,"1645544"
151,"spotify:track:6xRnDd8w5GkPTOiHC7zxsb","Summer Walker","Closure","LVRN/Interscope Records",151,-1,1,"1644999"
152,"spotify:track:5lkpeJwmQKgY3bX2zChjxX","Adele","Someone Like You","XL Recordings",45,108,4,"1632182"
153,"spotify:track:04sN26COy28wTXYj3dMoiZ","Billie Eilish","Bored","Darkroom",86,130,7,"1630006"
154,"spotify:track:4mIHgQ3ofK2RK34UdbqMbe","Key Glock","Ambition For Cash","Paper Route EMPIRE",154,-1,1,"1629882"
155,"spotify:track:4pvb0WLRcMtbPGmtejJJ6y","Taylor Swift, Bon Iver","exile (feat. Bon Iver)","Taylor Swift",3,178,19,"1629316"
156,"spotify:track:7hxHWCCAIIxFLCzvDgnQHX","Internet Money, Gunna, Don Toliver, NAV","Lemonade (feat. NAV)","Internet Money Records / TenThousand Projects",1,144,65,"1628291"
157,"spotify:track:1DNA2z7Txysjk3cNz2nDLm","RealestK","WFM","Columbia",56,96,5,"1627499"
158,"spotify:track:7qEHsqek33rTcFNT9PFqLf","Lewis Capaldi","Someone You Loved","Vertigo Berlin",6,153,133,"1625170"
159,"spotify:track:7j31rVgGX9Q2blT92VBEA0","My Chemical Romance","Teenagers","Reprise",104,132,7,"1621644"
160,"spotify:track:1f3yAtsJtY87CTmM8RLnxf","Nirvana","Smells Like Teen Spirit","Geffen",114,162,18,"1615451"
161,"spotify:track:5rW7qTn83sCKtqBoneJs63","bbno$, Rich Brian","edamame","bbno$",111,160,9,"1597890"
162,"spotify:track:5QO79kh1waicV47BqGRL3g","The Weeknd","Save Your Tears","Republic Records",2,187,50,"1589659"
163,"spotify:track:0y60itmpH0aPKsFiGxmtnh","WILLOW","Wait a Minute!","Roc Nation W Smith P&D",110,152,30,"1587448"
164,"spotify:track:1fff5nZGyRJtFLkOrSSwOU","Thomas Rhett","Slow Down Summer","The Valory Music Co.",164,-1,1,"1583397"
165,"spotify:track:3cBsEDNhFI9E82vPj3kvi3","Morgan Wallen","Wasted On You","Big Loud / Republic",3,175,42,"1577076"
166,"spotify:track:2xLMifQCjDGFmkHkpNLD9h","Travis Scott","SICKO MODE","Cactus Jack / Epic",1,150,150,"1571940"
167,"spotify:track:6foY66mWZN0pSRjZ408c00","Morgan Wallen","Whiskey Glasses","Big Loud Records",59,176,133,"1571923"
168,"spotify:track:7vQbuQcyTflfCIOu3Uzzya","Bobby Helms","Jingle Bell Rock","Geffen",3,-1,29,"1569953"
169,"spotify:track:2HSmyk2qMN8WQjuGhaQgCk","Drake","Champagne Poetry","OVO",4,133,10,"1557710"
170,"spotify:track:5f3MXmTmstozFg0BH1yPUk","Jason Aldean, Carrie Underwood","If I Didn’t Love You","Broken Bow Records",47,-1,10,"1555727"
171,"spotify:track:40uMIn2zJLAQhNXghRjBed","Post Malone","Motley Crew","Republic Records",3,186,18,"1553185"
172,"spotify:track:45bE4HXI0AwGZXfZtMp8JR","Tate McRae","you broke me first","RCA Records Label",16,177,69,"1550373"
173,"spotify:track:2tGvwE8GcFKwNdAXMnlbfl","Olivia Rodrigo","happier","Olivia Rodrigo PS",5,158,25,"1547279"
174,"spotify:track:2vmfvSoZBFAt9hhRoEByLi","Aventura, Bad Bunny","Volví","Rimas Entertainment LLC",17,161,15,"1544030"
175,"spotify:track:1s9DTymg5UQrdorZf43JQm","Playboi Carti, Bryson Tiller","Fell In Luv (feat. Bryson Tiller)","AWGE Label",122,-1,2,"1543500"
176,"spotify:track:7fBv7CLKzipRk6EC6TWHOB","The Weeknd","The Hills","Universal Republic Records",27,173,50,"1538840"
177,"spotify:track:0wXuerDYiBnERgIpbb3JBR","Childish Gambino","Redbone","Glassnote Entertainment Group LLC",9,190,100,"1535469"
178,"spotify:track:1is8gU4RVcN4J8xItxWoOY","Clinton Kane","I GUESS I'M IN LOVE","Columbia",66,185,12,"1534175"
179,"spotify:track:0zO8ctW0UiuOefR87OeJOZ","ScHoolboy Q, Kendrick Lamar","Collard Greens","Schoolboy Q",113,164,13,"1530730"
180,"spotify:track:0ZLuW8uOXdFNWcI40C0OC2","Jack Harlow, Tory Lanez, DaBaby, Lil Wayne","Whats Poppin (feat. DaBaby, Tory Lanez & Lil Wayne) [Remix] - Bonus Track","Generation Now/Atlantic",2,170,73,"1530670"
181,"spotify:track:6K4t31amVTZDgR3sKmwUJJ","Tame Impala","The Less I Know The Better","Universal Music Australia Pty. Ltd.",117,194,108,"1527186"
182,"spotify:track:6LNoArVBBVZzUTUiAX2aKO","Kanye West","Off The Grid","Rock The World/IDJ/Kanye LP7",4,151,11,"1525019"
183,"spotify:track:161DnLWsx1i3u1JT05lzqU","Bruno Mars","Talking to the Moon","Atlantic Records",64,-1,29,"1523230"
184,"spotify:track:0PvFJmanyNQMseIFrU708S","Pop Smoke, Lil Baby, DaBaby","For The Night (feat. Lil Baby & DaBaby)","Victor Victor Worldwide",2,174,71,"1518767"
185,"spotify:track:2gMXnyrvIjhVBUZwvLZDMP","Lewis Capaldi","Before You Go","Vertigo Berlin",42,191,99,"1518007"
186,"spotify:track:2iUmqdfGZcHIhS3b9E9EWq","Neon Trees","Everybody Talks","Mercury Records",124,172,37,"1517015"
187,"spotify:track:0qXP5fMhxGzxALOkXYUxfP","A-Wall","Loverboy","Lord A-Wall Records",61,163,13,"1516510"
188,"spotify:track:4gvrJnKCKIPiacNsWVQwEU","CKay, Dj Yo!, AX'EL","love nwantiti (feat. Dj Yo! & AX'EL) - Remix","WM South Africa",112,148,6,"1516248"
189,"spotify:track:3fqwjXwUGN6vbzIwvyFMhx","Chris Stapleton","Tennessee Whiskey","Mercury Nashville",135,-1,45,"1512950"
190,"spotify:track:0jA4h2SD50Oak4C3Vn905a","TV Girl","Not Allowed","TV Girl",161,193,5,"1506768"
191,"spotify:track:4qu63nuBpdn0qHUHuObEj1","Marshmello, Jonas Brothers","Leave Before You Love Me (with Jonas Brothers)","Republic Records",45,155,25,"1506051"
192,"spotify:track:0MMyJUC3WNnFS1lit5pTjk","Olivia Rodrigo","jealousy, jealousy","Olivia Rodrigo PS",10,168,25,"1503879"
193,"spotify:track:7AQim7LbvFVZJE3O8TYgf2","XXXTENTACION, Trippie Redd","Fuck Love","Bad Vibes Forever / EMPIRE",8,196,183,"1501018"
194,"spotify:track:6SRsiMl7w1USE4mFqrOhHC","Olivia Rodrigo","brutal","Olivia Rodrigo PS",4,167,25,"1497260"
195,"spotify:track:6IBcOGPsniK3Pso1wHIhew","Luke Combs","Forever After All","River House Artists/Columbia Nashville",2,-1,54,"1495676"
196,"spotify:track:1k7Sn04nBNcLKbSwORsFgJ","Summer Walker","Session 33","LVRN/Interscope Records",196,-1,1,"1494993"
197,"spotify:track:1dIWPXMX4kRHj6Dt2DStUQ","Blxst, Tyga, Ty Dolla $ign","Chosen (feat. Ty Dolla $ign)","Red Bull Records Inc. / Evgle LLC",132,181,12,"1493089"
198,"spotify:track:0u2P5u6lvoDfwTYjAADbn4","Billie Eilish, Khalid","lovely (with Khalid)","Darkroom",24,192,175,"1490717"
199,"spotify:track:6E90gq0KO6FYZVOXx8kCcC","Masked Wolf","Astronaut In The Ocean","Elektra (NEK)",4,179,40,"1489911"
200,"spotify:track:6hDgNvgXstF65ymjGlxpky","Summer Walker, Pharrell Williams, The Neptunes","Dat Right There (with Pharrell Williams & The Neptunes)","LVRN/Interscope Records",200,-1,1,"1489534"
