﻿rank,uri,artist_names,track_name,source,peak_rank,previous_rank,weeks_on_chart,streams
1,"spotify:track:0gplL1WMoJ6iYaPgMCL0gX","Adele","Easy On Me","Columbia",1,1,2,"11772768"
2,"spotify:track:5Z9KJZvQzH6PFmb8SNkxuk","Lil Nas X, Jack Harlow","INDUSTRY BABY (feat. Jack Harlow)","Columbia",1,2,14,"8661044"
3,"spotify:track:5PjdY0CKGZdEuoNab3yDmX","The Kid LAROI, Justin Bieber","STAY (with Justin Bieber)","Columbia",1,3,16,"7506705"
4,"spotify:track:02MWAaffLxlfxAUY7c5dvx","Glass Animals","Heat Waves","Polydor Records",4,5,48,"6624028"
5,"spotify:track:2gpWyfu7eZ01zzncHpxOtA","Swedish House Mafia, The Weeknd","Moth To A Flame (with The Weeknd)","Republic Records",5,-1,1,"6495975"
6,"spotify:track:2BcMwX1MPV6ZHP4tUT9uq6","Drake, 21 Savage, Project Pat","Knife Talk (with 21 Savage ft. Project Pat)","OVO",2,4,8,"6411040"
7,"spotify:track:0k1WUmIRnG3xU6fvvDVfRG","Drake, Future, Young Thug","Way 2 Sexy (with Future & Young Thug)","OVO",1,6,8,"5971886"
8,"spotify:track:6f5ExP43esnvdKPddwKXJH","NEIKED, Mae Muller, Polo G","Better Days (NEIKED x Mae Muller x Polo G)","Capitol Records UK / EMI",8,19,2,"5829876"
9,"spotify:track:3Vi5XqYrmQgOYBajMWSvCi","Doja Cat","Need to Know","Kemosabe Records/RCA Records",4,7,20,"5558149"
10,"spotify:track:07MDkzWARZaLEdKxo6yArG","THE ANXIETY, WILLOW, Tyler Cole","Meet Me At Our Spot","MSFTSMusic / Roc Nation Records, LLC",10,10,10,"5253556"
11,"spotify:track:4ZtFanR9U6ndgddUvNcjcG","Olivia Rodrigo","good 4 u","Olivia Rodrigo PS",1,9,24,"4983801"
12,"spotify:track:3DarAbFujv6eYNliUTyqtz","Doja Cat, SZA","Kiss Me More (feat. SZA)","Kemosabe Records/RCA Records",1,11,29,"4665389"
13,"spotify:track:3QFInJAm9eyaho5vBzxInN","Baby Keem, Kendrick Lamar","family ties (with Kendrick Lamar)","Columbia",8,13,9,"4440338"
14,"spotify:track:6Uj1ctrBOjOas8xZXGqKk4","Doja Cat","Woman","Kemosabe Records/RCA Records",12,12,18,"4343528"
15,"spotify:track:75MNhvTCCKsST3YqqUiU9r","Ed Sheeran","Shivers","Atlantic Records UK",15,15,7,"4252264"
16,"spotify:track:0e8nrvls4Qqv5Rfa2UhqmO","Lil Nas X","THATS WHAT I WANT","Columbia",4,14,6,"4193280"
17,"spotify:track:1SC5rEoYDGUK4NfG82494W","Lil Nas X","MONTERO (Call Me By Your Name)","Columbia",1,16,31,"3994182"
18,"spotify:track:6PQ88X9TkUIAUIZJHW2upE","Ed Sheeran","Bad Habits","Atlantic Records UK",7,18,18,"3823480"
19,"spotify:track:4RVwu0g32PAqgUiJoXsdF8","Billie Eilish","Happier Than Ever","Darkroom/Interscope Records",3,20,13,"3753240"
20,"spotify:track:40iJIUlhi6renaREYGeIDS","Drake, Travis Scott","Fair Trade (with Travis Scott)","OVO",3,17,8,"3732635"
21,"spotify:track:7rglLriMNBPAyuJOMGwi39","Elton John, Dua Lipa, PNAU","Cold Heart - PNAU Remix","EMI",21,30,10,"3653153"
22,"spotify:track:5CZ40GBx1sQ9agT82CLQCT","Olivia Rodrigo","traitor","Olivia Rodrigo PS",3,23,23,"3615962"
23,"spotify:track:4yNoUQkYf1QF8iYlEzNynH","Nardo Wick, G Herbo, Lil Durk, 21 Savage","Who Want Smoke?? (feat. G Herbo, Lil Durk & 21 Savage)","Not specified",23,24,3,"3550469"
24,"spotify:track:4XvcHTUfIlWfyJTRG0aqlo","Sleepy Hallow","2055","Winners Circle/RCA Records",8,21,19,"3536708"
25,"spotify:track:3NqBxTOMCJ3zW9CIP51td4","Eslabon Armado, DannyLux","Jugaste y Sufrí","DEL Records",23,27,10,"3463234"
26,"spotify:track:2QjOHCTQ1Jl3zawyYOpxh6","The Neighbourhood","Sweater Weather","Columbia",19,33,62,"3422080"
27,"spotify:track:7hU3IHwjX150XLoTVmjD0q","LISA","MONEY","YG Entertainment/Interscope Records",27,42,4,"3418579"
28,"spotify:track:37y7iDayfwm3WXn5BiAoRk","Steve Lacy","Dark Red","Three Quarter",24,29,12,"3339389"
29,"spotify:track:5nujrmhLynf4yMoMtj8AQF","Dua Lipa, DaBaby","Levitating (feat. DaBaby)","Warner Records",4,26,56,"3332059"
30,"spotify:track:2Xr1dTzJee307rmrkt8c0g","CKay","love nwantiti (ah ah ah)","Chocolate City Music",30,31,6,"3185121"
31,"spotify:track:2B4GHvToeLTOBB4QLzW3Ni","Farruko","Pepas","Sony Music Latin",20,28,14,"3179993"
32,"spotify:track:46HNZY1i7O6jwTA7Slo2PI","Coldplay, BTS","My Universe","Parlophone UK",19,22,5,"3162986"
33,"spotify:track:4KDNRh9Oor80z3XIxdWlui","Young Thug, Drake, Travis Scott","Bubbly (with Drake & Travis Scott)","300 Entertainment/Atl",8,8,2,"3142193"
34,"spotify:track:3Wrjm47oTz2sjIgck11l5e","Måneskin","Beggin'","RCA Records Label",5,34,19,"3103521"
35,"spotify:track:0lnpnsrVaW9elGgRxpDCgE","Walker Hayes","Fancy Like","Monument Records",22,25,18,"3089444"
36,"spotify:track:18vXApRmJSgQ6wG2ll9AOg","Polo G","RAPSTAR","Columbia",1,39,29,"3036940"
37,"spotify:track:0eu4C55hL6x29mmeAjytzC","Oliver Tree","Life Goes On","Atlantic Records",31,32,7,"3028873"
38,"spotify:track:0W6I02J9xcqK8MtSeosEXb","Doja Cat","Get Into It (Yuh)","Kemosabe Records/RCA Records",18,38,18,"2990144"
39,"spotify:track:37Nqx7iavZpotJSDXZWbJ3","Drake, Lil Baby","Girls Want Girls (with Lil Baby)","OVO",1,36,8,"2945722"
40,"spotify:track:0WSEq9Ko4kFPt8yo3ICd6T","Kanye West","Praise God","Rock The World/IDJ/Kanye LP7",7,47,9,"2923672"
41,"spotify:track:6Hfu9sc7jvv6coyy2LlzBF","Kanye West","Hurricane","Rock The World/IDJ/Kanye LP7",1,37,9,"2822011"
42,"spotify:track:0k4d5YPDr1r7FX77VdqWez","Doja Cat, The Weeknd","You Right","Kemosabe Records/RCA Records",4,58,18,"2801693"
43,"spotify:track:25GyyK9CyZRiDCsPY51fIT","Lil Tjay, Fivio Foreign, Kay Flock","Not In The Mood (feat. Fivio Foreign & Kay Flock)","Columbia",43,-1,1,"2697178"
44,"spotify:track:0VjIjW4GlUZAMYd2vXMi3b","The Weeknd","Blinding Lights","Republic Records",1,55,100,"2656317"
45,"spotify:track:5lAnYvAIkSDNXqfo7DyFUm","Doja Cat","Ain't Shit","Kemosabe Records/RCA Records",4,46,18,"2654099"
46,"spotify:track:62vpWI1CHwFy7tMIcSStl8","J. Cole","No Role Modelz","Roc Nation Records LLC",43,49,194,"2622195"
47,"spotify:track:6O5TrlFWTYvznd9fMC0VvU","Adele","When We Were Young","XL Recordings",35,35,3,"2604177"
48,"spotify:track:4gzsuuZypVbxs0Af1LSZyB","Tainy, Bad Bunny, Julieta Venegas","Lo Siento BB:/ (with Bad Bunny & Julieta Venegas)","Neon16",18,41,4,"2590931"
49,"spotify:track:6G2xXQRSZlEzYsUEb3uvuR","Ivan Cornejo","Está Dañada","Manzana Records, Inc.",44,44,4,"2576334"
50,"spotify:track:4SqWKzw0CbA05TGszDgMlc","The Walters","I Love You So","Warner Records",50,71,3,"2557038"
51,"spotify:track:65OVbaJR5O1RmwOQx0875b","Drake, Lil Baby","Wants and Needs (feat. Lil Baby)","OVO",2,48,34,"2554225"
52,"spotify:track:7EkWXAI1wn8Ii883ecd9xr","Surf Curse","Freaks","Surf Curse",31,52,27,"2547516"
53,"spotify:track:6HU7h9RYOaPRFeh0R3UeAr","Olivia Rodrigo","deja vu","Olivia Rodrigo PS",2,50,30,"2529881"
54,"spotify:track:6I3mqTwhRpn34SLVafSH7G","Justin Bieber","Ghost","RBMG/Def Jam",24,65,6,"2516954"
55,"spotify:track:29TPjc8wxfz4XMn21O7VsZ","Playboi Carti","Sky","AWGE/Interscope Records",55,70,10,"2404628"
56,"spotify:track:7zjEyeBsaw9gV0jofJLfOM","Young Thug, A$AP Rocky, Post Malone","Livin It Up (with Post Malone & A$AP Rocky)","300 Entertainment/Atl",43,43,2,"2383053"
57,"spotify:track:30QR0ndUdiiMQMA9g1PGCm","$uicideboy$","...And to Those I Love, Thanks for Sticking Around","G59 Records",37,51,31,"2377203"
58,"spotify:track:5reQI13tWWYDLMrGcUF4Mk","Monsieur Periné, Vicente Garcia","Nuestra Canción","Monsieur Perine",58,-1,1,"2370097"
59,"spotify:track:5lkpeJwmQKgY3bX2zChjxX","Adele","Someone Like You","XL Recordings",45,45,2,"2341271"
60,"spotify:track:5wANPM4fQCJwkGd4rN57mH","Olivia Rodrigo","drivers license","Olivia Rodrigo PS",1,62,42,"2334781"
61,"spotify:track:18ddJHQ7CUzNBiy55L0Xjj","RealestK","WFM","1893821 Records DK",56,56,3,"2267233"
62,"spotify:track:4iJyoBOLtHqaGxP12qzhQI","Justin Bieber, Daniel Caesar, Giveon","Peaches (feat. Daniel Caesar & Giveon)","RBMG/Def Jam",1,60,32,"2266379"
63,"spotify:track:3T9BKc4kB7ukeNQrCqv6ZV","Meek Mill, Lil Durk, Lil Baby","Sharing Locations (feat. Lil Baby & Lil Durk)","MMG/Atlantic",26,59,9,"2236533"
64,"spotify:track:2vWBUC9djv6BtiGlmKiQaH","Yot Club","YKWIM?","yot club under exclusive license to Amuseio AB",63,72,17,"2213845"
65,"spotify:track:5gZYpjakt37G3c58FKcQwJ","Trippie Redd, Playboi Carti","Miss The Rage","Homemade Projects / 10K Projects",4,68,25,"2186594"
66,"spotify:track:1sx0XsWUusUoPstbvokZjP","Tai Verdes","AOK","Arista Records",39,64,20,"2176486"
67,"spotify:track:7CC6UbCs4iGsePSzFxYxNn","Kanye West","Moon","Rock The World/IDJ/Kanye LP7",6,61,9,"2164497"
68,"spotify:track:6IAZHEBUIGJ6NJKxxOBIEr","Adele","Rolling in the Deep","XL Recordings",54,54,2,"2149577"
69,"spotify:track:7nc7mlSdWYeFom84zZ8Wr8","Cochise, $NOT","Tell Em","Columbia",26,83,22,"2144506"
70,"spotify:track:4eL3XeuGaEoVT8ttDh3hwY","Gunna, Future","too easy","300 Entertainment",28,57,5,"2125078"
71,"spotify:track:0RiRZpuVRbi7oqRdSMwhQY","Post Malone, Swae Lee","Sunflower - Spider-Man: Into the Spider-Verse","Republic Records",1,79,158,"2098374"
72,"spotify:track:2ZXxRC6V6AXzMdbLQZMHSB","Lil Tecca","LOT OF ME","Galactic / Republic Records",65,87,6,"2079730"
73,"spotify:track:0uxSUdBrJy9Un0EYoBowng","Lil Uzi Vert","20 Min","Generation Now/Atlantic",73,84,90,"2058356"
74,"spotify:track:32BeYxKPrig1LefHsC0Xuo","Billie Eilish","Happier Than Ever - Edit","Darkroom/Interscope Records",74,74,7,"2050536"
75,"spotify:track:2JPLbjOn0wPCngEot2STUS","Bad Bunny","Yonaguni","Rimas Entertainment LLC",5,80,21,"2027247"
76,"spotify:track:003vvx7Niy0yvhvHt4a68B","The Killers","Mr. Brightside","Island Records",72,90,65,"2022214"
77,"spotify:track:6RBfz4bNLNzvt37HycN1Xf","Khalid","Present","Right Hand Music Group, LLC/RCA Records",77,-1,1,"2018988"
78,"spotify:track:1VLtjHwRWOVJiE5Py7JxoQ","Polo G","Martin & Gina","Columbia",23,93,65,"2018393"
79,"spotify:track:37BZB0z9T8Xu7U3e65qxFy","The Weeknd, Ariana Grande","Save Your Tears (with Ariana Grande) (Remix)","Republic Records",5,66,27,"2007924"
80,"spotify:track:21jGcNKet2qwijlDFuPiPb","Post Malone","Circles","Republic Records",1,91,113,"1995816"
81,"spotify:track:7MAibcTli4IisCtbHKrGMh","Bruno Mars, Anderson .Paak, Silk Sonic","Leave The Door Open","Aftermath Entertainment/Atlantic",4,89,34,"1989754"
82,"spotify:track:4qu63nuBpdn0qHUHuObEj1","Marshmello, Jonas Brothers","Leave Before You Love Me (with Jonas Brothers)","Republic Records",45,92,23,"1986174"
83,"spotify:track:69AIpwGNLxr4qS1X5ynx60","Jordan Davis, Luke Bryan","Buy Dirt","MCA Nashville",83,104,11,"1980066"
84,"spotify:track:7kDUspsoYfLkWnZR7qwHZl","Machine Gun Kelly, blackbear","my ex's best friend (with blackbear)","Bad Boy/Interscope Records",11,85,64,"1978098"
85,"spotify:track:3YJJjQPAbDT7mGpX3WtQ9A","SZA","Good Days","Top Dawg Entertainment/RCA Records",1,96,44,"1976425"
86,"spotify:track:4VXIryQMWpIdGgYR4TrjT1","Juice WRLD","All Girls Are The Same","Juice WRLD Mixtape / ISR P&D",13,98,183,"1947270"
87,"spotify:track:0DuWDLjriRPjDRoPgaCslY","Adele","Love In The Dark","XL Recordings",63,63,2,"1944005"
88,"spotify:track:5E30LdtzQTGqRvNd7l6kG5","The Neighbourhood","Daddy Issues","Columbia",59,111,59,"1932759"
89,"spotify:track:3FAJ6O0NOHQV8Mc5Ri6ENp","Giveon","Heartbreak Anniversary","Epic/Not So Fast",9,97,38,"1932233"
90,"spotify:track:6M3PsepEj5gyJoIi7Xvr7u","The Weeknd","Take My Breath - Single Version","XO / Republic Records",5,81,12,"1927865"
91,"spotify:track:5JCoSi02qi3jJeHdZXMmR8","Olivia Rodrigo","favorite crime","Olivia Rodrigo PS",5,95,23,"1922911"
92,"spotify:track:5SixeLvPsYpk7qq9lo5xYg","Chlöe","Have Mercy","Parkwood Entertainment/Columbia",43,78,7,"1914641"
93,"spotify:track:1BYZxKSf0aTxp8ZFoeyM3d","girl in red","we fell in love in october","world in red",93,106,7,"1892566"
94,"spotify:track:7H0ya83CMmgFcOhw0UB6ow","Beach House","Space Song","Sub Pop Records",94,107,16,"1890947"
95,"spotify:track:5zNW5ARjYhJQJz1AChP33n","Megan Thee Stallion","Thot Shit","300 Entertainment",11,102,20,"1890297"
96,"spotify:track:64EA2RKyciBwCuVczLH6Ct","siouxxie sixxsta","masquerade","Elektra (NEK)",96,124,3,"1867835"
97,"spotify:track:0Fs9cdPDhptWEDJmiCbkEW","J. Cole, Cults, Amber Coffman","She Knows (feat. Amber Coffman & Cults)","Roc Nation LLC",74,103,13,"1866862"
98,"spotify:track:2HSmyk2qMN8WQjuGhaQgCk","Drake","Champagne Poetry","OVO",4,82,8,"1863300"
99,"spotify:track:51pshtuYkgUQnt5huMPbKL","Mac Miller, Empire of the Sun","The Spins","Rostrum Records",91,101,35,"1842931"
100,"spotify:track:3jfZ9M23l0L7RxzYMTgBTv","Joy Again","Looking Out for You","Arista Records",100,148,6,"1836845"
101,"spotify:track:285pBltuF7vW8TeWk8hdRR","Juice WRLD","Lucid Dreams","Juice WRLD Mixtape / ISR P&D",1,114,182,"1835530"
102,"spotify:track:6UelLqGlWMcVH1E5c4H7lY","Harry Styles","Watermelon Sugar","Columbia",4,108,102,"1833567"
103,"spotify:track:4jPy3l0RUwlUI9T5XHBW2m","24kGoldn, iann dior","Mood (feat. iann dior)","Records/Columbia",2,109,64,"1833540"
104,"spotify:track:7j31rVgGX9Q2blT92VBEA0","My Chemical Romance","Teenagers","Reprise",104,113,5,"1823961"
105,"spotify:track:58ge6dfP91o9oXMzq3XkIS","Arctic Monkeys","505","Domino/Warner Records",105,116,41,"1823222"
106,"spotify:track:6cUHiQEECDl5m3WFGQ1GCR","Trippie Redd, Polo G, Lil Durk","Rich MF (feat. Lil Durk)","Homemade Projects / 10K Projects",21,94,10,"1820532"
107,"spotify:track:0rKtyWc8bvkriBthvHKY8d","Joji","SLOW DANCING IN THE DARK","88rising Music/Warner Records",29,122,162,"1813012"
108,"spotify:track:04sN26COy28wTXYj3dMoiZ","Billie Eilish","Bored","Darkroom",86,119,5,"1812861"
109,"spotify:track:6FE2iI43OZnszFLuLtvvmg","MKTO","Classic","Columbia/M2V",102,120,8,"1808004"
110,"spotify:track:0ofHAoxe9vBkTCp2UQIavz","Fleetwood Mac","Dreams - 2004 Remaster","Rhino/Warner Records",6,110,60,"1806954"
111,"spotify:track:4S4QJfBGGrC8jRIjJHf1Ka","PinkPantheress","Pain","Parlophone UK",48,73,17,"1793665"
112,"spotify:track:4gvrJnKCKIPiacNsWVQwEU","CKay, Dj Yo!, AX'EL","love nwantiti (feat. Dj Yo! & AX'EL) - Remix","WM South Africa",112,133,4,"1792949"
113,"spotify:track:2Y0wPrPQBrGhoLn14xRYCG","Juice WRLD, Marshmello","Come & Go (with Marshmello)","Grade A Productions/Interscope Records",1,121,68,"1789653"
114,"spotify:track:6tDDoYIxWvMLTdKpjFkc1B","Kali Uchis","telepatía","EMI / Interscope",4,118,37,"1787801"
115,"spotify:track:2LBqCSwhJGcFQeTHMVGwy3","The Weeknd","Die For You","Universal Republic Records",74,134,34,"1765997"
116,"spotify:track:2tUL6dZf1mywCj5WvCPZw6","Drake","No Friends In The Industry","OVO",9,100,8,"1759130"
117,"spotify:track:7GX5flRQZVHRAGd6B4TmDO","Lil Uzi Vert","XO Tour Llif3","Generation Now/Atlantic",2,130,237,"1744047"
118,"spotify:track:60ynsPSSKe6O3sfwRnIBRf","Doja Cat","Streets","Kemosabe Records/RCA Records",3,140,42,"1740348"
119,"spotify:track:5W8HXMOMLtXLz0RGKUtnlZ","Skylar Grey, Polo G, Mozzy, Eminem","Last One Standing (feat. Polo G, Mozzy & Eminem) - From Venom: Let There Be Carnage","Shady Records/Interscope Records",36,88,4,"1732794"
120,"spotify:track:4xqrdfXkTW4T0RauPLv3WA","Conan Gray","Heather","Republic Records",9,139,69,"1731955"
121,"spotify:track:4MzXwWMhyBbmu6hOcLVD49","Bad Bunny, Jhayco","DÁKITI","Rimas Entertainment LLC",1,123,52,"1731385"
122,"spotify:track:6gBFPUFcJLzWGx4lenP6h2","Travis Scott","goosebumps","Cactus Jack / Epic",8,141,252,"1731043"
123,"spotify:track:0y60itmpH0aPKsFiGxmtnh","WILLOW","Wait a Minute!","Roc Nation W Smith P&D",110,129,28,"1730343"
124,"spotify:track:7m9OqQk4RVRkw9JJdeAw96","XXXTENTACION","Jocelyn Flores","Bad Vibes Forever / EMPIRE",3,143,218,"1721320"
125,"spotify:track:6LNoArVBBVZzUTUiAX2aKO","Kanye West","Off The Grid","Rock The World/IDJ/Kanye LP7",4,117,9,"1719898"
126,"spotify:track:2GiJYvgVaD2HtM8GqD9EgQ","BØRNS","Electric Love","UMGRI Interscope",44,127,70,"1719809"
127,"spotify:track:7iqQz931tn59mK6IZ3knRx","Lana Del Rey","Dealer","Polydor Records",127,-1,1,"1710628"
128,"spotify:track:6M47gaKejso9772SKTa3yH","Tech N9ne, Joey Cool, King Iso, Dwayne Johnson","Face Off","Strange Music, Inc",125,125,2,"1707314"
129,"spotify:track:25r6MZ4Gtd76l43qnZI1DG","Don Toliver, Travis Scott","Flocky Flocky (feat. Travis Scott)","Cactus Jack / Atlantic",26,67,3,"1705515"
130,"spotify:track:2tGvwE8GcFKwNdAXMnlbfl","Olivia Rodrigo","happier","Olivia Rodrigo PS",5,132,23,"1696180"
131,"spotify:track:5JKnYZOhSP7rOK0jPYcCjV","WILLOW, Travis Barker","t r a n s p a r e n t s o u l feat. Travis Barker","MSFTSMusic / Roc Nation Records, LLC",20,126,24,"1694785"
132,"spotify:track:2wAJTrFhCnQyNSD3oUgTZO","J. Cole","Work Out","Roc Nation LLC",111,138,17,"1690513"
133,"spotify:track:2U5WueTLIK5WJLD7mvDODv","Juice WRLD","Wishing Well","Grade A Productions/Interscope Records",1,144,68,"1683069"
134,"spotify:track:6DEMMeWXfmFAXgDUMMzeg6","Adele","All I Ask","XL Recordings",86,86,2,"1676481"
135,"spotify:track:7hxHWCCAIIxFLCzvDgnQHX","Internet Money, Gunna, Don Toliver, NAV","Lemonade (feat. NAV)","Internet Money Records / TenThousand Projects",1,142,63,"1670661"
136,"spotify:track:5rW7qTn83sCKtqBoneJs63","bbno$, Rich Brian","edamame","bbno$",111,135,7,"1670451"
137,"spotify:track:7KA4W4McWYRpgf0fWsJZWB","Tyler, The Creator, Kali Uchis","See You Again (feat. Kali Uchis)","Columbia",55,158,17,"1666338"
138,"spotify:track:0MMyJUC3WNnFS1lit5pTjk","Olivia Rodrigo","jealousy, jealousy","Olivia Rodrigo PS",10,136,23,"1657687"
139,"spotify:track:2HbKqm4o0w5wEeEFXm2sD4","Kendrick Lamar, Jay Rock","Money Trees","Aftermath",88,149,45,"1657310"
140,"spotify:track:6SRsiMl7w1USE4mFqrOhHC","Olivia Rodrigo","brutal","Olivia Rodrigo PS",4,137,23,"1652363"
141,"spotify:track:0qXP5fMhxGzxALOkXYUxfP","A-Wall","Loverboy","Lord A-Wall Records",61,145,11,"1644524"
142,"spotify:track:7j4OmvkjRz0PrjFADlHfQx","Adele","Set Fire to the Rain","XL Recordings",76,76,2,"1622364"
143,"spotify:track:1f3yAtsJtY87CTmM8RLnxf","Nirvana","Smells Like Teen Spirit","Geffen",114,146,16,"1620665"
144,"spotify:track:7qEHsqek33rTcFNT9PFqLf","Lewis Capaldi","Someone You Loved","Vertigo Berlin",6,156,131,"1620093"
145,"spotify:track:6Hj9jySrnFppAI0sEMCZpJ","Juice WRLD","Robbery","Grade A Productions/Interscope Records",3,159,141,"1617862"
146,"spotify:track:2vmfvSoZBFAt9hhRoEByLi","Aventura, Bad Bunny","Volví","Rimas Entertainment LLC",17,131,13,"1616909"
147,"spotify:track:1Ov37jtRQ2YNAe8HzfczkL","Taylor Swift","Wildest Dreams (Taylor's Version)","Taylor Swift",20,128,6,"1607974"
148,"spotify:track:2DTpP3caqX3QdJIEoS83mD","Joyner Lucas, J. Cole","Your Heart","Twenty Nine Music Group",22,105,5,"1606528"
149,"spotify:track:4kTLpAbhuEGHAAdDjOIWaa","Kid Cudi, MGMT, Ratatat","Pursuit Of Happiness (Nightmare)","Kid Cudi/Universal Records",142,160,8,"1596097"
150,"spotify:track:0zO8ctW0UiuOefR87OeJOZ","ScHoolboy Q, Kendrick Lamar","Collard Greens","Schoolboy Q",113,153,11,"1594683"
151,"spotify:track:2iUmqdfGZcHIhS3b9E9EWq","Neon Trees","Everybody Talks","Mercury Records",124,163,35,"1587309"
152,"spotify:track:135Lf4Q0CzlMNfOxbEUsLH","Benson Boone","GHOST TOWN","Night Street Records, Inc./Warner Records Inc.",152,-1,1,"1584490"
153,"spotify:track:2eAZfqOm4EnOF9VvN50Tyc","Lil Uzi Vert, Oh Wonder","The Way Life Goes (feat. Oh Wonder)","Generation Now/Atlantic",8,176,83,"1583503"
154,"spotify:track:5RwV8BvLfX5injfqYodke9","Rauw Alejandro","Todo De Ti","Sony Music Latin/Duars Entertainment",18,151,22,"1582544"
155,"spotify:track:4c7LkE1lSNj3RR4cZo0jEi","Moneybagg Yo, Lil Durk, EST Gee","Switches & Dracs (with Lil Durk feat. EST Gee)","CMG/N-Less/Interscope Records",155,-1,1,"1574053"
156,"spotify:track:3cBsEDNhFI9E82vPj3kvi3","Morgan Wallen","Wasted On You","Big Loud / Republic",3,169,40,"1572340"
157,"spotify:track:6foY66mWZN0pSRjZ408c00","Morgan Wallen","Whiskey Glasses","Big Loud Records",59,161,131,"1572034"
158,"spotify:track:1dIWPXMX4kRHj6Dt2DStUQ","Blxst, Tyga, Ty Dolla $ign","Chosen (feat. Ty Dolla $ign)","Red Bull Records Inc. / Evgle LLC",132,152,10,"1568660"
159,"spotify:track:0ZLuW8uOXdFNWcI40C0OC2","Jack Harlow, Tory Lanez, DaBaby, Lil Wayne","Whats Poppin (feat. DaBaby, Tory Lanez & Lil Wayne) [Remix] - Bonus Track","Generation Now/Atlantic",2,164,71,"1564982"
160,"spotify:track:6E90gq0KO6FYZVOXx8kCcC","Masked Wolf","Astronaut In The Ocean","Elektra (NEK)",4,155,38,"1561850"
161,"spotify:track:0jA4h2SD50Oak4C3Vn905a","TV Girl","Not Allowed","TV Girl",161,190,3,"1555830"
162,"spotify:track:45bE4HXI0AwGZXfZtMp8JR","Tate McRae","you broke me first","RCA Records Label",16,170,67,"1555466"
163,"spotify:track:7fBv7CLKzipRk6EC6TWHOB","The Weeknd","The Hills","Universal Republic Records",27,179,48,"1553621"
164,"spotify:track:0PvFJmanyNQMseIFrU708S","Pop Smoke, Lil Baby, DaBaby","For The Night (feat. Lil Baby & DaBaby)","Victor Victor Worldwide",2,168,69,"1550271"
165,"spotify:track:52nTQQahs46s1iHFQ3Wv5Q","Lil Durk","Pissed Me Off","Alamo",53,53,2,"1548934"
166,"spotify:track:1is8gU4RVcN4J8xItxWoOY","Clinton Kane","I GUESS I'M IN LOVE","Columbia",66,166,10,"1547459"
167,"spotify:track:78QR3Wp35dqAhFEc2qAGjE","Lil Baby, Gunna","Drip Too Hard (Lil Baby & Gunna)","Quality Control Music/Young Stoner Life Records, a 300 Entertainment Label/Motown Records/Capitol Records",1,174,156,"1546953"
168,"spotify:track:3J8EOeKLTLXORtWPpOU5bE","Lil Tjay, 6LACK","Calling My Phone","Columbia",1,175,37,"1541164"
169,"spotify:track:5f3MXmTmstozFg0BH1yPUk","Jason Aldean, Carrie Underwood","If I Didn’t Love You","Broken Bow Records",47,173,9,"1537240"
170,"spotify:track:0u2P5u6lvoDfwTYjAADbn4","Billie Eilish, Khalid","lovely (with Khalid)","Darkroom",24,186,173,"1535128"
171,"spotify:track:1EJIcDYXwSqipW5dFe4uJz","DJ Khaled, Lil Baby, Lil Durk","EVERY CHANCE I GET (feat. Lil Baby & Lil Durk)","Epic/We The Best",24,162,26,"1527114"
172,"spotify:track:1D3z6HTiQsNmZxjl7F7eoG","J. Cole, 21 Savage, Morray","m y . l i f e (with 21 Savage & Morray)","Dreamville, Inc., Under exclusive license to Roc Nation Records",2,165,24,"1524734"
173,"spotify:track:2gMXnyrvIjhVBUZwvLZDMP","Lewis Capaldi","Before You Go","Vertigo Berlin",42,178,97,"1523666"
174,"spotify:track:0wXuerDYiBnERgIpbb3JBR","Childish Gambino","Redbone","Glassnote Entertainment Group LLC",9,-1,98,"1517030"
175,"spotify:track:2BJSMvOGABRxokHKB0OI8i","Playboi Carti, Lil Uzi Vert","Shoota (feat. Lil Uzi Vert)","AWGE Label",27,180,34,"1516451"
176,"spotify:track:5QO79kh1waicV47BqGRL3g","The Weeknd","Save Your Tears","Republic Records",2,194,48,"1509762"
177,"spotify:track:4pvb0WLRcMtbPGmtejJJ6y","Taylor Swift, Bon Iver","exile (feat. Bon Iver)","Taylor Swift",3,-1,17,"1508016"
178,"spotify:track:4s6vwFgPdCtidpEw8KuQT6","Lil Tecca, Gunna","REPEAT IT (with Gunna)","Galactic / Republic Records",28,172,12,"1504958"
179,"spotify:track:3AJwUDP919kvQ9QcozQPxg","Coldplay","Yellow","Parlophone UK",179,182,3,"1501115"
180,"spotify:track:0Z5ok0QLLttAKsujOZYOXf","Adele","Chasing Pavements","XL Recordings",99,99,2,"1496893"
181,"spotify:track:6IBcOGPsniK3Pso1wHIhew","Luke Combs","Forever After All","River House Artists/Columbia Nashville",2,171,53,"1496641"
182,"spotify:track:2tznHmp70DxMyr2XhWLOW0","Cage The Elephant","Cigarette Daydreams","RCA Records Label",114,184,36,"1488089"
183,"spotify:track:563SfWAHJs4FBZMkRN0IFN","Adele","Send My Love (To Your New Lover)","XL Recordings",106,115,9,"1483163"
184,"spotify:track:4cHKd6qPMR1TMx55KHlida","The Rare Occasions","Notion","Elektra (NEK)",177,177,2,"1481519"
185,"spotify:track:3hRV0jL3vUpRrcy398teAU","Lord Huron","The Night We Met","IAMSOUND",48,-1,30,"1481095"
186,"spotify:track:161DnLWsx1i3u1JT05lzqU","Bruno Mars","Talking to the Moon","Atlantic Records",64,197,28,"1466617"
187,"spotify:track:3fqwjXwUGN6vbzIwvyFMhx","Chris Stapleton","Tennessee Whiskey","Mercury Nashville",135,181,44,"1464446"
188,"spotify:track:6K4t31amVTZDgR3sKmwUJJ","Tame Impala","The Less I Know The Better","Universal Music Australia Pty. Ltd.",117,187,106,"1462751"
189,"spotify:track:4IowQDUOzUvNtp72HMDcKO","Chief Keef","Love Sosa","UMGRI Interscope",189,-1,1,"1461583"
190,"spotify:track:2JvzF1RMd7lE3KmFlsyZD8","J. Cole","MIDDLE CHILD","Dreamville, Inc., Under exclusive license to Roc Nation Records",1,189,137,"1459102"
191,"spotify:track:4F6yN5FsFW10Ucx7cLCzBh","Lil Baby, Gunna","Ready (feat. Gunna)","Quality Control Music/Motown Records/Capitol Records",75,-1,5,"1457838"
192,"spotify:track:2SAqBLGA283SUiwJ3xOUVI","Drake, Lil Durk","Laugh Now Cry Later (feat. Lil Durk)","OVO",2,185,63,"1456850"
193,"spotify:track:7sO5G9EABYOXQKNPNiE9NR","Offset, Metro Boomin","Ric Flair Drip (with Metro Boomin)","Slaughter Gang, LLC/Epic/Quality Control Music/Motown/Capitol/Boominati Worldwide/Republic",4,195,138,"1455348"
194,"spotify:track:6vN77lE9LK6HP2DewaN6HZ","Lil Baby, Drake","Yes Indeed","Quality Control Music, LLC",2,-1,95,"1454210"
195,"spotify:track:20BOju91NaEFK5Py4VJ2pp","Saweetie, Doja Cat","Best Friend (feat. Doja Cat)","ICY/Warner Records",12,193,42,"1454030"
196,"spotify:track:4EWCNWgDS8707fNSZ1oaA5","Kanye West","Heartless","Roc-A-Fella",137,191,13,"1453524"
197,"spotify:track:6pmNoWKk0r6zfIjWneJRxR","DaBaby, Lil Wayne","Lonely (with Lil Wayne)","South Coast Music / Interscope PS",47,150,7,"1447111"
198,"spotify:track:1yjY7rpaAQvKwpdUliHx0d","Paramore","Still into You","Fueled By Ramen",198,-1,1,"1443331"
199,"spotify:track:61Emqg95O9zo1GNOcyxq4Y","Giveon","For Tonight","Epic",138,-1,3,"1441841"
200,"spotify:track:40uMIn2zJLAQhNXghRjBed","Post Malone","Motley Crew","Republic Records",3,196,16,"1437530"
