﻿rank,uri,artist_names,track_name,source,peak_rank,previous_rank,weeks_on_chart,streams
1,"spotify:track:46IZ0fSY2mpAiktS3KOqds","Adele","Easy On Me","Columbia",1,1,7,"7984911"
2,"spotify:track:5enxwA8aAbwZbf5qCHORXi","Taylor Swift","All Too Well (10 Minute Version) (Taylor's Version) (From The Vault)","Taylor Swift",1,2,3,"7752149"
3,"spotify:track:5Z9KJZvQzH6PFmb8SNkxuk","Lil Nas X, Jack Harlow","INDUSTRY BABY (feat. Jack Harlow)","Columbia",1,4,19,"6842709"
4,"spotify:track:5PjdY0CKGZdEuoNab3yDmX","The Kid LAROI, Justin Bieber","STAY (with Justin Bieber)","Columbia",1,9,21,"6153223"
5,"spotify:track:02MWAaffLxlfxAUY7c5dvx","Glass Animals","Heat Waves","Polydor Records",4,12,53,"6060077"
6,"spotify:track:0bYg9bo50gSsH3LtXe2SQn","Mariah Carey","All I Want for Christmas Is You","Columbia",1,28,38,"5939362"
7,"spotify:track:2EjXfH91m7f8HiJN1yQg97","Brenda Lee","Rockin' Around The Christmas Tree","MCA Nashville",1,38,33,"5930242"
8,"spotify:track:4so0Wek9Ig1p6CRCHuINwW","Bing Crosby, Ken Darby Singers, John Scott Trotter & His Orchestra","White Christmas - 1947 Version","Geffen",8,106,25,"5731465"
9,"spotify:track:7vQbuQcyTflfCIOu3Uzzya","Bobby Helms","Jingle Bell Rock","Geffen",3,40,32,"5690290"
10,"spotify:track:7sMBvZCSUl99bJLXZaLa0b","Bruno Mars, Anderson .Paak, Silk Sonic","Smokin Out The Window","Aftermath Entertainment/Atlantic",2,6,4,"5610573"
11,"spotify:track:4fouWK6XVHhzl78KzQ1UjL","GAYLE","abcdefu","Atlantic/Arthouse Records",11,29,3,"5550508"
12,"spotify:track:1IcR6RlgvDczfvoWJSSY2A","Andy Williams","It's the Most Wonderful Time of the Year","Columbia",4,57,30,"5070980"
13,"spotify:track:2BcMwX1MPV6ZHP4tUT9uq6","Drake, 21 Savage, Project Pat","Knife Talk (with 21 Savage ft. Project Pat)","OVO",2,15,13,"4827914"
14,"spotify:track:3Kkjo3cT83cw09VJyrLNwX","Adele","Oh My God","Columbia",3,3,2,"4754941"
15,"spotify:track:3Vi5XqYrmQgOYBajMWSvCi","Doja Cat","Need to Know","Kemosabe Records/RCA Records",4,20,25,"4432113"
16,"spotify:track:4ZtFanR9U6ndgddUvNcjcG","Olivia Rodrigo","good 4 u","Olivia Rodrigo PS",1,27,29,"4353909"
17,"spotify:track:0k1WUmIRnG3xU6fvvDVfRG","Drake, Future, Young Thug","Way 2 Sexy (with Future & Young Thug)","OVO",1,19,13,"4211114"
18,"spotify:track:4PS1e8f2LvuTFgUs1Cn3ON","Nat King Cole","The Christmas Song (Merry Christmas To You)","CAPITOL CATALOG MKT (C92)",12,66,25,"4183387"
19,"spotify:track:0lLdorYw7lVrJydTINhWdI","Michael Bublé","It's Beginning to Look a Lot like Christmas","143/Reprise",7,60,29,"4126114"
20,"spotify:track:3QFInJAm9eyaho5vBzxInN","Baby Keem, Kendrick Lamar","family ties (with Kendrick Lamar)","Columbia",8,26,14,"4099682"
21,"spotify:track:6f5ExP43esnvdKPddwKXJH","NEIKED, Mae Muller, Polo G","Better Days (NEIKED x Mae Muller x Polo G)","Capitol Records UK / EMI",6,18,7,"4056082"
22,"spotify:track:3DarAbFujv6eYNliUTyqtz","Doja Cat, SZA","Kiss Me More (feat. SZA)","Kemosabe Records/RCA Records",1,31,34,"3996971"
23,"spotify:track:2FRnf9qhLbvw8fu4IBXx78","Wham!","Last Christmas","Epic",5,71,31,"3885166"
24,"spotify:track:1r9xUipOqoNwggBpENDsvJ","Imagine Dragons, JID, Arcane, League of Legends","Enemy (with JID) - from the series Arcane League of Legends","KIDinaKORNER/Interscope Records",24,49,5,"3806826"
25,"spotify:track:07MDkzWARZaLEdKxo6yArG","THE ANXIETY, WILLOW, Tyler Cole","Meet Me At Our Spot","MSFTSMusic / Roc Nation Records, LLC",10,30,15,"3748195"
26,"spotify:track:3qCeq0rWK67SoBDgFd2sId","José Feliciano","Feliz Navidad","RCA/BMG Heritage",11,107,22,"3675324"
27,"spotify:track:7rglLriMNBPAyuJOMGwi39","Elton John, Dua Lipa, PNAU","Cold Heart - PNAU Remix","EMI",21,24,15,"3667232"
28,"spotify:track:50nfwKoDiSYg8zOCREWAm5","Ed Sheeran","Shivers","Atlantic Records UK",8,22,12,"3640246"
29,"spotify:track:7fUYUcWy853HS8YJn0b3Sr","The Ronettes","Sleigh Ride","Legacy Recordings",14,156,18,"3574051"
30,"spotify:track:4kKdvXD0ez7jp1296JmAts","Frank Sinatra, B. Swanson Quartet","Let It Snow! Let It Snow! Let It Snow! (with The B. Swanson Quartet)","Columbia/Legacy",9,123,26,"3554250"
31,"spotify:track:00Blm7zeNqgYLPtW6zg8cj","Post Malone, The Weeknd","One Right Now (with The Weeknd)","Republic Records",1,25,4,"3502184"
32,"spotify:track:6Uj1ctrBOjOas8xZXGqKk4","Doja Cat","Woman","Kemosabe Records/RCA Records",12,34,23,"3486644"
33,"spotify:track:37y7iDayfwm3WXn5BiAoRk","Steve Lacy","Dark Red","Three Quarter",23,42,17,"3346918"
34,"spotify:track:0lizgQ7Qw35od7CYaoMBZb","Ariana Grande","Santa Tell Me","Universal Records",5,87,29,"3280027"
35,"spotify:track:77khP2fIVhSW23NwxrRluh","Burl Ives","A Holly Jolly Christmas","Geffen",10,144,25,"3254452"
36,"spotify:track:7qM1BWAsZMTYh4BcYLb0uQ","Juice WRLD","Already Dead","Grade A Productions/Interscope Records",7,23,3,"3211477"
37,"spotify:track:4RVwu0g32PAqgUiJoXsdF8","Billie Eilish","Happier Than Ever","Darkroom/Interscope Records",3,43,18,"3189745"
38,"spotify:track:6w8ZPYdnGajyfPddTWdthN","Adele","Can I Get It","Columbia",5,5,2,"3183574"
39,"spotify:track:2DuPBbS5mIldXnh7Wum8Cy","Adele","My Little Love","Columbia",7,7,2,"3138119"
40,"spotify:track:1SC5rEoYDGUK4NfG82494W","Lil Nas X","MONTERO (Call Me By Your Name)","Columbia",1,48,36,"3134966"
41,"spotify:track:29TPjc8wxfz4XMn21O7VsZ","Playboi Carti","Sky","AWGE/Interscope Records",35,44,15,"3093604"
42,"spotify:track:5CZ40GBx1sQ9agT82CLQCT","Olivia Rodrigo","traitor","Olivia Rodrigo PS",3,53,28,"3089540"
43,"spotify:track:2pXpURmn6zC5ZYDMms6fwa","Perry Como, The Fontane Sisters, Mitchell Ayres & His Orchestra","It's Beginning to Look a Lot Like Christmas (with Mitchell Ayres & His Orchestra)","RCA Records Label",31,184,22,"3059036"
44,"spotify:track:3rmo8F54jFF8OgYsqTxm5d","Ed Sheeran","Bad Habits","Atlantic Records UK",7,41,23,"3056025"
45,"spotify:track:4XvcHTUfIlWfyJTRG0aqlo","Sleepy Hallow","2055","Winners Circle/RCA Records",8,46,24,"3034417"
46,"spotify:track:2QjOHCTQ1Jl3zawyYOpxh6","The Neighbourhood","Sweater Weather","Columbia",19,52,67,"3005928"
47,"spotify:track:4yNoUQkYf1QF8iYlEzNynH","Nardo Wick, G Herbo, Lil Durk, 21 Savage","Who Want Smoke?? (feat. G Herbo, Lil Durk & 21 Savage)","Not specified",23,50,8,"2952383"
48,"spotify:track:0e8nrvls4Qqv5Rfa2UhqmO","Lil Nas X","THATS WHAT I WANT","Columbia",4,45,11,"2892609"
49,"spotify:track:18vXApRmJSgQ6wG2ll9AOg","Polo G","RAPSTAR","Columbia",1,59,34,"2872885"
50,"spotify:track:3nAp4IvdMPPWEH9uuXFFV5","Kelly Clarkson","Underneath the Tree","RCA Records Label",8,127,19,"2846967"
51,"spotify:track:4SqWKzw0CbA05TGszDgMlc","The Walters","I Love You So","Warner Records",45,62,8,"2829031"
52,"spotify:track:47ohYW8e7dxCYn9qbUMBCI","Darlene Love","Christmas (Baby Please Come Home)","Legacy Recordings",28,-1,10,"2803516"
53,"spotify:track:7xapw9Oy21WpfEcib2ErSA","Justin Bieber","Mistletoe","RBMG/Def Jam",15,122,27,"2795934"
54,"spotify:track:6v0UJD4a2FtleHeSYVX02A","Adele","I Drink Wine","Columbia",8,8,2,"2791848"
55,"spotify:track:6RfhBNU1FPWTG7VESlfgOl","Polo G","Bad Man (Smooth Criminal)","Columbia",23,32,3,"2732720"
56,"spotify:track:04S1pkp1VaIqjg8zZqknR5","Taylor Swift","Enchanted","Big Machine Records, LLC",29,36,4,"2699197"
57,"spotify:track:1SV1fxF65n9NhRHp3KlBuu","Paul McCartney","Wonderful Christmastime - Edited Version / Remastered 2011","Paul McCartney Catalog",17,-1,21,"2695097"
58,"spotify:track:0k4d5YPDr1r7FX77VdqWez","Doja Cat, The Weeknd","You Right","Kemosabe Records/RCA Records",4,61,23,"2685691"
59,"spotify:track:0WSEq9Ko4kFPt8yo3ICd6T","Kanye West","Praise God","Rock The World/IDJ/Kanye LP7",7,55,14,"2664810"
60,"spotify:track:6tjituizSxwSmBB5vtgHZE","Michael Bublé","Holly Jolly Christmas","143/Reprise",16,155,21,"2657000"
61,"spotify:track:3QiAAp20rPC3dcAtKtMaqQ","Elvis Presley","Blue Christmas","RCA Victor",30,-1,21,"2644455"
62,"spotify:track:2B4GHvToeLTOBB4QLzW3Ni","Farruko","Pepas","Sony Music Latin",20,56,19,"2624109"
63,"spotify:track:3NqBxTOMCJ3zW9CIP51td4","Eslabon Armado, DannyLux","Jugaste y Sufrí","DEL Records",23,54,15,"2615068"
64,"spotify:track:5nujrmhLynf4yMoMtj8AQF","Dua Lipa, DaBaby","Levitating (feat. DaBaby)","Warner Records",4,69,61,"2586845"
65,"spotify:track:1LPSkqVhWVRUkKE03YUkpB","Bruno Mars, Anderson .Paak, Silk Sonic","Leave The Door Open","Aftermath Entertainment/Atlantic",4,47,39,"2577061"
66,"spotify:track:5wANPM4fQCJwkGd4rN57mH","Olivia Rodrigo","drivers license","Olivia Rodrigo PS",1,92,47,"2570216"
67,"spotify:track:0W6I02J9xcqK8MtSeosEXb","Doja Cat","Get Into It (Yuh)","Kemosabe Records/RCA Records",18,65,23,"2567196"
68,"spotify:track:09gysnJpfQ3ublBmJDfcEC","Amaarae, Kali Uchis, Moliy","SAD GIRLZ LUV MONEY Remix (feat. Kali Uchis and Moliy)","0207 Def Jam",36,51,5,"2546069"
69,"spotify:track:2pnPe4pJtq7689i5ydzvJJ","Chuck Berry","Run Rudolph Run","Geffen*",27,-1,21,"2541294"
70,"spotify:track:2uFaJJtFpPDc5Pa95XzTvg","Dean Martin","Let It Snow! Let It Snow! Let It Snow!","Capitol Records",13,164,18,"2520550"
71,"spotify:track:6I3mqTwhRpn34SLVafSH7G","Justin Bieber","Ghost","RBMG/Def Jam",24,64,11,"2515029"
72,"spotify:track:1foCxQtxBweJtZmdxhEHVO","Eartha Kitt, Henri René and His Orchestra","Santa Baby (with Henri René & His Orchestra)","RCA Bluebird",53,-1,20,"2501201"
73,"spotify:track:62vpWI1CHwFy7tMIcSStl8","J. Cole","No Role Modelz","Roc Nation Records LLC",43,77,199,"2501079"
74,"spotify:track:40iJIUlhi6renaREYGeIDS","Drake, Travis Scott","Fair Trade (with Travis Scott)","OVO",3,58,13,"2477289"
75,"spotify:track:6a1hzBiTkgqTsDA0Xgfh9z","The Jackson 5","Santa Claus Is Coming To Town","UNI/MOTOWN",32,-1,11,"2450101"
76,"spotify:track:2AaJeBEq3WLcfFW1y8svDf","Rod Wave","By Your Side","Alamo",76,-1,1,"2434839"
77,"spotify:track:0lnpnsrVaW9elGgRxpDCgE","Walker Hayes","Fancy Like","Monument Records",22,72,23,"2415537"
78,"spotify:track:0sTlGEld0h8kIPZaKDYUf4","The Rare Occasions","Notion","Elektra (NEK)",75,75,7,"2406415"
79,"spotify:track:3Wrjm47oTz2sjIgck11l5e","Måneskin","Beggin'","RCA Records Label",5,68,24,"2405989"
80,"spotify:track:6HU7h9RYOaPRFeh0R3UeAr","Olivia Rodrigo","deja vu","Olivia Rodrigo PS",2,93,35,"2396297"
81,"spotify:track:27RYrbL6S02LNVhDWVl38b","John Lennon, Yoko Ono","Happy Xmas (War Is Over) - Remastered 2010","EMI Catalogue",32,-1,20,"2387623"
82,"spotify:track:2gQPv5jvVPqU2a9HhMNO1v","BoyWithUke","Toxic","Republic Records",57,67,5,"2381977"
83,"spotify:track:4tHqQMWSqmL6YjXwsqthDI","Mykola Dmytrovych Leontovych, John Williams","Carol of the Bells","Masterworks",44,-1,21,"2381447"
84,"spotify:track:0247StOpd3AkeBQzANX4Zf","Band Aid","Do They Know It's Christmas? - 1984 Version","EMI",19,-1,22,"2374360"
85,"spotify:track:65OVbaJR5O1RmwOQx0875b","Drake, Lil Baby","Wants and Needs (feat. Lil Baby)","OVO",2,82,39,"2353758"
86,"spotify:track:2Xr1dTzJee307rmrkt8c0g","CKay","love nwantiti (ah ah ah)","Chocolate City Music",30,63,11,"2340219"
87,"spotify:track:01K4zKU104LyJ8gMb7227B","Taylor Swift, Phoebe Bridgers","Nothing New (feat. Phoebe Bridgers) (Taylor’s Version) (From The Vault)","Taylor Swift",5,35,3,"2304578"
88,"spotify:track:20on25jryn53hWghthWWW3","ACRAZE, Cherish","Do It To It","Thrive Music, LLC",88,102,3,"2303647"
89,"spotify:track:4CkgMiMqZ5JzW9iYXSTMTL","Taylor Swift, Chris Stapleton","I Bet You Think About Me (feat. Chris Stapleton) (Taylor’s Version) (From The Vault)","Taylor Swift",11,33,3,"2293150"
90,"spotify:track:7EkWXAI1wn8Ii883ecd9xr","Surf Curse","Freaks","Surf Curse",31,89,32,"2260116"
91,"spotify:track:0VjIjW4GlUZAMYd2vXMi3b","The Weeknd","Blinding Lights","Republic Records",1,78,105,"2252595"
92,"spotify:track:1Wf14bTyb6UeKojy8ykPYm","Andy Williams","Happy Holiday / The Holiday Season","Columbia",92,-1,1,"2234141"
93,"spotify:track:0uxSUdBrJy9Un0EYoBowng","Lil Uzi Vert","20 Min","Generation Now/Atlantic",67,91,95,"2185643"
94,"spotify:track:285pBltuF7vW8TeWk8hdRR","Juice WRLD","Lucid Dreams","Juice WRLD Mixtape / ISR P&D",1,80,187,"2169265"
95,"spotify:track:3YJJjQPAbDT7mGpX3WtQ9A","SZA","Good Days","Top Dawg Entertainment/RCA Records",1,132,49,"2160967"
96,"spotify:track:7nc7mlSdWYeFom84zZ8Wr8","Cochise, $NOT","Tell Em","Columbia",26,86,27,"2148064"
97,"spotify:track:1GQ3cCJMAhLqWARyVZWxnO","Bing Crosby, The Andrews Sisters","Mele Kalikimaka - Single Version","Geffen",87,-1,8,"2116357"
98,"spotify:track:4MrfQL4TYQXJBlZYpAHTuE","Dean Martin","Baby, It's Cold Outside","Capitol Records",47,-1,15,"2101456"
99,"spotify:track:10ImcQk9tihY1EKMDIbvXJ","Adele","To Be Loved","Columbia",13,13,2,"2071382"
100,"spotify:track:3PIDciSFdrQxSQSihim3hN","Mariah Carey","Christmas (Baby Please Come Home)","Columbia",55,-1,13,"2068052"
101,"spotify:track:09u787BYeYIGd2mFIJ505t","Adele","Cry Your Heart Out","Columbia",11,11,2,"2050476"
102,"spotify:track:5gZYpjakt37G3c58FKcQwJ","Trippie Redd, Playboi Carti","Miss The Rage","Homemade Projects / 10K Projects",4,96,30,"2042071"
103,"spotify:track:46HNZY1i7O6jwTA7Slo2PI","Coldplay, BTS","My Universe","Parlophone UK",19,95,10,"2040977"
104,"spotify:track:6s2wpWPFPAgKg2LXxi1Oee","Bruce Springsteen","Santa Claus Is Comin' to Town - Live at C.W. Post College, Greenvale, NY - December 1975","NITRON concepts",91,-1,6,"2022213"
105,"spotify:track:4OAuvHryIVv4kMDNSLuPt6","Taylor Swift","Red (Taylor's Version)","Taylor Swift",3,37,3,"2020094"
106,"spotify:track:3nsfB1vus2qaloUdcBZvDu","Taylor Swift","All Too Well (Taylor's Version)","Taylor Swift",4,39,3,"2015607"
107,"spotify:track:08SB2OtZkaliju77WYEKxk","Summer Walker, SZA","No Love (with SZA)","LVRN/Interscope Records",15,83,4,"1996007"
108,"spotify:track:5lAnYvAIkSDNXqfo7DyFUm","Doja Cat","Ain't Shit","Kemosabe Records/RCA Records",4,105,23,"1994466"
109,"spotify:track:2gpWyfu7eZ01zzncHpxOtA","Swedish House Mafia, The Weeknd","Moth To A Flame (with The Weeknd)","Republic Records",5,81,6,"1994033"
110,"spotify:track:1VLtjHwRWOVJiE5Py7JxoQ","Polo G","Martin & Gina","Columbia",23,113,70,"1992903"
111,"spotify:track:2vWBUC9djv6BtiGlmKiQaH","Yot Club","YKWIM?","yot club under exclusive license to Amuseio AB",63,131,22,"1992627"
112,"spotify:track:1VuAamHM7P3VQQEXYGG3Uu","Nat King Cole","Joy To The World","CAPITOL CATALOG MKT (C92)",50,-1,14,"1988973"
113,"spotify:track:34rzJNfTd5e9s3TICFMPD0","Vince Guaraldi Trio","O Tannenbaum","Craft Recordings",51,-1,8,"1988109"
114,"spotify:track:4VXIryQMWpIdGgYR4TrjT1","Juice WRLD","All Girls Are The Same","Juice WRLD Mixtape / ISR P&D",13,103,188,"1981746"
115,"spotify:track:0eu4C55hL6x29mmeAjytzC","Oliver Tree","Life Goes On","Atlantic Records",31,85,12,"1975055"
116,"spotify:track:0RiRZpuVRbi7oqRdSMwhQY","Post Malone, Swae Lee","Sunflower - Spider-Man: Into the Spider-Verse","Republic Records",1,97,163,"1966327"
117,"spotify:track:3nOz1U41SZZ0N3fuUWr9nb","Emmy Meli","I AM WOMAN","Disruptor Records/Arista Records",117,118,2,"1949928"
118,"spotify:track:299lFlaAsNQdgbIZNPmIA0","Vince Guaraldi Trio","Christmas Time Is Here","Fantasy Records",39,-1,13,"1944687"
119,"spotify:track:4R67rQNSbbsR4TdUVOIdez","Travis Scott","ESCAPE PLAN","Cactus Jack/Epic",4,73,4,"1943086"
120,"spotify:track:0hvN2v6fAcB6xWyW7UaooA","Perry Como","(There's No Place Like) Home for the Holidays - 1959 Version","RCA Records Label",120,-1,1,"1926669"
121,"spotify:track:47otoIkhx3fkdivEXL5OB6","Burl Ives","Rudolph The Red-Nosed Reindeer","Geffen",81,-1,12,"1918597"
122,"spotify:track:3lkYS3iMpWMVpaJ0yJAFrJ","The Jackson 5","I Saw Mommy Kissing Santa Claus","UNI/MOTOWN",55,-1,9,"1913292"
123,"spotify:track:30QR0ndUdiiMQMA9g1PGCm","$uicideboy$","...And to Those I Love, Thanks for Sticking Around","G59 Records",37,120,36,"1895901"
124,"spotify:track:7H0ya83CMmgFcOhw0UB6ow","Beach House","Space Song","Sub Pop Records",92,138,21,"1884294"
125,"spotify:track:37Nqx7iavZpotJSDXZWbJ3","Drake, Lil Baby","Girls Want Girls (with Lil Baby)","OVO",1,104,13,"1882389"
126,"spotify:track:2JPLbjOn0wPCngEot2STUS","Bad Bunny","Yonaguni","Rimas Entertainment LLC",5,126,26,"1870980"
127,"spotify:track:13CVSGLSFl4UxpDVR6u3dq","Adele","Strangers By Nature","Columbia",10,10,2,"1870340"
128,"spotify:track:3T9BKc4kB7ukeNQrCqv6ZV","Meek Mill, Lil Durk, Lil Baby","Sharing Locations (feat. Lil Baby & Lil Durk)","MMG/Atlantic",26,125,14,"1866146"
129,"spotify:track:1z7LV5wkExwW8YJk0IrPUA","NLE Choppa, Polo G","Jumpin (feat. Polo G)","Warner Records",48,98,4,"1866010"
130,"spotify:track:58ge6dfP91o9oXMzq3XkIS","Arctic Monkeys","505","Domino/Warner Records",105,149,46,"1865783"
131,"spotify:track:2zpZkOV7sD9C4Cv0cukoHV","Jessie Murph","Always Been You","Columbia",131,-1,1,"1864390"
132,"spotify:track:3jfZ9M23l0L7RxzYMTgBTv","Joy Again","Looking Out for You","Arista Records",77,133,11,"1855866"
133,"spotify:track:5xlS0QkVrSH7ssEbBgBzbM","The Beach Boys","Little Saint Nick - 1991 Remix","Capitol Records",63,-1,12,"1855424"
134,"spotify:track:3FAJ6O0NOHQV8Mc5Ri6ENp","Giveon","Heartbreak Anniversary","Epic/Not So Fast",9,146,43,"1850963"
135,"spotify:track:37BZB0z9T8Xu7U3e65qxFy","The Weeknd, Ariana Grande","Save Your Tears (with Ariana Grande) (Remix)","Republic Records",5,129,32,"1838680"
136,"spotify:track:003vvx7Niy0yvhvHt4a68B","The Killers","Mr. Brightside","Island Records",72,114,70,"1833887"
137,"spotify:track:7hU3IHwjX150XLoTVmjD0q","LISA","MONEY","YG Entertainment/Interscope Records",27,84,9,"1831297"
138,"spotify:track:6G2xXQRSZlEzYsUEb3uvuR","Ivan Cornejo","Está Dañada","Manzana Records, Inc.",44,135,9,"1829853"
139,"spotify:track:496vIKS2INz840xZaKncvR","Adele","All Night Parking (with Erroll Garner) Interlude","Columbia",14,14,2,"1829823"
140,"spotify:track:4KDNRh9Oor80z3XIxdWlui","Young Thug, Drake, Travis Scott","Bubbly (with Drake & Travis Scott)","300 Entertainment/Atl",8,110,7,"1821623"
141,"spotify:track:21jGcNKet2qwijlDFuPiPb","Post Malone","Circles","Republic Records",1,116,118,"1815408"
142,"spotify:track:5E30LdtzQTGqRvNd7l6kG5","The Neighbourhood","Daddy Issues","Columbia",59,163,64,"1809282"
143,"spotify:track:2ZXxRC6V6AXzMdbLQZMHSB","Lil Tecca","LOT OF ME","Galactic / Republic Records",65,121,11,"1804468"
144,"spotify:track:5JCoSi02qi3jJeHdZXMmR8","Olivia Rodrigo","favorite crime","Olivia Rodrigo PS",5,177,28,"1804205"
145,"spotify:track:60ynsPSSKe6O3sfwRnIBRf","Doja Cat","Streets","Kemosabe Records/RCA Records",3,183,47,"1800235"
146,"spotify:track:6sBWmE23q6xQHlnEZ8jYPT","Elton John","Step Into Christmas - Remastered 1995","UMC (Universal Music Catalogue)",124,-1,3,"1787558"
147,"spotify:track:0rKtyWc8bvkriBthvHKY8d","Joji","SLOW DANCING IN THE DARK","88rising Music/Warner Records",29,153,167,"1783863"
148,"spotify:track:51pshtuYkgUQnt5huMPbKL","Mac Miller, Empire of the Sun","The Spins","Rostrum Records",91,165,40,"1781196"
149,"spotify:track:6tDDoYIxWvMLTdKpjFkc1B","Kali Uchis","telepatía","EMI / Interscope",4,179,42,"1780647"
150,"spotify:track:7kDUspsoYfLkWnZR7qwHZl","Machine Gun Kelly, blackbear","my ex's best friend (with blackbear)","Bad Boy/Interscope Records",11,170,69,"1774871"
151,"spotify:track:4eL3XeuGaEoVT8ttDh3hwY","Gunna, Future","too easy","300 Entertainment",28,117,10,"1770812"
152,"spotify:track:4MzXwWMhyBbmu6hOcLVD49","Bad Bunny, Jhayco","DÁKITI","Rimas Entertainment LLC",1,158,57,"1768469"
153,"spotify:track:5QO79kh1waicV47BqGRL3g","The Weeknd","Save Your Tears","Republic Records",2,154,53,"1767558"
154,"spotify:track:2LBqCSwhJGcFQeTHMVGwy3","The Weeknd","Die For You","Universal Republic Records",74,174,39,"1759348"
155,"spotify:track:6Hfu9sc7jvv6coyy2LlzBF","Kanye West","Hurricane","Rock The World/IDJ/Kanye LP7",1,119,14,"1756881"
156,"spotify:track:7GX5flRQZVHRAGd6B4TmDO","Lil Uzi Vert","XO Tour Llif3","Generation Now/Atlantic",2,140,242,"1755428"
157,"spotify:track:4iJyoBOLtHqaGxP12qzhQI","Justin Bieber, Daniel Caesar, Giveon","Peaches (feat. Daniel Caesar & Giveon)","RBMG/Def Jam",1,147,37,"1753448"
158,"spotify:track:3cBsEDNhFI9E82vPj3kvi3","Morgan Wallen","Wasted On You","Big Loud / Republic",3,145,45,"1752541"
159,"spotify:track:4A8cWXxKfIL3lAyUDzXbCF","Kodak Black","Super Gremlin","Atlantic/Sniper Gang",159,-1,1,"1751728"
160,"spotify:track:7uoFMmxln0GPXQ0AcCBXRq","Sia","Snowman","Monkey Puzzle/Atlantic",34,-1,7,"1750776"
161,"spotify:track:7KA4W4McWYRpgf0fWsJZWB","Tyler, The Creator, Kali Uchis","See You Again (feat. Kali Uchis)","Columbia",55,168,22,"1739776"
162,"spotify:track:7faDzZnZYqTyYThx2sbHVQ","Frank Sinatra","Mistletoe And Holly - Remastered 1999","Capitol Records",61,-1,16,"1733937"
163,"spotify:track:2Y0wPrPQBrGhoLn14xRYCG","Juice WRLD, Marshmello","Come & Go (with Marshmello)","Grade A Productions/Interscope Records",1,134,73,"1731053"
164,"spotify:track:4xqrdfXkTW4T0RauPLv3WA","Conan Gray","Heather","Republic Records",9,193,74,"1722537"
165,"spotify:track:25leEEaz1gIpp7o21Fqyjo","Gene Autry","Here Comes Santa Claus (Right Down Santa Claus Lane) - 1947 Version","Columbia/Legacy",85,-1,12,"1720921"
166,"spotify:track:6UelLqGlWMcVH1E5c4H7lY","Harry Styles","Watermelon Sugar","Columbia",4,108,107,"1719579"
167,"spotify:track:6UjeFOCGYgMpBUtqKg1Je3","Vundabar","Alien Blues","Gawk Records, under exclusive license to Amuseio AB",167,-1,1,"1719358"
168,"spotify:track:3REELyDyt5SPKX2387Zubv","Will Paquin","Chandelier","Will Paquin Music",168,-1,1,"1707168"
169,"spotify:track:7m9OqQk4RVRkw9JJdeAw96","XXXTENTACION","Jocelyn Flores","Bad Vibes Forever / EMPIRE",3,151,223,"1697827"
170,"spotify:track:2Uiv8YvD3q63FGTUjkYvxT","Bing Crosby","Do You Hear What I Hear? - Remastered 2006","UME - Global Clearing House",48,-1,17,"1693875"
171,"spotify:track:4gzsuuZypVbxs0Af1LSZyB","Tainy, Bad Bunny, Julieta Venegas","Lo Siento BB:/ (with Bad Bunny & Julieta Venegas)","Neon16",18,139,9,"1680643"
172,"spotify:track:6bGMSP3H9YqkmaLnaJTIoF","Adele","Hold On","Columbia",17,17,2,"1676096"
173,"spotify:track:2c6xRsQBv7pynuhYhWoHxo","Adele","Woman Like Me","Columbia",16,16,2,"1670789"
174,"spotify:track:4jPy3l0RUwlUI9T5XHBW2m","24kGoldn, iann dior","Mood (feat. iann dior)","Records/Columbia",2,162,69,"1643373"
175,"spotify:track:7MSYSOobsombc1mbDWFxtD","Donny Hathaway","This Christmas","Rhino Atlantic",57,-1,8,"1638378"
176,"spotify:track:2U5WueTLIK5WJLD7mvDODv","Juice WRLD","Wishing Well","Grade A Productions/Interscope Records",1,166,73,"1637977"
177,"spotify:track:6Hj9jySrnFppAI0sEMCZpJ","Juice WRLD","Robbery","Grade A Productions/Interscope Records",3,160,146,"1635714"
178,"spotify:track:3QIoEi8Enr9uHffwInGIsC","Eagles","Please Come Home for Christmas - 2013 Remaster","Rhino/Elektra",162,-1,2,"1632735"
179,"spotify:track:32BeYxKPrig1LefHsC0Xuo","Billie Eilish","Happier Than Ever - Edit","Darkroom/Interscope Records",74,143,12,"1629682"
180,"spotify:track:2EBnvom1dTybtm75a3Xh1T","Tate McRae","feel like shit","RCA Records Label",99,128,3,"1628444"
181,"spotify:track:2HbKqm4o0w5wEeEFXm2sD4","Kendrick Lamar, Jay Rock","Money Trees","Aftermath",88,194,50,"1608921"
182,"spotify:track:0ofHAoxe9vBkTCp2UQIavz","Fleetwood Mac","Dreams - 2004 Remaster","Rhino/Warner Records",6,159,65,"1607951"
183,"spotify:track:135Lf4Q0CzlMNfOxbEUsLH","Benson Boone","GHOST TOWN","Night Street Records, Inc./Warner Records Inc.",65,111,6,"1605641"
184,"spotify:track:0RYHqnmtNRfbYxP6Dn8Vse","siouxxie sixxsta","masquerade","Elektra (NEK)",83,152,8,"1603569"
185,"spotify:track:2eAZfqOm4EnOF9VvN50Tyc","Lil Uzi Vert, Oh Wonder","The Way Life Goes (feat. Oh Wonder)","Generation Now/Atlantic",8,187,88,"1601330"
186,"spotify:track:0Fs9cdPDhptWEDJmiCbkEW","J. Cole, Cults, Amber Coffman","She Knows (feat. Amber Coffman & Cults)","Roc Nation LLC",74,178,18,"1601256"
187,"spotify:track:78QR3Wp35dqAhFEc2qAGjE","Lil Baby, Gunna","Drip Too Hard (Lil Baby & Gunna)","Quality Control Music/Young Stoner Life Records, a 300 Entertainment Label/Motown Records/Capitol Records",1,182,161,"1590986"
188,"spotify:track:2j3GxEsbNYNeEzz86wDY4J","Adele","Love Is A Game","Columbia",21,21,2,"1570523"
189,"spotify:track:2BJSMvOGABRxokHKB0OI8i","Playboi Carti, Lil Uzi Vert","Shoota (feat. Lil Uzi Vert)","AWGE Label",27,192,39,"1570317"
190,"spotify:track:030mot3ZKR3oskfMsqDB2R","Judy Garland","Have Yourself A Merry Little Christmas","Geffen",58,-1,17,"1564720"
191,"spotify:track:7hxHWCCAIIxFLCzvDgnQHX","Internet Money, Gunna, Don Toliver, NAV","Lemonade (feat. NAV)","Internet Money Records / TenThousand Projects",1,176,68,"1561491"
192,"spotify:track:4kTLpAbhuEGHAAdDjOIWaa","Kid Cudi, MGMT, Ratatat","Pursuit Of Happiness (Nightmare)","Kid Cudi/Universal Records",142,190,13,"1560133"
193,"spotify:track:30bqVoKjX479ab90a8Pafp","Lil Peep","Star Shopping","Lil Peep",101,-1,36,"1559647"
194,"spotify:track:3J8EOeKLTLXORtWPpOU5bE","Lil Tjay, 6LACK","Calling My Phone","Columbia",1,-1,39,"1550042"
195,"spotify:track:6gBFPUFcJLzWGx4lenP6h2","Travis Scott","goosebumps","Cactus Jack / Epic",8,169,257,"1544225"
196,"spotify:track:2tGvwE8GcFKwNdAXMnlbfl","Olivia Rodrigo","happier","Olivia Rodrigo PS",5,-1,26,"1538438"
197,"spotify:track:6foY66mWZN0pSRjZ408c00","Morgan Wallen","Whiskey Glasses","Big Loud Records",59,173,136,"1533823"
198,"spotify:track:6dmXZ9B5HdFAyzHeTneYBK","ROSALÍA, The Weeknd","LA FAMA","Columbia",73,101,3,"1528274"
199,"spotify:track:7CC6UbCs4iGsePSzFxYxNn","Kanye West","Moon","Rock The World/IDJ/Kanye LP7",6,175,14,"1526944"
200,"spotify:track:0uRrG2jRR5tuifsYIJHEao","Morgan Wallen","Sand In My Boots","Big Loud / Republic",13,191,25,"1522615"
