﻿rank,uri,artist_names,track_name,source,peak_rank,previous_rank,weeks_on_chart,streams
1,"spotify:track:7lPN2DXiMsVn7XUKtOW1CS","Olivia Rodrigo","drivers license","Olivia Rodrigo PS",1,1,2,"25860345"
2,"spotify:track:3YJJjQPAbDT7mGpX3WtQ9A","SZA","Good Days","Top Dawg Entertainment/RCA Records",1,2,4,"8943952"
3,"spotify:track:43CIWpJaJHRcI4mUSjqgc2","Juice WRLD, Young Thug","Bad Boy (with Young Thug)","Grade A Productions/Interscope Records",3,-1,1,"6486161"
4,"spotify:track:3jjBPF4NDMCU51psU8JPpR","Ariana Grande, Doja Cat, Megan Thee Stallion","34+35 Remix (feat. Doja Cat, Megan Thee Stallion) - Remix","Republic Records",4,-1,1,"6273685"
5,"spotify:track:5vGLcdRuSbUhD8ScwsGSdA","CJ","Whoopty","CJ Music Group/T-Series",5,8,13,"5394622"
6,"spotify:track:3tjFYV6RSFtuktYl3ZtYcq","24kGoldn, iann dior","Mood (feat. iann dior)","Records/Columbia",2,6,24,"5191878"
7,"spotify:track:7hxHWCCAIIxFLCzvDgnQHX","Internet Money, Gunna, Don Toliver, NAV","Lemonade (feat. NAV)","Internet Money Records / TenThousand Projects",1,7,23,"5116242"
8,"spotify:track:27OeeYzk6klgBh83TSvGMA","The Kid LAROI","WITHOUT YOU","Columbia",8,10,10,"4882357"
9,"spotify:track:35mvY5S1H3J2QZyna3TFe0","Ariana Grande","positions","Republic Records",1,11,13,"4812638"
10,"spotify:track:4MzXwWMhyBbmu6hOcLVD49","Bad Bunny, Jhayco","DÁKITI","Rimas Entertainment LLC",1,12,12,"4701678"
11,"spotify:track:5nujrmhLynf4yMoMtj8AQF","Dua Lipa, DaBaby","Levitating (feat. DaBaby)","Warner Records",11,16,16,"4676887"
12,"spotify:track:3cBsEDNhFI9E82vPj3kvi3","Morgan Wallen","Wasted On You","Big Loud / Republic",3,3,2,"4669859"
13,"spotify:track:0VjIjW4GlUZAMYd2vXMi3b","The Weeknd","Blinding Lights","Republic Records",1,14,60,"4512836"
14,"spotify:track:31qCy5ZaophVA81wtlwLc4","Justin Bieber","Anyone","RBMG/Def Jam",2,9,3,"4501233"
15,"spotify:track:42lqBjPYlmL1EXpMDXvhSN","Morgan Wallen","Somebody’s Problem","Big Loud / Republic",4,4,9,"4434637"
16,"spotify:track:5QO79kh1waicV47BqGRL3g","The Weeknd","Save Your Tears","Republic Records",11,26,8,"4413499"
17,"spotify:track:60ynsPSSKe6O3sfwRnIBRf","Doja Cat","Streets","Kemosabe Records/RCA Records",17,74,2,"4342552"
18,"spotify:track:0PvFJmanyNQMseIFrU708S","Pop Smoke, Lil Baby, DaBaby","For The Night (feat. Lil Baby & DaBaby)","Victor Victor Worldwide",2,19,29,"4056624"
19,"spotify:track:6Im9k8u9iIzKMrmV7BWtlF","Ariana Grande","34+35","Republic Records",2,5,12,"3971135"
20,"spotify:track:2etHQJxIbV0soyPhelVs9Y","Saweetie, Doja Cat","Best Friend (feat. Doja Cat)","ICY/Warner Records",20,22,2,"3912379"
21,"spotify:track:1tkg4EHVoqnhR6iFEXb60y","Pop Smoke","What You Know Bout Love","Victor Victor Worldwide",6,23,21,"3890343"
22,"spotify:track:4Oun2ylbjFKMPTiaSbbCih","Cardi B, Megan Thee Stallion","WAP (feat. Megan Thee Stallion)","Atlantic/KSR",1,25,24,"3866582"
23,"spotify:track:54bFM56PmE4YLRnqpW6Tha","Billie Eilish","Therefore I Am","Darkroom/Interscope Records",1,20,10,"3848498"
24,"spotify:track:0uRrG2jRR5tuifsYIJHEao","Morgan Wallen","Sand In My Boots","Big Loud / Republic",13,13,2,"3717070"
25,"spotify:track:0A1hoCfMLkiAgvhWkkucJa","Megan Thee Stallion","Body","300 Entertainment",13,27,9,"3683588"
26,"spotify:track:2SAqBLGA283SUiwJ3xOUVI","Drake, Lil Durk","Laugh Now Cry Later (feat. Lil Durk)","OVO",2,28,23,"3665084"
27,"spotify:track:2QjOHCTQ1Jl3zawyYOpxh6","The Neighbourhood","Sweater Weather","Columbia",22,29,22,"3583978"
28,"spotify:track:3Uo7WG0vmLQ07WB4BDwy7D","Taylor Swift","willow","Taylor Swift",1,24,6,"3428207"
29,"spotify:track:4obHzpwGrjoTuZh2DItEMZ","Morgan Wallen","7 Summers","Big Loud / Republic",3,17,23,"3423982"
30,"spotify:track:2U5WueTLIK5WJLD7mvDODv","Juice WRLD","Wishing Well","Grade A Productions/Interscope Records",1,36,28,"3393598"
31,"spotify:track:5OELUCYgOHKFAvCERnAvfS","Morgan Wallen","More Than My Hometown","Big Loud / Republic",21,21,39,"3338353"
32,"spotify:track:6zFMeegAMYQo0mt8rXtrli","Lil Nas X","HOLIDAY","Columbia",14,33,10,"3304136"
33,"spotify:track:7ytR5pFWmSjzHJIeQkgog4","DaBaby, Roddy Ricch","ROCKSTAR (feat. Roddy Ricch)","South Coast Music Group/Interscope Records",1,41,40,"3207590"
34,"spotify:track:4VXIryQMWpIdGgYR4TrjT1","Juice WRLD","All Girls Are The Same","Juice WRLD Mixtape / ISR P&D",13,45,143,"3177787"
35,"spotify:track:45bE4HXI0AwGZXfZtMp8JR","Tate McRae","you broke me first","RCA Records Label",16,40,27,"3144099"
36,"spotify:track:2r6OAV3WsYtXuXjvJ1lIDi","Pop Smoke, A Boogie Wit da Hoodie","Hello (feat. A Boogie Wit da Hoodie)","Victor Victor Worldwide",32,54,20,"3084644"
37,"spotify:track:2Y0wPrPQBrGhoLn14xRYCG","Juice WRLD, Marshmello","Come & Go (with Marshmello)","Grade A Productions/Interscope Records",1,43,28,"3043618"
38,"spotify:track:4xqrdfXkTW4T0RauPLv3WA","Conan Gray","Heather","Republic Records",9,39,29,"3041701"
39,"spotify:track:3w1WjD2zJqjBjDz5fwqQPJ","Jack Harlow","Tyler Herro","Generation Now/Atlantic",9,42,13,"2987954"
40,"spotify:track:7kDUspsoYfLkWnZR7qwHZl","Machine Gun Kelly, blackbear","my ex's best friend (with blackbear)","Bad Boy/Interscope Records",11,60,24,"2986431"
41,"spotify:track:2Qz8kpCjxulML39zB6gQxY","Morgan Wallen","Still Goin Down","Big Loud / Republic",31,31,5,"2976542"
42,"spotify:track:0sKEilrw1GrBlG6qsTCrP4","Morgan Wallen","865","Big Loud / Republic",15,15,2,"2956139"
43,"spotify:track:02MWAaffLxlfxAUY7c5dvx","Glass Animals","Heat Waves","Polydor Records",43,61,8,"2943505"
44,"spotify:track:4aarlAfLKVCTxUDNgbwhjH","Megan Thee Stallion, DaBaby","Cry Baby (feat. DaBaby)","300 Entertainment",43,48,7,"2934257"
45,"spotify:track:285pBltuF7vW8TeWk8hdRR","Juice WRLD","Lucid Dreams","Juice WRLD Mixtape / ISR P&D",1,51,142,"2903493"
46,"spotify:track:22LAwLoDA5b4AaGSkg6bKW","Lil Mosey","Blueberry Faygo","Mogul Vision/Interscope Records",2,50,50,"2856227"
47,"spotify:track:1HbA4N1MiOsPthALesGFR1","Shawn Mendes, Justin Bieber","Monster (Shawn Mendes & Justin Bieber)","Shawn Mendes LP4-5 PS/ Island",5,53,9,"2787959"
48,"spotify:track:57VeLYXrvNxe8Vs18K2M9W","Jack Harlow, Big Sean","Way Out (feat. Big Sean)","Generation Now/Atlantic",24,38,6,"2785777"
49,"spotify:track:0ZLuW8uOXdFNWcI40C0OC2","Jack Harlow, Tory Lanez, DaBaby, Lil Wayne","Whats Poppin (feat. DaBaby, Tory Lanez & Lil Wayne) [Remix] - Bonus Track","Generation Now/Atlantic",2,59,31,"2750656"
50,"spotify:track:0mKnuxVkPi5h0kuvZl44VM","Morgan Wallen","Cover Me Up","Big Loud / Republic",30,30,15,"2746843"
51,"spotify:track:6Hj9jySrnFppAI0sEMCZpJ","Juice WRLD","Robbery","Grade A Productions/Interscope Records",3,63,101,"2700971"
52,"spotify:track:0nbXyq5TXYPCO7pr3N8S4I","Roddy Ricch","The Box","Atlantic Records",1,64,59,"2629317"
53,"spotify:track:4y4spB9m0Q6026KfkAvy9Q","Justin Bieber, benny blanco","Lonely (with benny blanco)","Friends Keep Secrets/Def Jam Recordings/Interscope Records",8,57,14,"2625981"
54,"spotify:track:64SCQtbRtmO28ks1QhS3w5","Morgan Wallen","Warning","Big Loud / Republic",18,18,2,"2624994"
55,"spotify:track:4Iedi94TIaB2GGb1nMB68v","Lil Baby","On Me","Quality Control Music/Motown Records",54,58,7,"2617176"
56,"spotify:track:3UoULw70kMsiVXxW0L3A33","Ariana Grande","pov","Republic Records",8,62,12,"2542732"
57,"spotify:track:2gqWRRCXnma9L8xQ1RdemQ","The Kid LAROI","SO DONE","Columbia",13,68,13,"2540738"
58,"spotify:track:53BHUFdQphHiZUUG3nx9zn","AJR","Bang!","BMG Rights Management (US) LLC",56,66,20,"2540468"
59,"spotify:track:5SWnsxjhdcEDc7LJjq9UHk","21 Savage, Metro Boomin","Runnin","Slaughter Gang, LLC/Epic/Boominati Worldwide/Republic",3,75,16,"2525305"
60,"spotify:track:0RiRZpuVRbi7oqRdSMwhQY","Post Malone, Swae Lee","Sunflower - Spider-Man: Into the Spider-Verse","Republic Records",1,70,118,"2522000"
61,"spotify:track:21jGcNKet2qwijlDFuPiPb","Post Malone","Circles","Republic Records",1,69,73,"2502682"
62,"spotify:track:5YSHygGN9D0mID1NsVd5my","Juice WRLD, The Kid LAROI","Reminds Me Of You","Grade A Productions/Interscope Records",28,52,7,"2492657"
63,"spotify:track:26UxwWl9xCb83OynXELJcL","DaBaby","Masterpiece","South Coast Music Group/Interscope Records",63,-1,1,"2482588"
64,"spotify:track:7qEHsqek33rTcFNT9PFqLf","Lewis Capaldi","Someone You Loved","Vertigo Berlin",6,73,91,"2432450"
65,"spotify:track:6AGOKlMZWLCaEJGnaROtF9","Ritt Momney","Put Your Records On","Columbia",16,71,19,"2411618"
66,"spotify:track:5uEYRdEIh9Bo4fpjDd4Na9","Travis Scott, HVME","Goosebumps - Remix","Cactus Jack/Epic",66,-1,1,"2411288"
67,"spotify:track:4saklk6nie3yiGePpBwUoc","BTS","Dynamite","BIGHIT MUSIC",4,77,22,"2385138"
68,"spotify:track:5E30LdtzQTGqRvNd7l6kG5","The Neighbourhood","Daddy Issues","Columbia",61,76,19,"2336993"
69,"spotify:track:2Oycxb8QbPkpHTo8ZrmG0B","Miley Cyrus, Dua Lipa","Prisoner (feat. Dua Lipa)","RCA Records Label",16,82,9,"2335788"
70,"spotify:track:3O9lWje3TSupR4vObAg9Yu","Morgan Wallen","Livin’ The Dream","Big Loud / Republic",32,32,4,"2330824"
71,"spotify:track:4Yxc55NX3tAXC2mHRAhtcW","Olivia Rodrigo, Disney","All I Want - From ""High School Musical: The Musical: The Series""","Walt Disney Records",64,67,15,"2329727"
72,"spotify:track:7o4gBbTM6UBLkOYPw9xMCz","DDG, Blueface","Moonwalking in Calabasas (feat. Blueface) - Remix","Epic",40,86,15,"2301376"
73,"spotify:track:1VLtjHwRWOVJiE5Py7JxoQ","Polo G","Martin & Gina","Columbia",23,84,25,"2299637"
74,"spotify:track:2g1KggY9PKvsoEAOaiz4xx","Ashnikko","Daisy","Parlophone UK",40,104,19,"2297261"
75,"spotify:track:78xj07VVFK5uHTaGPIu13S","Erica Banks","Buss It","1501 Certified Ent/Warner Records",75,109,2,"2287799"
76,"spotify:track:0sY6ZUTh4yoctD8VIXz339","Taylor Swift","champagne problems","Taylor Swift",2,55,6,"2276950"
77,"spotify:track:6UelLqGlWMcVH1E5c4H7lY","Harry Styles","Watermelon Sugar","Columbia",4,72,62,"2241618"
78,"spotify:track:0ofHAoxe9vBkTCp2UQIavz","Fleetwood Mac","Dreams - 2004 Remaster","Rhino/Warner Records",6,89,20,"2240458"
79,"spotify:track:0k7wmahjkn389wAZdz19Cv","Future, Lil Uzi Vert","Drankin N Smokin","Generation Now/Atlantic",12,95,10,"2229627"
80,"spotify:track:2XIc1pqjXV3Cr2BQUGNBck","Bad Bunny, ROSALÍA","LA NOCHE DE ANOCHE","Rimas Entertainment LLC",18,79,8,"2222738"
81,"spotify:track:2kS6td1yvmpNgZTt1q5pQq","Mother Mother","Hayloft","Last Gang",64,81,4,"2217226"
82,"spotify:track:5VlTQnZO89Ioku8ssdbqJk","Brent Faiyaz","Dead Man Walking","Lost Kids",71,83,7,"2193065"
83,"spotify:track:1MX19fnaW1OUQoglWTYaOo","Morgan Wallen","Dangerous","Big Loud / Republic",37,37,2,"2188449"
84,"spotify:track:7m9OqQk4RVRkw9JJdeAw96","XXXTENTACION","Jocelyn Flores","Bad Vibes Forever / EMPIRE",3,96,178,"2187568"
85,"spotify:track:2gMXnyrvIjhVBUZwvLZDMP","Lewis Capaldi","Before You Go","Vertigo Berlin",42,85,61,"2185179"
86,"spotify:track:1K5KBOgreBi5fkEHvg5ap3","Future, Drake","Life Is Good (feat. Drake)","Epic/Freebandz",2,93,54,"2166390"
87,"spotify:track:2rPHUAeUPbNgTmK18FPTiZ","The Kid LAROI, Juice WRLD","GO (feat. Juice WRLD)","Columbia",15,94,32,"2164192"
88,"spotify:track:3kOi5KZTcCOdqFlUjF9CDZ","Morgan Wallen","Neon Eyes","Big Loud / Republic",34,34,2,"2148376"
89,"spotify:track:4Q34FP1AT7GEl9oLgNtiWj","21 Savage, Metro Boomin, Drake","Mr. Right Now (feat. Drake)","Slaughter Gang, LLC/Epic/Boominati Worldwide/Republic",4,100,16,"2136812"
90,"spotify:track:5NhcE6cuJjVYyVEKp97zOt","Morgan Wallen","More Surprised Than Me","Big Loud / Republic",35,35,2,"2134288"
91,"spotify:track:6T6D9CIrHkALcHPafDFA6L","ZAYN","Vibez","RCA Records Label",91,169,2,"2114121"
92,"spotify:track:4Z5FyQlevoHoa5FsIVKZju","DaBaby","PRACTICE","South Coast Music Group/Interscope Records",46,78,14,"2103749"
93,"spotify:track:43BlKpJcSrC9AsJ3F1DKg9","Lil Durk, King Von","Still Trappin'","Alamo",66,97,4,"2095388"
94,"spotify:track:30KctD1WsHKTIYczXjip5a","Kid Cudi","Tequila Shots","Republic Records",10,80,6,"2090469"
95,"spotify:track:55Am8neGJkdj2ADaM3aw5H","James Arthur","Train Wreck","Columbia",62,99,13,"2069208"
96,"spotify:track:6gBFPUFcJLzWGx4lenP6h2","Travis Scott","goosebumps","Cactus Jack / Epic",8,116,212,"2058300"
97,"spotify:track:62vpWI1CHwFy7tMIcSStl8","J. Cole","No Role Modelz","Roc Nation Records LLC",65,113,154,"2050066"
98,"spotify:track:7vrJn5hDSXRmdXoR30KgF1","KAROL G","BICHOTA","UMLE - Latino",98,106,9,"2046816"
99,"spotify:track:6foY66mWZN0pSRjZ408c00","Morgan Wallen","Whiskey Glasses","Big Loud Records",59,114,91,"2020945"
100,"spotify:track:0rKtyWc8bvkriBthvHKY8d","Joji","SLOW DANCING IN THE DARK","88rising Music/Warner Records",29,108,122,"2011720"
101,"spotify:track:5u1n1kITHCxxp8twBcZxWy","Justin Bieber, Chance the Rapper","Holy (feat. Chance The Rapper)","RBMG/Def Jam",3,107,18,"2007942"
102,"spotify:track:7eJMfftS33KTjuF7lTsMCx","Powfu, beabadoobee","death bed (coffee for your head)","Columbia",9,105,49,"2002697"
103,"spotify:track:3jjujdWJ72nww5eGnfs2E7","Harry Styles","Adore You","Columbia",3,110,59,"1995152"
104,"spotify:track:5rZlwNFl01HqLWBQGryKSm","Pop Smoke, Lil Tjay","Mood Swings (feat. Lil Tjay)","Victor Victor Worldwide",10,111,29,"1981869"
105,"spotify:track:2mt1IqcFyY1zmYZT8Q3xw9","blackbear","hot girl bummer","Alamo",4,115,74,"1966666"
106,"spotify:track:7B3z0ySL9Rr0XvZEAjWZzM","Clairo","Sofia","FADER Label",27,102,18,"1959930"
107,"spotify:track:075qcpR3BnxD5CWUIx1HTr","Morgan Wallen","This Bar","Big Loud / Republic",65,65,2,"1940736"
108,"spotify:track:0JJP0IS4w0fJx01EcrfkDe","All Time Low","Dear Maria, Count Me In","Hopeless Records",108,-1,1,"1933577"
109,"spotify:track:2GiJYvgVaD2HtM8GqD9EgQ","BØRNS","Electric Love","UMGRI Interscope",44,117,30,"1932343"
110,"spotify:track:7Bar1kLTmsRmH6FCKKMEyU","SZA, The Neptunes, Pharrell Williams, Ty Dolla $ign","Hit Different","Top Dawg Entertainment/RCA Records",18,119,12,"1919298"
111,"spotify:track:57RA3JGafJm5zRtKJiKPIm","Wallows, Clairo","Are You Bored Yet? (feat. Clairo)","Atlantic Records",70,123,36,"1903622"
112,"spotify:track:1IIKrJVP1C9N7iPtG6eOsK","Chris Brown, Young Thug","Go Crazy","Chris Brown Entertainment/300 Entertainment/RCA Records",20,126,35,"1898628"
113,"spotify:track:6EDO9iiTtwNv6waLwa1UUq","DJ Khaled, Drake","POPSTAR (feat. Drake)","OVO/We The Best/Epic",4,128,27,"1895711"
114,"spotify:track:6HsXpHn2s6S9arU3Wy7ndc","Morgan Wallen","Whiskey’d My Way","Big Loud / Republic",46,46,2,"1877355"
115,"spotify:track:79s5XnCN4TJKTVMSmOx8Ep","Pop Smoke","Dior","Victor Victor Worldwide/Republic Records",18,135,45,"1876454"
116,"spotify:track:01FvQEvHETjWqcDpQDJdTb","Morgan Wallen","Your Bartender","Big Loud / Republic",47,47,2,"1870495"
117,"spotify:track:6Gg1gjgKi2AK4e0qzsR7sd","Juice WRLD, YoungBoy Never Broke Again","Bandit (with YoungBoy Never Broke Again)","Grade A Productions/Interscope Records",2,132,68,"1869464"
118,"spotify:track:5NvOZCjZaGGGL597exlQWv","Ricky Montgomery","Line Without a Hook","Warner Records",96,138,9,"1865188"
119,"spotify:track:5RP2sGNT81pSfljW6TzIu7","Popp Hunna, Lil Uzi Vert","Adderall (Corvette Corvette) [feat. Lil Uzi Vert] - Remix","Jay Rebel Music",87,122,4,"1861355"
120,"spotify:track:6Ozh9Ok6h4Oi1wUSLtBseN","DaBaby","BOP","South Coast Music Group/Interscope Records",3,133,69,"1852945"
121,"spotify:track:6gdLyYNuhWBzqwlOFSsXC7","Luke Combs","Better Together","River House Artists/Columbia Nashville",38,158,16,"1852378"
122,"spotify:track:7FIWs0pqAYbP91WWM0vlTQ","Eminem, Juice WRLD","Godzilla (feat. Juice WRLD)","Shady/Aftermath/Interscope Records",2,125,52,"1850023"
123,"spotify:track:2NK6dtSujGIyilnEgbw8MX","Morgan Wallen, Ben Burgess","Outlaw (feat. Ben Burgess)","Big Loud / Republic",44,44,2,"1849917"
124,"spotify:track:6IBcOGPsniK3Pso1wHIhew","Luke Combs","Forever After All","River House Artists/Columbia Nashville",2,112,13,"1838972"
125,"spotify:track:5dOxHHMOFAbG3VH23t0xNm","Juice WRLD","Righteous","Grade A Productions/Interscope Records",2,136,39,"1828474"
126,"spotify:track:2kJwzbxV2ppxnQoYw4GLBZ","JP Saxe, Julia Michaels","If the World Was Ending (feat. Julia Michaels)","Arista Records",47,124,62,"1824120"
127,"spotify:track:0zLCBJZSiELJf02ucPP9wb","SAINt JHN, Imanbek","Roses - Imanbek Remix","Craft Recordings",5,131,48,"1817206"
128,"spotify:track:3eekarcy7kvN4yt5ZFzltW","Travis Scott","HIGHEST IN THE ROOM","Cactus Jack/Epic",1,137,68,"1815882"
129,"spotify:track:5MwynWK9s4hlyKHqhkNn4A","Morgan Wallen","Chasin' You","Big Loud Records",55,134,45,"1813542"
130,"spotify:track:7bCfHiRcfUjG0YVVNUL7Ve","CORPSE, Savage Ga$p","E-GIRLS ARE RUINING MY LIFE!","CORPSE",59,121,15,"1812094"
131,"spotify:track:7L6G0wpIUiPXuvoo7qhb06","Yung Gravy","oops!","Republic Records",131,-1,1,"1807382"
132,"spotify:track:30bqVoKjX479ab90a8Pafp","Lil Peep","Star Shopping","Lil Peep",107,142,21,"1801645"
133,"spotify:track:45S5WTQEGOB1VHr1Q4FuPl","Harry Styles","Golden","Columbia",21,144,14,"1800361"
134,"spotify:track:6ft4hAq6yde8jPZY2i5zLr","MEDUZA, Dermot Kennedy","Paradise (feat. Dermot Kennedy)","Universal-Island Records Ltd.",134,183,3,"1796830"
135,"spotify:track:3ee8Jmje8o58CHK66QrVC2","XXXTENTACION","SAD!","Bad Vibes Forever, LLC",1,156,149,"1791974"
136,"spotify:track:7JuHVG3qQKQKxC4doneXVW","Pooh Shiesty, Lil Durk","Back in Blood (feat. Lil Durk)","Atlantic Records",136,194,2,"1787452"
137,"spotify:track:2p6hbwOB2u5hI4Uc8FDNL3","Morgan Wallen","Wonderin’ Bout The Wind","Big Loud / Republic",49,49,2,"1786144"
138,"spotify:track:6ZuahEctZD6w75peme58hm","Shawn Mendes","Wonder","Shawn Mendes LP4-5 PS/ Island",9,91,16,"1780957"
139,"spotify:track:0u2P5u6lvoDfwTYjAADbn4","Billie Eilish, Khalid","lovely (with Khalid)","Darkroom",24,141,143,"1777844"
140,"spotify:track:527k23H0A4Q0UJN3vGs0Da","Don Toliver","After Party","We Run It Ent./Cactus Jack/Atlantic",13,150,41,"1775169"
141,"spotify:track:48q0vSHcJdhK3IiXH8C5WJ","Arctic Monkeys","Why'd You Only Call Me When You're High?","Domino Recording Co",125,148,3,"1764985"
142,"spotify:track:3PfIrDoz19wz7qK7tYeu62","Dua Lipa","Don't Start Now","Warner Records",5,139,60,"1761811"
143,"spotify:track:3JKgcAa7r07ocVWcV8bS0H","Polo G","21","Columbia",42,151,35,"1757036"
144,"spotify:track:0ada5XsQGLPUVbmTCkAP49","Juice WRLD, Marshmello, The Kid LAROI, Polo G","Hate The Other Side (with Marshmello & The Kid Laroi)","Grade A Productions/Interscope Records",5,152,28,"1753808"
145,"spotify:track:6gxKUmycQX7uyMwJcweFjp","Lil Baby, 42 Dugg","We Paid (feat. 42 Dugg)","Quality Control/Motown Records",9,166,32,"1745087"
146,"spotify:track:6eVxH9Kyanzrw636zJRPcw","Lil Baby","Errbody","Quality Control Music/Motown Records",42,146,7,"1743698"
147,"spotify:track:1jaTQ3nqY3oAAYyCTbIvnM","Jack Harlow","WHATS POPPIN","Generation Now/Atlantic",6,143,52,"1740850"
148,"spotify:track:3QzAOrNlsabgbMwlZt7TAY","Mustard, Roddy Ricch","Ballin' (with Roddy Ricch)","10 Summers Records/Interscope Records",11,153,77,"1729731"
149,"spotify:track:7fEoXCZTZFosUFvFQg1BmW","King Von","Took Her To The O","Forever and a Day, LLC / EMPIRE",37,145,11,"1721055"
150,"spotify:track:696DnlkuDOXcMAnKlTgXXK","Arizona Zervas","ROXANNE","Arizona Zervas",1,155,64,"1717843"
151,"spotify:track:1ZMiCix7XSAbfAJlEZWMCp","Harry Styles","Falling","Columbia",11,154,55,"1714315"
152,"spotify:track:0uxSUdBrJy9Un0EYoBowng","Lil Uzi Vert","20 Min","Generation Now/Atlantic",116,161,50,"1703626"
153,"spotify:track:3oUuRNgyIuiqVTWLCChp3s","The Longest Johns","Wellerman","Decca (UMO)",153,-1,1,"1689107"
154,"spotify:track:6wQlQrTY5mVS8EGaFZVwVF","Juice WRLD, The Weeknd","Smile (with The Weeknd)","Grade A Productions/Interscope Records",2,163,23,"1688082"
155,"spotify:track:7GX5flRQZVHRAGd6B4TmDO","Lil Uzi Vert","XO Tour Llif3","Generation Now/Atlantic",2,168,197,"1686078"
156,"spotify:track:6KfoDhO4XUWSbnyKjNp9c4","Conan Gray","Maniac","Republic Records",73,162,51,"1684032"
157,"spotify:track:6J2LdBN97cDWn0MLxYh9HB","Noah Cyrus","July","Records/Columbia",56,140,63,"1683166"
158,"spotify:track:0WSa1sucoNRcEeULlZVQXj","Bring Me The Horizon","Can You Feel My Heart","RCA Records Label",158,-1,1,"1682971"
159,"spotify:track:3GVkPk8mqxz0itaAriG1L7","XXXTENTACION","Everybody Dies In Their Nightmares","Bad Vibes Forever / EMPIRE",15,164,100,"1678070"
160,"spotify:track:5f1joOtoMeyppIcJGZQvqJ","Kane Brown, Swae Lee, Khalid","Be Like That - feat. Swae Lee & Khalid","RCA Records Label Nashville",25,159,26,"1668431"
161,"spotify:track:2JvzF1RMd7lE3KmFlsyZD8","J. Cole","MIDDLE CHILD","Dreamville, Inc., Under exclusive license to Roc Nation Records",1,170,103,"1666616"
162,"spotify:track:78QR3Wp35dqAhFEc2qAGjE","Lil Baby, Gunna","Drip Too Hard (Lil Baby & Gunna)","Quality Control Music/Young Stoner Life Records, a 300 Entertainment Label/Motown Records/Capitol Records",1,174,121,"1665541"
163,"spotify:track:1nYzjrdVQ8RpF93M0jPFW7","Sara Kays","Remember That Night?","P2021",163,186,2,"1663059"
164,"spotify:track:2IVsRhKrx8hlQBOWy4qebo","Ricky Montgomery","Mr. Loverman","Warner Records",155,167,7,"1661429"
165,"spotify:track:7AQim7LbvFVZJE3O8TYgf2","XXXTENTACION, Trippie Redd","Fuck Love","Bad Vibes Forever / EMPIRE",8,178,171,"1649398"
166,"spotify:track:1H7KnK26kc1YyellpbINEn","Pop Smoke, 50 Cent, Roddy Ricch","The Woo (feat. 50 Cent & Roddy Ricch)","Victor Victor Worldwide",8,172,27,"1640386"
167,"spotify:track:58ge6dfP91o9oXMzq3XkIS","Arctic Monkeys","505","Domino/Warner Records",145,165,3,"1634733"
168,"spotify:track:6K4t31amVTZDgR3sKmwUJJ","Tame Impala","The Less I Know The Better","Universal Music Australia Pty. Ltd.",119,177,68,"1630986"
169,"spotify:track:5IUtvfNvOyVYZUa6AJFrnP","Ty Dolla $ign, Post Malone","Spicy (feat. Post Malone)","Atlantic Records",14,187,8,"1620575"
170,"spotify:track:2rxQMGVafnNaRaXlRMWPde","Luke Combs","Beautiful Crazy","River House Artists/Columbia Nashville",61,182,130,"1616505"
171,"spotify:track:2rRJrJEo19S2J82BDsQ3F7","Trevor Daniel","Falling","Alamo",5,175,60,"1615829"
172,"spotify:track:0E4Y1XIbs8GrAT1YqVy6dq","Ed Sheeran","Afterglow","Atlantic Records UK",50,103,4,"1614003"
173,"spotify:track:0CfPMZ1DSdzglsMRpLDM2H","Morgan Wallen, Chris Stapleton","Only Thing That’s Gone (feat. Chris Stapleton)","Big Loud / Republic",56,56,2,"1610667"
174,"spotify:track:2xLMifQCjDGFmkHkpNLD9h","Travis Scott","SICKO MODE","Cactus Jack / Epic",1,185,126,"1610277"
175,"spotify:track:1SF8piqsZWn86DajVKih8F","YoungBoy Never Broke Again","Kacey Talk","Never Broke Again, LLC",80,181,20,"1587927"
176,"spotify:track:0GO8y8jQk1PkHzS31d699N","GROUPLOVE","Tongue Tied","Canvasback/ATL",119,188,36,"1585889"
177,"spotify:track:6f3Slt0GbA2bPZlz0aIFXN","Tiësto","The Business","Atlantic Records",177,-1,1,"1573002"
178,"spotify:track:1jOBlsvKhdqjZAlUAia4Qz","Joshua Bassett","Lie Lie Lie","Warner Records",178,-1,1,"1572254"
179,"spotify:track:5wujBwqG7INdStqGd4tRMX","Juice WRLD","Armed And Dangerous","Juice WRLD Mixtape / ISR P&D",9,199,107,"1568483"
180,"spotify:track:5RubKOuDoPn5Kj5TLVxSxY","Bad Bunny","TE MUDASTE","Rimas Entertainment LLC",22,179,7,"1553827"
181,"spotify:track:23T0OX7QOiIUFShSzbJ5Uo","Gabby Barrett","I Hope","Warner Music Nashville",72,193,45,"1544189"
182,"spotify:track:003vvx7Niy0yvhvHt4a68B","The Killers","Mr. Brightside","Island Records",168,-1,25,"1542594"
183,"spotify:track:1xQ6trAsedVPCdbtDAmk0c","Jawsh 685, Jason Derulo","Savage Love (Laxed - Siren Beat)","Columbia",9,-1,26,"1532258"
184,"spotify:track:0q75NwOoFiARAVp4EXU4Bs","SZA, Travis Scott","Love Galore (feat. Travis Scott)","Top Dawg Entertainment/RCA Records",24,189,59,"1529941"
185,"spotify:track:3nS9a01VvXHQriLqJYwRqG","Gunna, Young Thug","DOLLAZ ON MY HEAD (feat. Young Thug)","300 Entertainment",19,198,32,"1529175"
186,"spotify:track:0HC6S4VpCGAZvyxTdrMRIQ","Selena Gomez","De Una Vez","Selena Gomez Latin Project",186,-1,1,"1527482"
187,"spotify:track:1rgnBhdG2JDFTbYkYRZAku","Tones And I","Dance Monkey","Elektra (NEK)",7,197,71,"1525418"
188,"spotify:track:5ovVcYo2MvjVydFwFyaaqy","Dan + Shay","I Should Probably Go To Bed","Warner Music Nashville",81,-1,9,"1523833"
189,"spotify:track:1Cv1YLb4q0RzL6pybtaMLo","Surfaces","Sunday Best","Surfaces Music / TenThousand Projects, LLC",14,173,51,"1516433"
190,"spotify:track:5uCax9HTNlzGybIStD3vDh","James Arthur","Say You Won't Let Go","Columbia",15,196,132,"1503907"
191,"spotify:track:3IJYUaN3tx04S4TYyZHKoP","StaySolidRocky","Party Girl","Columbia",2,192,35,"1502866"
192,"spotify:track:7uoFMmxln0GPXQ0AcCBXRq","Sia","Snowman","Monkey Puzzle/Atlantic",34,160,6,"1500014"
193,"spotify:track:2wrJq5XKLnmhRXHIAf9xBa","Dan + Shay, Justin Bieber","10,000 Hours (with Justin Bieber)","Warner Music Nashville",2,200,63,"1498383"
194,"spotify:track:1AGXmKhp5H6d1B2OwZwQdQ","Morgan Wallen","Silverado For Sale","Big Loud / Republic",92,92,2,"1497428"
195,"spotify:track:5CFJRZRq6sdKKtRwNPWbYv","Kid Cudi, Skepta, Pop Smoke","Show Out (with Skepta & Pop Smoke)","Republic Records",24,171,6,"1497359"
196,"spotify:track:4umIPjkehX1r7uhmGvXiSV","Justin Bieber, Quavo","Intentions (feat. Quavo)","RBMG/Def Jam",2,191,48,"1497328"
197,"spotify:track:6NriykdkRrjQMZo1sfVYUo","Taylor Swift, HAIM","no body, no crime (feat. HAIM)","Taylor Swift",5,129,6,"1491922"
198,"spotify:track:2vBET2pmrQqafaS6zIaYta","Black Eyed Peas, Shakira","GIRL LIKE ME","Epic",198,-1,1,"1490203"
199,"spotify:track:7E2C5rBLpCKwQlhJPVFBRS","Yung Bleu, Drake","You're Mines Still (feat. Drake)","Moon Boy University / EMPIRE",123,-1,2,"1487786"
200,"spotify:track:3jT2LKH0RSbQ8jIUNFzXm5","G Herbo, Lil Uzi Vert, Juice WRLD, Chance the Rapper","PTSD","Machine Entertainment Group - G Herbo",31,-1,40,"1486494"
