﻿rank,uri,artist_names,track_name,source,peak_rank,previous_rank,weeks_on_chart,streams
1,"spotify:track:0RbW8kWozrVSIGb4V13o0o","Kanye West","Hurricane","Rock The World/IDJ/Kanye LP7",1,-1,1,"12980968"
2,"spotify:track:5PjdY0CKGZdEuoNab3yDmX","The Kid LAROI, Justin Bieber","STAY (with Justin Bieber)","Columbia",1,1,8,"12489697"
3,"spotify:track:42ZrMq4BKsWDrrbMnMRYaK","Kanye West","Jail","Rock The World/IDJ/Kanye LP7",3,-1,1,"10785966"
4,"spotify:track:2gbMPBrBVj3CuNTLp2dHYs","Kanye West","Off The Grid","Rock The World/IDJ/Kanye LP7",4,-1,1,"10590993"
5,"spotify:track:27NovPIUIRrOZoCHxABJwK","Lil Nas X, Jack Harlow","INDUSTRY BABY (feat. Jack Harlow)","Columbia",1,2,6,"10526344"
6,"spotify:track:2Rd4eJ4KwXQQn2sMSToyUM","Kanye West","Moon","Rock The World/IDJ/Kanye LP7",6,-1,1,"9243390"
7,"spotify:track:0Zm7NKJgoKY6ZWwtoEUILK","Kanye West","Praise God","Rock The World/IDJ/Kanye LP7",7,-1,1,"8839913"
8,"spotify:track:7Bpx2vsWfQFBACRz4h3IqH","Baby Keem, Kendrick Lamar","family ties (with Kendrick Lamar)","Columbia",8,-1,1,"7983788"
9,"spotify:track:4ZtFanR9U6ndgddUvNcjcG","Olivia Rodrigo","good 4 u","Olivia Rodrigo PS",1,3,16,"7648381"
10,"spotify:track:3Vi5XqYrmQgOYBajMWSvCi","Doja Cat","Need to Know","Kemosabe Records/RCA Records",4,4,12,"7416488"
11,"spotify:track:73uxnSsFMeJ15POpd3zgrV","Kanye West","Believe What I Say","Rock The World/IDJ/Kanye LP7",11,-1,1,"7319823"
12,"spotify:track:02MWAaffLxlfxAUY7c5dvx","Glass Animals","Heat Waves","Polydor Records",9,9,40,"7010858"
13,"spotify:track:3gWzTnziivUYzqXtnvgN8q","Kanye West","Jonah","Rock The World/IDJ/Kanye LP7",13,-1,1,"6980201"
14,"spotify:track:4VYEnxm7lmtG5sEEbcmORB","Kanye West","Ok Ok","Rock The World/IDJ/Kanye LP7",14,-1,1,"6741808"
15,"spotify:track:1dPNJDYuW9QAtkOpK3eBvO","Kanye West","God Breathed","Rock The World/IDJ/Kanye LP7",15,-1,1,"6677564"
16,"spotify:track:4RVwu0g32PAqgUiJoXsdF8","Billie Eilish","Happier Than Ever","Darkroom/Interscope Records",3,5,5,"6629395"
17,"spotify:track:2ZUJsR8HEktit58X6FuPQM","Kanye West","Heaven and Hell","Rock The World/IDJ/Kanye LP7",17,-1,1,"6247332"
18,"spotify:track:1aF9TeHZbe6OVo9dtjPuzK","Kanye West","Junya","Rock The World/IDJ/Kanye LP7",18,-1,1,"6192365"
19,"spotify:track:3DarAbFujv6eYNliUTyqtz","Doja Cat, SZA","Kiss Me More (feat. SZA)","Kemosabe Records/RCA Records",1,6,21,"6163709"
20,"spotify:track:3SYLoL8KHxdQPYIkfwmUjN","Kanye West","Remote Control","Rock The World/IDJ/Kanye LP7",20,-1,1,"6141218"
21,"spotify:track:7DBFslKWQzoRgO0HBBkL3u","Kanye West","24","Rock The World/IDJ/Kanye LP7",21,-1,1,"6000115"
22,"spotify:track:7up5MwPUHQdv4DkzQRHRWP","Kanye West","Pure Souls","Rock The World/IDJ/Kanye LP7",22,-1,1,"5584464"
23,"spotify:track:3onYsG7nB3FwEVHYYWCrIM","Kanye West","No Child Left Behind","Rock The World/IDJ/Kanye LP7",23,-1,1,"5488042"
24,"spotify:track:6PQ88X9TkUIAUIZJHW2upE","Ed Sheeran","Bad Habits","Atlantic Records UK",7,7,10,"5171420"
25,"spotify:track:4XvcHTUfIlWfyJTRG0aqlo","Sleepy Hallow","2055","Winners Circle/RCA Records",8,8,11,"5083952"
26,"spotify:track:67BtfxlNbhBmCDR2L2l8qd","Lil Nas X","MONTERO (Call Me By Your Name)","Columbia",1,10,23,"5015049"
27,"spotify:track:4IlOyxGATYUp7YVy5zrSW8","Kanye West","Keep My Spirit Alive","Rock The World/IDJ/Kanye LP7",27,-1,1,"4983141"
28,"spotify:track:2TJ1FOCmCBkKm418MjVw5D","Kanye West","Donda","Rock The World/IDJ/Kanye LP7",28,-1,1,"4885279"
29,"spotify:track:56JwgcQcxo08w7YXrBzrA5","Kanye West","Jesus Lord","Rock The World/IDJ/Kanye LP7",29,-1,1,"4884326"
30,"spotify:track:6Uj1ctrBOjOas8xZXGqKk4","Doja Cat","Woman","Kemosabe Records/RCA Records",15,15,10,"4831992"
31,"spotify:track:2GPTiPR5db727wu1tFvFt4","Kanye West","New Again","Rock The World/IDJ/Kanye LP7",31,-1,1,"4634623"
32,"spotify:track:7f1w2rZoIf7g56McEUTh5W","Kanye West","Jail pt 2","Rock The World/IDJ/Kanye LP7",32,-1,1,"4576165"
33,"spotify:track:5nujrmhLynf4yMoMtj8AQF","Dua Lipa, DaBaby","Levitating (feat. DaBaby)","Warner Records",4,13,48,"4441740"
34,"spotify:track:5CZ40GBx1sQ9agT82CLQCT","Olivia Rodrigo","traitor","Olivia Rodrigo PS",3,14,15,"4415106"
35,"spotify:track:3Wrjm47oTz2sjIgck11l5e","Måneskin","Beggin'","RCA Records Label",5,12,11,"4369934"
36,"spotify:track:3J4VKkUpLvomXJbn9ZAypO","Meek Mill, Lil Durk, Lil Baby","Sharing Locations (feat. Lil Baby & Lil Durk)","MMG/Atlantic",36,-1,1,"4265728"
37,"spotify:track:5YRFttxjAEgm2nq5Z2tlqK","Kanye West","Lord I Need You","Rock The World/IDJ/Kanye LP7",37,-1,1,"4148284"
38,"spotify:track:5fwSHlTEWpluwOM0Sxnh5k","Farruko","Pepas","Sony Music Latin",20,20,6,"4130949"
39,"spotify:track:6DZz58CbF0AKw5PCKqNKcM","Kanye West","Come to Life","Rock The World/IDJ/Kanye LP7",39,-1,1,"4118822"
40,"spotify:track:0W6I02J9xcqK8MtSeosEXb","Doja Cat","Get Into It (Yuh)","Kemosabe Records/RCA Records",18,18,10,"4094552"
41,"spotify:track:6HU7h9RYOaPRFeh0R3UeAr","Olivia Rodrigo","deja vu","Olivia Rodrigo PS",2,16,22,"4009228"
42,"spotify:track:5lAnYvAIkSDNXqfo7DyFUm","Doja Cat","Ain't Shit","Kemosabe Records/RCA Records",4,17,10,"3884475"
43,"spotify:track:3VlW71ZRJPEjd17W0bW28D","Kanye West","Donda Chant","Rock The World/IDJ/Kanye LP7",43,-1,1,"3846247"
44,"spotify:track:18vXApRmJSgQ6wG2ll9AOg","Polo G","RAPSTAR","Columbia",1,23,21,"3754180"
45,"spotify:track:3ZozFqJJlDBNIm4xqxn2ZD","Walker Hayes","Fancy Like","Monument Records",22,26,10,"3694389"
46,"spotify:track:34TiQsddaGhd8lmzJfxSzH","Kanye West","Tell The Vision","Rock The World/IDJ/Kanye LP7",46,-1,1,"3605367"
47,"spotify:track:37y7iDayfwm3WXn5BiAoRk","Steve Lacy","Dark Red","Three Quarter",34,34,4,"3482085"
48,"spotify:track:65OVbaJR5O1RmwOQx0875b","Drake, Lil Baby","Wants and Needs (feat. Lil Baby)","OVO",2,25,26,"3340270"
49,"spotify:track:6KgtcmCF9Ky68XC7ezxl3s","Lizzo, Cardi B","Rumors (feat. Cardi B)","Nice Life/Atlantic",6,19,3,"3299123"
50,"spotify:track:6M3PsepEj5gyJoIi7Xvr7u","The Weeknd","Take My Breath - Single Version","XO / Republic Records",5,24,4,"3281606"
51,"spotify:track:1QCqedB1ibmRO9x7Ikb5LI","Kanye West","Ok Ok pt 2","Rock The World/IDJ/Kanye LP7",51,-1,1,"3280727"
52,"spotify:track:4iJyoBOLtHqaGxP12qzhQI","Justin Bieber, Daniel Caesar, Giveon","Peaches (feat. Daniel Caesar & Giveon)","RBMG/Def Jam",1,27,24,"3167589"
53,"spotify:track:7EkWXAI1wn8Ii883ecd9xr","Surf Curse","Freaks","Surf Curse",31,32,19,"3141108"
54,"spotify:track:7soCc4TpT99bOhJoCiMqFN","Kanye West","Junya pt 2","Rock The World/IDJ/Kanye LP7",54,-1,1,"3123791"
55,"spotify:track:5RhFmJifQe83FpQ6ZFFTZ5","Halsey","I am not a woman, I'm a god","Capitol Records",55,-1,1,"3116230"
56,"spotify:track:5zNW5ARjYhJQJz1AChP33n","Megan Thee Stallion","Thot Shit","300 Entertainment",11,28,12,"3012129"
57,"spotify:track:5wANPM4fQCJwkGd4rN57mH","Olivia Rodrigo","drivers license","Olivia Rodrigo PS",1,33,34,"2994558"
58,"spotify:track:4zbr7Cp3UB00FurUovPU03","Trippie Redd, Juice WRLD","Matt Hardy 999","Homemade Projects / 10K Projects",11,11,2,"2968740"
59,"spotify:track:4s6vwFgPdCtidpEw8KuQT6","Lil Tecca, Gunna","REPEAT IT (with Gunna)","Galactic / Republic Records",28,71,4,"2925203"
60,"spotify:track:40uMIn2zJLAQhNXghRjBed","Post Malone","Motley Crew","Republic Records",3,30,8,"2891513"
61,"spotify:track:1sx0XsWUusUoPstbvokZjP","Tai Verdes","AOK","Arista Records",39,39,12,"2845122"
62,"spotify:track:37BZB0z9T8Xu7U3e65qxFy","The Weeknd, Ariana Grande","Save Your Tears (with Ariana Grande) (Remix)","Republic Records",5,36,19,"2842194"
63,"spotify:track:5RwV8BvLfX5injfqYodke9","Rauw Alejandro","Todo De Ti","Sony Music Latin/Duars Entertainment",18,40,14,"2772113"
64,"spotify:track:2QjOHCTQ1Jl3zawyYOpxh6","The Neighbourhood","Sweater Weather","Columbia",19,50,54,"2739552"
65,"spotify:track:5JCoSi02qi3jJeHdZXMmR8","Olivia Rodrigo","favorite crime","Olivia Rodrigo PS",5,41,15,"2737863"
66,"spotify:track:72dummgz1gSqm8faekYYQh","Kanye West","Jesus Lord pt 2","Rock The World/IDJ/Kanye LP7",66,-1,1,"2720471"
67,"spotify:track:2JPLbjOn0wPCngEot2STUS","Bad Bunny","Yonaguni","Rimas Entertainment LLC",5,42,13,"2707946"
68,"spotify:track:6iBlllot0wdy8f7V5t8OnR","Trippie Redd, Playboi Carti","Miss The Rage","Homemade Projects / 10K Projects",4,22,17,"2703227"
69,"spotify:track:7MAibcTli4IisCtbHKrGMh","Bruno Mars, Anderson .Paak, Silk Sonic","Leave The Door Open","Aftermath Entertainment/Atlantic",4,37,26,"2693637"
70,"spotify:track:0VjIjW4GlUZAMYd2vXMi3b","The Weeknd","Blinding Lights","Republic Records",1,46,92,"2678558"
71,"spotify:track:5KQxun2WxwDMsV7HCN2ONK","Trippie Redd, Polo G, Lil Durk","Rich MF (feat. Lil Durk)","Homemade Projects / 10K Projects",21,21,2,"2671924"
72,"spotify:track:2vmfvSoZBFAt9hhRoEByLi","Aventura, Bad Bunny","Volví","Rimas Entertainment LLC",17,38,5,"2671742"
73,"spotify:track:0MMyJUC3WNnFS1lit5pTjk","Olivia Rodrigo","jealousy, jealousy","Olivia Rodrigo PS",10,43,15,"2670117"
74,"spotify:track:6SRsiMl7w1USE4mFqrOhHC","Olivia Rodrigo","brutal","Olivia Rodrigo PS",4,49,15,"2650271"
75,"spotify:track:7CIERzyqIwLVKGp00YbHRO","PinkPantheress","Pain","Parlophone UK",48,48,9,"2639291"
76,"spotify:track:6IW4TUC3zHW4tpikDg1w7Y","Kacey Musgraves","justified","Kacey Musgraves",76,-1,1,"2589145"
77,"spotify:track:0k4d5YPDr1r7FX77VdqWez","Doja Cat, The Weeknd","You Right","Kemosabe Records/RCA Records",4,45,10,"2579916"
78,"spotify:track:3FAJ6O0NOHQV8Mc5Ri6ENp","Giveon","Heartbreak Anniversary","Epic/Not So Fast",9,54,30,"2496394"
79,"spotify:track:7nc7mlSdWYeFom84zZ8Wr8","Cochise, $NOT","Tell Em","Columbia",26,58,14,"2482145"
80,"spotify:track:3JR0ducCexKbeK47g6AHm5","BTS, Megan Thee Stallion","Butter - Megan Thee Stallion Remix","BIGHIT MUSIC",80,-1,1,"2465485"
81,"spotify:track:62vpWI1CHwFy7tMIcSStl8","J. Cole","No Role Modelz","Roc Nation Records LLC",45,70,186,"2442833"
82,"spotify:track:2tGvwE8GcFKwNdAXMnlbfl","Olivia Rodrigo","happier","Olivia Rodrigo PS",5,55,15,"2432766"
83,"spotify:track:5svL1PkWw8hPEAOdTNLexy","Sueco","Paralyzed","Atlantic Records",41,44,3,"2407905"
84,"spotify:track:33aow0AcXYvT1FoWNzMcqN","Nelly, Florida Georgia Line","Lil Bit (feat. Florida Georgia Line)","Records/Columbia",44,74,19,"2403898"
85,"spotify:track:0qXP5fMhxGzxALOkXYUxfP","A-Wall","Loverboy","Lord A-Wall Records",61,67,3,"2395013"
86,"spotify:track:1MIGkQxcdAt2lDx6ySpsc5","Jack Harlow, Pooh Shiesty","SUVs (Black on Black)","Generation Now/Atlantic",22,57,4,"2366222"
87,"spotify:track:1EJIcDYXwSqipW5dFe4uJz","DJ Khaled, Lil Baby, Lil Durk","EVERY CHANCE I GET (feat. Lil Baby & Lil Durk)","Epic/We The Best",24,61,18,"2359104"
88,"spotify:track:3yaYgjEFkRw3PVjW9mV1TO","Smiley, Drake","Over The Top (feat. Drake)","OVO Sound",17,56,6,"2330549"
89,"spotify:track:3NqBxTOMCJ3zW9CIP51td4","Eslabon Armado, DannyLux","Jugaste y Sufrí","DEL Records",89,117,2,"2296396"
90,"spotify:track:26BMsCXJpD7eYtP7ufhApC","Blueface, OG Bobby Billions","Outside (Better Days)","5th Amendment / Entertainment One / Billionaire Music Group / EMPIRE",64,64,8,"2281267"
91,"spotify:track:7kDUspsoYfLkWnZR7qwHZl","Machine Gun Kelly, blackbear","my ex's best friend (with blackbear)","Bad Boy/Interscope Records",11,69,56,"2249390"
92,"spotify:track:21jGcNKet2qwijlDFuPiPb","Post Malone","Circles","Republic Records",1,77,105,"2223476"
93,"spotify:track:4qu63nuBpdn0qHUHuObEj1","Marshmello, Jonas Brothers","Leave Before You Love Me (with Jonas Brothers)","Republic Records",45,73,15,"2207722"
94,"spotify:track:1is8gU4RVcN4J8xItxWoOY","Clinton Kane","I GUESS I'M IN LOVE","Columbia",66,66,2,"2201089"
95,"spotify:track:0RiRZpuVRbi7oqRdSMwhQY","Post Malone, Swae Lee","Sunflower - Spider-Man: Into the Spider-Verse","Republic Records",1,78,150,"2198523"
96,"spotify:track:6tDDoYIxWvMLTdKpjFkc1B","Kali Uchis","telepatía","EMI / Interscope",4,80,29,"2179551"
97,"spotify:track:5JKnYZOhSP7rOK0jPYcCjV","WILLOW, Travis Barker","t r a n s p a r e n t s o u l feat. Travis Barker","MSFTSMusic / Roc Nation Records, LLC",20,75,16,"2165265"
98,"spotify:track:4jPy3l0RUwlUI9T5XHBW2m","24kGoldn, iann dior","Mood (feat. iann dior)","Records/Columbia",2,82,56,"2153325"
99,"spotify:track:4mOkfIYbMX9PXx27hj8NTi","Trippie Redd, Drake","Betrayal (feat. Drake)","1400 Entertainment, Inc. / 10K Projects",51,51,2,"2146681"
100,"spotify:track:3YJJjQPAbDT7mGpX3WtQ9A","SZA","Good Days","Top Dawg Entertainment/RCA Records",1,81,36,"2145764"
101,"spotify:track:0BGwAKW4u8kWOhWFflZxfl","Masked Wolf","Astronaut In The Ocean","Elektra (NEK)",4,59,30,"2145628"
102,"spotify:track:07MDkzWARZaLEdKxo6yArG","THE ANXIETY, WILLOW, Tyler Cole","Meet Me At Our Spot","MSFTSMusic / Roc Nation Records, LLC",102,199,2,"2137499"
103,"spotify:track:2Y0wPrPQBrGhoLn14xRYCG","Juice WRLD, Marshmello","Come & Go (with Marshmello)","Grade A Productions/Interscope Records",1,79,60,"2105228"
104,"spotify:track:1VLtjHwRWOVJiE5Py7JxoQ","Polo G","Martin & Gina","Columbia",23,83,57,"2095770"
105,"spotify:track:55sgQENF3LY1sUcJUwasLl","Skrillex, Justin Bieber, Don Toliver","Don’t Go (with Justin Bieber & Don Toliver)","OWSLA/Atlantic",29,29,2,"2095048"
106,"spotify:track:2MyQK6cKu9IAzNXiBm7TD0","Lil Tecca, Chief Keef, Trippie Redd","CHOPPA SHOOT THE LOUDEST (with Chief Keef, feat.Trippie Redd)","Galactic / Republic Records",106,-1,1,"2071916"
107,"spotify:track:4MzXwWMhyBbmu6hOcLVD49","Bad Bunny, Jhayco","DÁKITI","Rimas Entertainment LLC",1,86,44,"2065368"
108,"spotify:track:4pt5fDVTg5GhEvEtlz9dKk","Måneskin","I WANNA BE YOUR SLAVE","RCA Records Label",45,76,11,"2058691"
109,"spotify:track:0soNGRgFn7aq1T4LXtFDMb","Lil Tecca","NEVER LEFT","Galactic / Republic Records",20,150,17,"2043692"
110,"spotify:track:2vWBUC9djv6BtiGlmKiQaH","Yot Club","YKWIM?","yot club under exclusive license to Amuseio AB",90,92,9,"2034298"
111,"spotify:track:6UelLqGlWMcVH1E5c4H7lY","Harry Styles","Watermelon Sugar","Columbia",4,91,94,"2016338"
112,"spotify:track:2Nc1v8I86FUGorwjXKo0in","Belly, The Weeknd, Nas","Belly, The Weeknd - Die For It (ft. Nas)","XO | Roc Nation Records, LLC",112,-1,1,"2012875"
113,"spotify:track:0z8hI3OPS8ADPWtoCjjLl6","Shawn Mendes, Tainy","Summer of Love (Shawn Mendes & Tainy)","Shawn Mendes LP4-5 PS/ Island",35,35,2,"2011322"
114,"spotify:track:0cu0rhnlCnJ7JIeHRiLpj3","DaBaby","Ball If I Want To","South Coast Music Group/Interscope Records",28,84,11,"1994753"
115,"spotify:track:0ofHAoxe9vBkTCp2UQIavz","Fleetwood Mac","Dreams - 2004 Remaster","Rhino/Warner Records",6,103,52,"1985989"
116,"spotify:track:6OTKVgVpVaVjhRLYizPJKA","PinkPantheress","Just for Me","Parlophone UK",64,90,3,"1964313"
117,"spotify:track:0zO8ctW0UiuOefR87OeJOZ","ScHoolboy Q, Kendrick Lamar","Collard Greens","Schoolboy Q",113,113,3,"1958693"
118,"spotify:track:51pshtuYkgUQnt5huMPbKL","Mac Miller, Empire of the Sun","The Spins","Rostrum Records",91,97,27,"1946544"
119,"spotify:track:4VXIryQMWpIdGgYR4TrjT1","Juice WRLD","All Girls Are The Same","Juice WRLD Mixtape / ISR P&D",13,98,175,"1943724"
120,"spotify:track:1JXBNvlDEl2epKSJ9EOgKX","The Kid LAROI, Polo G, Stunna Gambino","NOT SOBER (feat. Polo G & Stunna Gambino)","Columbia",16,60,6,"1927205"
121,"spotify:track:60ynsPSSKe6O3sfwRnIBRf","Doja Cat","Streets","Kemosabe Records/RCA Records",3,95,34,"1919906"
122,"spotify:track:5B0kgjHULYJhAQkK5XsMoC","Tyler, The Creator, YoungBoy Never Broke Again, Ty Dolla $ign","WUSYANAME (feat. Youngboy Never Broke Again & Ty Dolla $ign)","Columbia",3,94,10,"1909681"
123,"spotify:track:5zFglKYiknIxks8geR8rcL","Maroon 5, Megan Thee Stallion","Beautiful Mistakes (feat. Megan Thee Stallion)","Interscope Records*",29,93,25,"1907723"
124,"spotify:track:2bgTY4UwhfBYhGT4HUYStN","BTS","Butter","BIGHIT MUSIC",13,85,15,"1904355"
125,"spotify:track:003vvx7Niy0yvhvHt4a68B","The Killers","Mr. Brightside","Island Records",82,96,57,"1900785"
126,"spotify:track:0Fs9cdPDhptWEDJmiCbkEW","J. Cole, Cults, Amber Coffman","She Knows (feat. Amber Coffman & Cults)","Roc Nation LLC",126,133,5,"1880547"
127,"spotify:track:285pBltuF7vW8TeWk8hdRR","Juice WRLD","Lucid Dreams","Juice WRLD Mixtape / ISR P&D",1,106,174,"1879295"
128,"spotify:track:27OeeYzk6klgBh83TSvGMA","The Kid LAROI","WITHOUT YOU","Columbia",8,100,42,"1861927"
129,"spotify:track:20BOju91NaEFK5Py4VJ2pp","Saweetie, Doja Cat","Best Friend (feat. Doja Cat)","ICY/Warner Records",12,101,34,"1840714"
130,"spotify:track:7hxHWCCAIIxFLCzvDgnQHX","Internet Money, Gunna, Don Toliver, NAV","Lemonade (feat. NAV)","Internet Money Records / TenThousand Projects",1,105,55,"1836849"
131,"spotify:track:2U5WueTLIK5WJLD7mvDODv","Juice WRLD","Wishing Well","Grade A Productions/Interscope Records",1,107,60,"1827661"
132,"spotify:track:0uxSUdBrJy9Un0EYoBowng","Lil Uzi Vert","20 Min","Generation Now/Atlantic",93,108,82,"1826860"
133,"spotify:track:26LC5kDFE0vWJzVyaENajX","Trippie Redd, Lil Uzi Vert","Holy Smokes (feat. Lil Uzi Vert)","Homemade Projects / 10K Projects",25,31,7,"1810729"
134,"spotify:track:6IBcOGPsniK3Pso1wHIhew","Luke Combs","Forever After All","River House Artists/Columbia Nashville",2,111,45,"1809636"
135,"spotify:track:1D3z6HTiQsNmZxjl7F7eoG","J. Cole, 21 Savage, Morray","m y . l i f e (with 21 Savage & Morray)","Dreamville, Inc., Under exclusive license to Roc Nation Records",2,99,16,"1786292"
136,"spotify:track:0ZLuW8uOXdFNWcI40C0OC2","Jack Harlow, Tory Lanez, DaBaby, Lil Wayne","Whats Poppin (feat. DaBaby, Tory Lanez & Lil Wayne) [Remix] - Bonus Track","Generation Now/Atlantic",2,114,63,"1781354"
137,"spotify:track:4EWCNWgDS8707fNSZ1oaA5","Kanye West","Heartless","Roc-A-Fella",137,180,5,"1775960"
138,"spotify:track:6gBFPUFcJLzWGx4lenP6h2","Travis Scott","goosebumps","Cactus Jack / Epic",8,128,244,"1774817"
139,"spotify:track:5E30LdtzQTGqRvNd7l6kG5","The Neighbourhood","Daddy Issues","Columbia",59,129,51,"1768279"
140,"spotify:track:3J8EOeKLTLXORtWPpOU5bE","Lil Tjay, 6LACK","Calling My Phone","Columbia",1,116,29,"1760146"
141,"spotify:track:5ChX0Yt1wPpRJFPPecJZPh","Joyner Lucas, Lil Tjay","Dreams Unfold","Twenty Nine Music Group",141,-1,1,"1755681"
142,"spotify:track:2GiJYvgVaD2HtM8GqD9EgQ","BØRNS","Electric Love","UMGRI Interscope",44,121,62,"1753863"
143,"spotify:track:2SAqBLGA283SUiwJ3xOUVI","Drake, Lil Durk","Laugh Now Cry Later (feat. Lil Durk)","OVO",2,120,55,"1752993"
144,"spotify:track:1fxYz1s15pyZLsJT0Hdh1m","Roddy Ricch","late at night","Atlantic Records",24,118,13,"1743989"
145,"spotify:track:0mJBiaODgK0XjOLCN5fItq","Sam Smith","Like I Can","Capitol",145,179,2,"1738349"
146,"spotify:track:1YDebgap5OFwXEBG18NJvy","DaBaby","Red Light Green Light","South Coast Music Group/Interscope Records",32,109,10,"1737858"
147,"spotify:track:1f3yAtsJtY87CTmM8RLnxf","Nirvana","Smells Like Teen Spirit","Geffen",135,141,8,"1737312"
148,"spotify:track:0PvFJmanyNQMseIFrU708S","Pop Smoke, Lil Baby, DaBaby","For The Night (feat. Lil Baby & DaBaby)","Victor Victor Worldwide",2,122,61,"1726439"
149,"spotify:track:5xyLeb2q1lxDf7hXKYlC1H","YNW Melly, Lil Uzi Vert","Mind of Melvin (feat. Lil Uzi Vert)","P2021",54,89,3,"1716566"
150,"spotify:track:4lUmnwRybYH7mMzf16xB0y","Lil Baby, Lil Durk, Travis Scott","Hats Off (feat. Travis Scott)","Quality Control Music/Alamo Records/Motown Records",27,125,13,"1715930"
151,"spotify:track:5W8jRrZ6tWrTrqnKRtIQBf","J. Cole, Lil Baby","p r i d e . i s . t h e . d e v i l (with Lil Baby)","Dreamville, Inc., Under exclusive license to Roc Nation Records",4,127,16,"1711207"
152,"spotify:track:1M4OcYkxAtu3ErzSgDEfoi","Cardi B","Up","Atlantic Records",3,119,30,"1705184"
153,"spotify:track:1058fW9H3fZA6QjYCdOBad","Camila Cabello","Don't Go Yet","Epic",43,112,6,"1695305"
154,"spotify:track:0lkQOB949M2gLyut86aJ1b","Cage The Elephant","Cigarette Daydreams","RCA Records Label",114,136,28,"1690971"
155,"spotify:track:1dIWPXMX4kRHj6Dt2DStUQ","Blxst, Tyga, Ty Dolla $ign","Chosen (feat. Ty Dolla $ign)","Red Bull Records Inc. / Evgle LLC",132,132,3,"1690897"
156,"spotify:track:7H0ya83CMmgFcOhw0UB6ow","Beach House","Space Song","Sub Pop Records",130,143,8,"1682204"
157,"spotify:track:05bfbizlM5AX6Mf1RRyMho","Nio Garcia, J Balvin, Bad Bunny","AM Remix","Flow La Movie",55,124,10,"1675341"
158,"spotify:track:6Hj9jySrnFppAI0sEMCZpJ","Juice WRLD","Robbery","Grade A Productions/Interscope Records",3,139,133,"1672818"
159,"spotify:track:7m9OqQk4RVRkw9JJdeAw96","XXXTENTACION","Jocelyn Flores","Bad Vibes Forever / EMPIRE",3,146,210,"1665319"
160,"spotify:track:6foY66mWZN0pSRjZ408c00","Morgan Wallen","Whiskey Glasses","Big Loud Records",59,134,123,"1661537"
161,"spotify:track:7ytR5pFWmSjzHJIeQkgog4","DaBaby, Roddy Ricch","ROCKSTAR (feat. Roddy Ricch)","South Coast Music Group/Interscope Records",1,137,72,"1660975"
162,"spotify:track:5QO79kh1waicV47BqGRL3g","The Weeknd","Save Your Tears","Republic Records",2,138,40,"1655760"
163,"spotify:track:7qEHsqek33rTcFNT9PFqLf","Lewis Capaldi","Someone You Loved","Vertigo Berlin",6,148,123,"1653539"
164,"spotify:track:4xqrdfXkTW4T0RauPLv3WA","Conan Gray","Heather","Republic Records",9,149,61,"1647383"
165,"spotify:track:0rKtyWc8bvkriBthvHKY8d","Joji","SLOW DANCING IN THE DARK","88rising Music/Warner Records",29,151,154,"1643404"
166,"spotify:track:2iUmqdfGZcHIhS3b9E9EWq","Neon Trees","Everybody Talks","Mercury Records",124,145,27,"1636722"
167,"spotify:track:4Oun2ylbjFKMPTiaSbbCih","Cardi B, Megan Thee Stallion","WAP (feat. Megan Thee Stallion)","Atlantic/KSR",1,142,56,"1630749"
168,"spotify:track:0y60itmpH0aPKsFiGxmtnh","WILLOW","Wait a Minute!","Roc Nation W Smith P&D",147,147,20,"1630689"
169,"spotify:track:69AIpwGNLxr4qS1X5ynx60","Jordan Davis, Luke Bryan","Buy Dirt","MCA Nashville",126,126,3,"1629213"
170,"spotify:track:67G6iaOw8DZqp1z8STR89R","BIA, Nicki Minaj","WHOLE LOTTA MONEY (feat. Nicki Minaj) - Remix","Epic",35,140,8,"1626233"
171,"spotify:track:2wAJTrFhCnQyNSD3oUgTZO","J. Cole","Work Out","Roc Nation LLC",128,156,9,"1621311"
172,"spotify:track:3sNVsP50132BTNlImLx70i","Kanye West","Bound 2","Rock The World/IDJ/Kanye/LP6",172,-1,3,"1610877"
173,"spotify:track:2HbKqm4o0w5wEeEFXm2sD4","Kendrick Lamar, Jay Rock","Money Trees","Aftermath",88,167,37,"1609765"
174,"spotify:track:7GX5flRQZVHRAGd6B4TmDO","Lil Uzi Vert","XO Tour Llif3","Generation Now/Atlantic",2,158,229,"1591806"
175,"spotify:track:3e2bWR3uFw1utzl37g4z3S","Halsey","The Tradition","Capitol Records",175,-1,1,"1588797"
176,"spotify:track:4Li2WHPkuyCdtmokzW2007","JAY-Z, Kanye West","Ni**as In Paris","Roc Nation/RocAFella/IDJ",158,-1,10,"1587620"
177,"spotify:track:0GO8y8jQk1PkHzS31d699N","GROUPLOVE","Tongue Tied","Canvasback/ATL",107,154,68,"1581220"
178,"spotify:track:1tkg4EHVoqnhR6iFEXb60y","Pop Smoke","What You Know Bout Love","Victor Victor Worldwide",6,152,53,"1578535"
179,"spotify:track:2IePEfMAtqWS6rLXXFZIgI","Internet Money, Gunna, Don Toliver, Lil Uzi Vert","His & Hers (feat. Don Toliver & Lil Uzi Vert)","Internet Money / 10K Projects",50,123,16,"1576872"
180,"spotify:track:31I3Rt1bPa2LrE74DdNizO","Kanye West, Dwele","Flashing Lights","Roc-A-Fella",180,-1,2,"1561924"
181,"spotify:track:22LAwLoDA5b4AaGSkg6bKW","Lil Mosey","Blueberry Faygo","Mogul Vision/Interscope Records",2,163,82,"1559830"
182,"spotify:track:58ge6dfP91o9oXMzq3XkIS","Arctic Monkeys","505","Domino/Warner Records",129,172,33,"1558092"
183,"spotify:track:2TOzTqQXNmR2zDJXihjZ2e","Olivia Rodrigo","enough for you","Olivia Rodrigo PS",6,144,15,"1551432"
184,"spotify:track:1Knd3MtE5sEQMh6txcg0k0","Halsey","Bells in Santa Fe","Capitol Records",184,-1,1,"1543372"
185,"spotify:track:35mvY5S1H3J2QZyna3TFe0","Ariana Grande","positions","Republic Records",1,160,45,"1538455"
186,"spotify:track:4bHsxqR3GMrXTxEPLuK5ue","Journey","Don't Stop Believin' (2022 Remaster)","Columbia/Legacy",132,170,37,"1525946"
187,"spotify:track:45bE4HXI0AwGZXfZtMp8JR","Tate McRae","you broke me first","RCA Records Label",16,176,59,"1517000"
188,"spotify:track:7FGdjbZ32vMybPuP0IuE7d","Pooh Shiesty, Lil Durk","Back in Blood (feat. Lil Durk)","Atlantic Records",9,161,34,"1509782"
189,"spotify:track:3fqwjXwUGN6vbzIwvyFMhx","Chris Stapleton","Tennessee Whiskey","Mercury Nashville",135,173,38,"1504272"
190,"spotify:track:2gMXnyrvIjhVBUZwvLZDMP","Lewis Capaldi","Before You Go","Vertigo Berlin",42,184,91,"1501178"
191,"spotify:track:3PfIrDoz19wz7qK7tYeu62","Dua Lipa","Don't Start Now","Warner Records",5,169,92,"1500181"
192,"spotify:track:3aQem4jVGdhtg116TmJnHz","Drake","What’s Next","OVO",1,164,26,"1496031"
193,"spotify:track:2JvzF1RMd7lE3KmFlsyZD8","J. Cole","MIDDLE CHILD","Dreamville, Inc., Under exclusive license to Roc Nation Records",1,190,131,"1490195"
194,"spotify:track:0nbXyq5TXYPCO7pr3N8S4I","Roddy Ricch","The Box","Atlantic Records",1,183,91,"1483590"
195,"spotify:track:7N1TIml2jRQRgXUrpXgXrk","Halsey","Easier than Lying","Capitol Records",195,-1,1,"1478755"
196,"spotify:track:3cBsEDNhFI9E82vPj3kvi3","Morgan Wallen","Wasted On You","Big Loud / Republic",3,175,34,"1473425"
197,"spotify:track:7sO5G9EABYOXQKNPNiE9NR","Offset, Metro Boomin","Ric Flair Drip (with Metro Boomin)","Slaughter Gang, LLC/Epic/Quality Control Music/Motown/Capitol/Boominati Worldwide/Republic",4,182,130,"1470793"
198,"spotify:track:1K5KBOgreBi5fkEHvg5ap3","Future, Drake","Life Is Good (feat. Drake)","Epic/Freebandz",2,185,86,"1469471"
199,"spotify:track:5pteD2j5hzE9qeP8BrVT1o","Halsey","Lilith","Capitol Records",199,-1,1,"1467502"
200,"spotify:track:161DnLWsx1i3u1JT05lzqU","Bruno Mars","Talking to the Moon","Atlantic Records",64,186,24,"1464175"
