﻿rank,uri,artist_names,track_name,source,peak_rank,previous_rank,weeks_on_chart,streams
1,"spotify:track:5PjdY0CKGZdEuoNab3yDmX","The Kid LAROI, Justin Bieber","STAY (with Justin Bieber)","Columbia",1,1,7,"13698566"
2,"spotify:track:27NovPIUIRrOZoCHxABJwK","Lil Nas X, Jack Harlow","INDUSTRY BABY (feat. Jack Harlow)","Columbia",1,2,5,"11031868"
3,"spotify:track:4ZtFanR9U6ndgddUvNcjcG","Olivia Rodrigo","good 4 u","Olivia Rodrigo PS",1,3,15,"8219210"
4,"spotify:track:3Vi5XqYrmQgOYBajMWSvCi","Doja Cat","Need to Know","Kemosabe Records/RCA Records",4,4,11,"8200497"
5,"spotify:track:4RVwu0g32PAqgUiJoXsdF8","Billie Eilish","Happier Than Ever","Darkroom/Interscope Records",3,5,4,"7137596"
6,"spotify:track:3DarAbFujv6eYNliUTyqtz","Doja Cat, SZA","Kiss Me More (feat. SZA)","Kemosabe Records/RCA Records",1,7,20,"6681635"
7,"spotify:track:6PQ88X9TkUIAUIZJHW2upE","Ed Sheeran","Bad Habits","Atlantic Records UK",7,8,9,"5527199"
8,"spotify:track:4XvcHTUfIlWfyJTRG0aqlo","Sleepy Hallow","2055","Winners Circle/RCA Records",8,9,10,"5421722"
9,"spotify:track:02MWAaffLxlfxAUY7c5dvx","Glass Animals","Heat Waves","Polydor Records",9,11,39,"5257889"
10,"spotify:track:67BtfxlNbhBmCDR2L2l8qd","Lil Nas X","MONTERO (Call Me By Your Name)","Columbia",1,10,22,"5235498"
11,"spotify:track:4zbr7Cp3UB00FurUovPU03","Trippie Redd, Juice WRLD","Matt Hardy 999","Homemade Projects / 10K Projects",11,-1,1,"4886094"
12,"spotify:track:3Wrjm47oTz2sjIgck11l5e","Måneskin","Beggin'","RCA Records Label",5,14,10,"4789716"
13,"spotify:track:5nujrmhLynf4yMoMtj8AQF","Dua Lipa, DaBaby","Levitating (feat. DaBaby)","Warner Records",4,13,47,"4705111"
14,"spotify:track:5CZ40GBx1sQ9agT82CLQCT","Olivia Rodrigo","traitor","Olivia Rodrigo PS",3,16,14,"4642185"
15,"spotify:track:6Uj1ctrBOjOas8xZXGqKk4","Doja Cat","Woman","Kemosabe Records/RCA Records",15,19,9,"4513227"
16,"spotify:track:6HU7h9RYOaPRFeh0R3UeAr","Olivia Rodrigo","deja vu","Olivia Rodrigo PS",2,18,21,"4343425"
17,"spotify:track:5lAnYvAIkSDNXqfo7DyFUm","Doja Cat","Ain't Shit","Kemosabe Records/RCA Records",4,15,9,"4321527"
18,"spotify:track:0W6I02J9xcqK8MtSeosEXb","Doja Cat","Get Into It (Yuh)","Kemosabe Records/RCA Records",18,25,9,"4246236"
19,"spotify:track:6KgtcmCF9Ky68XC7ezxl3s","Lizzo, Cardi B","Rumors (feat. Cardi B)","Nice Life/Atlantic",6,6,2,"4236633"
20,"spotify:track:5fwSHlTEWpluwOM0Sxnh5k","Farruko","Pepas","Sony Music Latin",20,20,5,"4073414"
21,"spotify:track:5KQxun2WxwDMsV7HCN2ONK","Trippie Redd, Polo G, Lil Durk","Rich MF (feat. Lil Durk)","Homemade Projects / 10K Projects",21,-1,1,"4071951"
22,"spotify:track:6iBlllot0wdy8f7V5t8OnR","Trippie Redd, Playboi Carti","Miss The Rage","Homemade Projects / 10K Projects",4,44,16,"4050536"
23,"spotify:track:18vXApRmJSgQ6wG2ll9AOg","Polo G","RAPSTAR","Columbia",1,17,20,"4026225"
24,"spotify:track:6M3PsepEj5gyJoIi7Xvr7u","The Weeknd","Take My Breath - Single Version","XO / Republic Records",5,12,3,"3907943"
25,"spotify:track:65OVbaJR5O1RmwOQx0875b","Drake, Lil Baby","Wants and Needs (feat. Lil Baby)","OVO",2,26,25,"3524501"
26,"spotify:track:3ZozFqJJlDBNIm4xqxn2ZD","Walker Hayes","Fancy Like","Monument Records",22,22,9,"3519270"
27,"spotify:track:4iJyoBOLtHqaGxP12qzhQI","Justin Bieber, Daniel Caesar, Giveon","Peaches (feat. Daniel Caesar & Giveon)","RBMG/Def Jam",1,21,23,"3470170"
28,"spotify:track:5zNW5ARjYhJQJz1AChP33n","Megan Thee Stallion","Thot Shit","300 Entertainment",11,23,11,"3417073"
29,"spotify:track:55sgQENF3LY1sUcJUwasLl","Skrillex, Justin Bieber, Don Toliver","Don’t Go (with Justin Bieber & Don Toliver)","OWSLA/Atlantic",29,-1,1,"3333532"
30,"spotify:track:40uMIn2zJLAQhNXghRjBed","Post Malone","Motley Crew","Republic Records",3,24,7,"3311775"
31,"spotify:track:26LC5kDFE0vWJzVyaENajX","Trippie Redd, Lil Uzi Vert","Holy Smokes (feat. Lil Uzi Vert)","Homemade Projects / 10K Projects",25,125,6,"3300187"
32,"spotify:track:7EkWXAI1wn8Ii883ecd9xr","Surf Curse","Freaks","Surf Curse",31,31,18,"3157726"
33,"spotify:track:5wANPM4fQCJwkGd4rN57mH","Olivia Rodrigo","drivers license","Olivia Rodrigo PS",1,28,33,"3121423"
34,"spotify:track:37y7iDayfwm3WXn5BiAoRk","Steve Lacy","Dark Red","Three Quarter",34,38,3,"3121119"
35,"spotify:track:0z8hI3OPS8ADPWtoCjjLl6","Shawn Mendes, Tainy","Summer of Love (Shawn Mendes & Tainy)","Shawn Mendes LP4-5 PS/ Island",35,-1,1,"3115914"
36,"spotify:track:37BZB0z9T8Xu7U3e65qxFy","The Weeknd, Ariana Grande","Save Your Tears (with Ariana Grande) (Remix)","Republic Records",5,30,18,"3090627"
37,"spotify:track:7MAibcTli4IisCtbHKrGMh","Bruno Mars, Anderson .Paak, Silk Sonic","Leave The Door Open","Aftermath Entertainment/Atlantic",4,29,25,"3009101"
38,"spotify:track:2vmfvSoZBFAt9hhRoEByLi","Aventura, Bad Bunny","Volví","Rimas Entertainment LLC",17,27,4,"2999655"
39,"spotify:track:1sx0XsWUusUoPstbvokZjP","Tai Verdes","AOK","Arista Records",39,56,11,"2897843"
40,"spotify:track:5RwV8BvLfX5injfqYodke9","Rauw Alejandro","Todo De Ti","Sony Music Latin/Duars Entertainment",18,33,13,"2884149"
41,"spotify:track:5JCoSi02qi3jJeHdZXMmR8","Olivia Rodrigo","favorite crime","Olivia Rodrigo PS",5,32,14,"2880816"
42,"spotify:track:2JPLbjOn0wPCngEot2STUS","Bad Bunny","Yonaguni","Rimas Entertainment LLC",5,34,12,"2852619"
43,"spotify:track:0MMyJUC3WNnFS1lit5pTjk","Olivia Rodrigo","jealousy, jealousy","Olivia Rodrigo PS",10,35,14,"2796005"
44,"spotify:track:5svL1PkWw8hPEAOdTNLexy","Sueco","Paralyzed","Atlantic Records",41,41,2,"2771648"
45,"spotify:track:0k4d5YPDr1r7FX77VdqWez","Doja Cat, The Weeknd","You Right","Kemosabe Records/RCA Records",4,36,9,"2765814"
46,"spotify:track:0VjIjW4GlUZAMYd2vXMi3b","The Weeknd","Blinding Lights","Republic Records",1,43,91,"2762443"
47,"spotify:track:6FE9EXi8TYg09hR4xv5PWJ","Lorde","Mood Ring","Universal Music New Zealand Limited",47,-1,1,"2736798"
48,"spotify:track:7CIERzyqIwLVKGp00YbHRO","PinkPantheress","Pain","Parlophone UK",48,51,8,"2725344"
49,"spotify:track:6SRsiMl7w1USE4mFqrOhHC","Olivia Rodrigo","brutal","Olivia Rodrigo PS",4,47,14,"2693881"
50,"spotify:track:2QjOHCTQ1Jl3zawyYOpxh6","The Neighbourhood","Sweater Weather","Columbia",19,52,53,"2684922"
51,"spotify:track:4mOkfIYbMX9PXx27hj8NTi","Trippie Redd, Drake","Betrayal (feat. Drake)","1400 Entertainment, Inc. / 10K Projects",51,-1,1,"2626073"
52,"spotify:track:2wbcBAG51wD8fQw8ykL2Ab","Trippie Redd, SoFaygo","MP5","Homemade Projects / 10K Projects",52,-1,1,"2625798"
53,"spotify:track:4LYNt6hWctTuZWYiwafuD6","Trippie Redd, XXXTENTACION","Danny Phantom (feat. XXXTENTACION)","Homemade Projects / 10K Projects",53,-1,1,"2607580"
54,"spotify:track:3FAJ6O0NOHQV8Mc5Ri6ENp","Giveon","Heartbreak Anniversary","Epic/Not So Fast",9,50,29,"2598186"
55,"spotify:track:2tGvwE8GcFKwNdAXMnlbfl","Olivia Rodrigo","happier","Olivia Rodrigo PS",5,46,14,"2592073"
56,"spotify:track:3yaYgjEFkRw3PVjW9mV1TO","Smiley, Drake","Over The Top (feat. Drake)","OVO Sound",17,40,5,"2566370"
57,"spotify:track:1MIGkQxcdAt2lDx6ySpsc5","Jack Harlow, Pooh Shiesty","SUVs (Black on Black)","Generation Now/Atlantic",22,48,3,"2551084"
58,"spotify:track:7nc7mlSdWYeFom84zZ8Wr8","Cochise, $NOT","Tell Em","Columbia",26,53,13,"2550285"
59,"spotify:track:0BGwAKW4u8kWOhWFflZxfl","Masked Wolf","Astronaut In The Ocean","Elektra (NEK)",4,49,29,"2548943"
60,"spotify:track:1JXBNvlDEl2epKSJ9EOgKX","The Kid LAROI, Polo G, Stunna Gambino","NOT SOBER (feat. Polo G & Stunna Gambino)","Columbia",16,37,5,"2536690"
61,"spotify:track:1EJIcDYXwSqipW5dFe4uJz","DJ Khaled, Lil Baby, Lil Durk","EVERY CHANCE I GET (feat. Lil Baby & Lil Durk)","Epic/We The Best",24,45,17,"2532888"
62,"spotify:track:44V6EzbUSYgyfsNiP0FrlA","Ed Sheeran","Visiting Hours","Atlantic Records UK",62,-1,1,"2512789"
63,"spotify:track:0gcbrwbpdxGHE9nW0TCoKP","Trippie Redd, Ski Mask The Slump God","Demon Time","Homemade Projects / 10K Projects",63,-1,1,"2503491"
64,"spotify:track:26BMsCXJpD7eYtP7ufhApC","Blueface, OG Bobby Billions","Outside (Better Days)","5th Amendment / Entertainment One / Billionaire Music Group / EMPIRE",64,144,7,"2491702"
65,"spotify:track:5KvKGFFNm1Y7jHTjaJF74h","Trippie Redd","Super Cell","Homemade Projects / 10K Projects",65,-1,1,"2485063"
66,"spotify:track:1is8gU4RVcN4J8xItxWoOY","Clinton Kane","I GUESS I'M IN LOVE","Columbia",66,-1,1,"2452218"
67,"spotify:track:3CboywxfJIgvHqi2FF4exb","A-Wall","Loverboy","Revolution Records",61,61,2,"2389902"
68,"spotify:track:3JXebpWufTcs8iegiRCBW7","Young Thug","Tick Tock","300 Entertainment/Atl",68,-1,1,"2353323"
69,"spotify:track:7kDUspsoYfLkWnZR7qwHZl","Machine Gun Kelly, blackbear","my ex's best friend (with blackbear)","Bad Boy/Interscope Records",11,55,55,"2347877"
70,"spotify:track:62vpWI1CHwFy7tMIcSStl8","J. Cole","No Role Modelz","Roc Nation Records LLC",45,65,185,"2342567"
71,"spotify:track:21AJQhGZpujjZQXByZAXpr","Lil Tecca, Gunna","REPEAT IT (with Gunna)","Galactic Records/Republic Records",28,39,3,"2329631"
72,"spotify:track:4J4SkI6qmb5ngZVw9mf9op","Trippie Redd","Molly Hearts","Homemade Projects / 10K Projects",72,-1,1,"2314320"
73,"spotify:track:4qu63nuBpdn0qHUHuObEj1","Marshmello, Jonas Brothers","Leave Before You Love Me (with Jonas Brothers)","Republic Records",45,62,14,"2308427"
74,"spotify:track:0NmuYnjETG3u3qx0OmEJev","Nelly, Florida Georgia Line","Lil Bit","Records/Columbia",44,66,18,"2291204"
75,"spotify:track:5JKnYZOhSP7rOK0jPYcCjV","WILLOW, Travis Barker","t r a n s p a r e n t s o u l feat. Travis Barker","MSFTSMusic / Roc Nation Records, LLC",20,63,15,"2277676"
76,"spotify:track:4pt5fDVTg5GhEvEtlz9dKk","Måneskin","I WANNA BE YOUR SLAVE","RCA Records Label",45,58,10,"2247682"
77,"spotify:track:21jGcNKet2qwijlDFuPiPb","Post Malone","Circles","Republic Records",1,68,104,"2236844"
78,"spotify:track:0RiRZpuVRbi7oqRdSMwhQY","Post Malone, Swae Lee","Sunflower - Spider-Man: Into the Spider-Verse","Republic Records",1,71,149,"2227941"
79,"spotify:track:2Y0wPrPQBrGhoLn14xRYCG","Juice WRLD, Marshmello","Come & Go (with Marshmello)","Grade A Productions/Interscope Records",1,57,59,"2225671"
80,"spotify:track:6tDDoYIxWvMLTdKpjFkc1B","Kali Uchis","telepatía","EMI / Interscope",4,67,28,"2220449"
81,"spotify:track:3YJJjQPAbDT7mGpX3WtQ9A","SZA","Good Days","Top Dawg Entertainment/RCA Records",1,70,35,"2218537"
82,"spotify:track:4jPy3l0RUwlUI9T5XHBW2m","24kGoldn, iann dior","Mood (feat. iann dior)","Records/Columbia",2,69,55,"2201810"
83,"spotify:track:1VLtjHwRWOVJiE5Py7JxoQ","Polo G","Martin & Gina","Columbia",23,73,56,"2170322"
84,"spotify:track:0cu0rhnlCnJ7JIeHRiLpj3","DaBaby","Ball If I Want To","South Coast Music Group/Interscope Records",28,59,10,"2161578"
85,"spotify:track:2bgTY4UwhfBYhGT4HUYStN","BTS","Butter","BIGHIT MUSIC",13,60,14,"2159531"
86,"spotify:track:4MzXwWMhyBbmu6hOcLVD49","Bad Bunny, Jhayco","DÁKITI","Rimas Entertainment LLC",1,74,43,"2152936"
87,"spotify:track:4mnjwMLCk3JZkhkok3u5g1","Dream, Alec Benjamin","Change My Clothes","Dream Music / Alec Benjamin appears courtesy of Elektra Records",87,-1,1,"2150342"
88,"spotify:track:5VmpLtRycwbA54XsTffKq4","Lorde","Solar Power","Universal Music New Zealand Limited",15,-1,5,"2149286"
89,"spotify:track:5xyLeb2q1lxDf7hXKYlC1H","YNW Melly, Lil Uzi Vert","Mind of Melvin (feat. Lil Uzi Vert)","P2021",54,54,2,"2146790"
90,"spotify:track:6OTKVgVpVaVjhRLYizPJKA","PinkPantheress","Just for Me","Parlophone UK",64,64,2,"2127403"
91,"spotify:track:6UelLqGlWMcVH1E5c4H7lY","Harry Styles","Watermelon Sugar","Columbia",4,75,93,"2113906"
92,"spotify:track:2vWBUC9djv6BtiGlmKiQaH","Yot Club","YKWIM?","yot club under exclusive license to Amuseio AB",90,90,8,"2027127"
93,"spotify:track:5zFglKYiknIxks8geR8rcL","Maroon 5, Megan Thee Stallion","Beautiful Mistakes (feat. Megan Thee Stallion)","Interscope Records*",29,72,24,"2019040"
94,"spotify:track:5B0kgjHULYJhAQkK5XsMoC","Tyler, The Creator, YoungBoy Never Broke Again, Ty Dolla $ign","WUSYANAME (feat. Youngboy Never Broke Again & Ty Dolla $ign)","Columbia",3,77,9,"2007074"
95,"spotify:track:60ynsPSSKe6O3sfwRnIBRf","Doja Cat","Streets","Kemosabe Records/RCA Records",3,78,33,"1997244"
96,"spotify:track:003vvx7Niy0yvhvHt4a68B","The Killers","Mr. Brightside","Island Records",82,82,56,"1986756"
97,"spotify:track:51pshtuYkgUQnt5huMPbKL","Mac Miller, Empire of the Sun","The Spins","Rostrum Records",91,91,26,"1966640"
98,"spotify:track:4VXIryQMWpIdGgYR4TrjT1","Juice WRLD","All Girls Are The Same","Juice WRLD Mixtape / ISR P&D",13,86,174,"1965919"
99,"spotify:track:1D3z6HTiQsNmZxjl7F7eoG","J. Cole, 21 Savage, Morray","m y . l i f e (with 21 Savage & Morray)","Dreamville, Inc., Under exclusive license to Roc Nation Records",2,84,15,"1954859"
100,"spotify:track:27OeeYzk6klgBh83TSvGMA","The Kid LAROI","WITHOUT YOU","Columbia",8,81,41,"1950467"
101,"spotify:track:20BOju91NaEFK5Py4VJ2pp","Saweetie, Doja Cat","Best Friend (feat. Doja Cat)","ICY/Warner Records",12,80,33,"1936033"
102,"spotify:track:1MJJcJnun68wUdIafVWBzZ","Trippie Redd","Finish Line","Homemade Projects / 10K Projects",102,-1,1,"1924724"
103,"spotify:track:0ofHAoxe9vBkTCp2UQIavz","Fleetwood Mac","Dreams - 2004 Remaster","Rhino/Warner Records",6,85,51,"1922096"
104,"spotify:track:51dhTHnxNi215JiLXdyurb","Lorde","Stoned at the Nail Salon","Universal Music New Zealand Limited",98,-1,2,"1921649"
105,"spotify:track:7hxHWCCAIIxFLCzvDgnQHX","Internet Money, Gunna, Don Toliver, NAV","Lemonade (feat. NAV)","Internet Money Records / TenThousand Projects",1,98,54,"1904520"
106,"spotify:track:285pBltuF7vW8TeWk8hdRR","Juice WRLD","Lucid Dreams","Juice WRLD Mixtape / ISR P&D",1,94,173,"1898025"
107,"spotify:track:2U5WueTLIK5WJLD7mvDODv","Juice WRLD","Wishing Well","Grade A Productions/Interscope Records",1,93,59,"1881156"
108,"spotify:track:0uxSUdBrJy9Un0EYoBowng","Lil Uzi Vert","20 Min","Generation Now/Atlantic",93,103,81,"1874664"
109,"spotify:track:1YDebgap5OFwXEBG18NJvy","DaBaby","Red Light Green Light","South Coast Music Group/Interscope Records",32,83,9,"1862256"
110,"spotify:track:4FdPnT2cFrpWCmWZd7GXc3","Kane Brown","One Mississippi","RCA Records Label Nashville",110,-1,1,"1858223"
111,"spotify:track:6IBcOGPsniK3Pso1wHIhew","Luke Combs","Forever After All","River House Artists/Columbia Nashville",2,100,44,"1846040"
112,"spotify:track:1058fW9H3fZA6QjYCdOBad","Camila Cabello","Don't Go Yet","Epic",43,89,5,"1838386"
113,"spotify:track:0zO8ctW0UiuOefR87OeJOZ","ScHoolboy Q, Kendrick Lamar","Collard Greens","Schoolboy Q",113,131,2,"1830605"
114,"spotify:track:0ZLuW8uOXdFNWcI40C0OC2","Jack Harlow, Tory Lanez, DaBaby, Lil Wayne","Whats Poppin (feat. DaBaby, Tory Lanez & Lil Wayne) [Remix] - Bonus Track","Generation Now/Atlantic",2,102,62,"1826975"
115,"spotify:track:0jdbVCxHze7xkrdyac3Ksn","Lorde","The Path","Universal Music New Zealand Limited",115,-1,1,"1821171"
116,"spotify:track:3J8EOeKLTLXORtWPpOU5bE","Lil Tjay, 6LACK","Calling My Phone","Columbia",1,99,28,"1818580"
117,"spotify:track:3NqBxTOMCJ3zW9CIP51td4","Eslabon Armado, DannyLux","Jugaste y Sufrí","DEL Records",117,-1,1,"1804748"
118,"spotify:track:1fxYz1s15pyZLsJT0Hdh1m","Roddy Ricch","late at night","Atlantic Records",24,97,12,"1801796"
119,"spotify:track:1M4OcYkxAtu3ErzSgDEfoi","Cardi B","Up","Atlantic Records",3,92,29,"1800261"
120,"spotify:track:2SAqBLGA283SUiwJ3xOUVI","Drake, Lil Durk","Laugh Now Cry Later (feat. Lil Durk)","OVO",2,107,54,"1786187"
121,"spotify:track:2GiJYvgVaD2HtM8GqD9EgQ","BØRNS","Electric Love","UMGRI Interscope",44,112,61,"1782822"
122,"spotify:track:0PvFJmanyNQMseIFrU708S","Pop Smoke, Lil Baby, DaBaby","For The Night (feat. Lil Baby & DaBaby)","Victor Victor Worldwide",2,105,60,"1777166"
123,"spotify:track:2IePEfMAtqWS6rLXXFZIgI","Internet Money, Gunna, Don Toliver, Lil Uzi Vert","His & Hers (feat. Don Toliver & Lil Uzi Vert)","Internet Money / 10K Projects",50,95,15,"1775367"
124,"spotify:track:05bfbizlM5AX6Mf1RRyMho","Nio Garcia, J Balvin, Bad Bunny","AM Remix","Flow La Movie",55,101,9,"1769501"
125,"spotify:track:4lUmnwRybYH7mMzf16xB0y","Lil Baby, Lil Durk, Travis Scott","Hats Off (feat. Travis Scott)","Quality Control Music/Alamo Records/Motown Records",27,88,12,"1761837"
126,"spotify:track:69AIpwGNLxr4qS1X5ynx60","Jordan Davis, Luke Bryan","Buy Dirt","MCA Nashville",126,151,2,"1761426"
127,"spotify:track:5W8jRrZ6tWrTrqnKRtIQBf","J. Cole, Lil Baby","p r i d e . i s . t h e . d e v i l (with Lil Baby)","Dreamville, Inc., Under exclusive license to Roc Nation Records",4,104,15,"1760926"
128,"spotify:track:6gBFPUFcJLzWGx4lenP6h2","Travis Scott","goosebumps","Cactus Jack / Epic",8,108,243,"1757993"
129,"spotify:track:5E30LdtzQTGqRvNd7l6kG5","The Neighbourhood","Daddy Issues","Columbia",59,116,50,"1753151"
130,"spotify:track:2sXf2JdbB2GlNju00kw9WE","Bruno Mars, Anderson .Paak, Silk Sonic","Skate","Aftermath Entertainment/Atlantic",17,76,4,"1751231"
131,"spotify:track:0Vn54m592UkfxfuvAuSr3H","Trippie Redd","Supernatural","Homemade Projects / 10K Projects",131,-1,1,"1749462"
132,"spotify:track:1dIWPXMX4kRHj6Dt2DStUQ","Blxst, Tyga, Ty Dolla $ign","Chosen (feat. Ty Dolla $ign)","Red Bull Records Inc. / Evgle LLC",132,168,2,"1735880"
133,"spotify:track:0Fs9cdPDhptWEDJmiCbkEW","J. Cole, Cults, Amber Coffman","She Knows (feat. Amber Coffman & Cults)","Roc Nation LLC",127,127,4,"1716321"
134,"spotify:track:6foY66mWZN0pSRjZ408c00","Morgan Wallen","Whiskey Glasses","Big Loud Records",59,111,122,"1713900"
135,"spotify:track:0ZJLssJk51m0r4j9OvXcju","Lorde","California","Universal Music New Zealand Limited",135,-1,1,"1705251"
136,"spotify:track:0lkQOB949M2gLyut86aJ1b","Cage The Elephant","Cigarette Daydreams","RCA Records Label",114,114,27,"1704890"
137,"spotify:track:7ytR5pFWmSjzHJIeQkgog4","DaBaby, Roddy Ricch","ROCKSTAR (feat. Roddy Ricch)","South Coast Music Group/Interscope Records",1,117,71,"1700571"
138,"spotify:track:5QO79kh1waicV47BqGRL3g","The Weeknd","Save Your Tears","Republic Records",2,113,39,"1694265"
139,"spotify:track:6Hj9jySrnFppAI0sEMCZpJ","Juice WRLD","Robbery","Grade A Productions/Interscope Records",3,120,132,"1691298"
140,"spotify:track:67G6iaOw8DZqp1z8STR89R","BIA, Nicki Minaj","WHOLE LOTTA MONEY (feat. Nicki Minaj) - Remix","Epic",35,110,7,"1686311"
141,"spotify:track:1f3yAtsJtY87CTmM8RLnxf","Nirvana","Smells Like Teen Spirit","Geffen",135,136,7,"1682602"
142,"spotify:track:4Oun2ylbjFKMPTiaSbbCih","Cardi B, Megan Thee Stallion","WAP (feat. Megan Thee Stallion)","Atlantic/KSR",1,109,55,"1679590"
143,"spotify:track:7H0ya83CMmgFcOhw0UB6ow","Beach House","Space Song","Sub Pop Records",130,130,7,"1675785"
144,"spotify:track:2TOzTqQXNmR2zDJXihjZ2e","Olivia Rodrigo","enough for you","Olivia Rodrigo PS",6,115,14,"1654755"
145,"spotify:track:2iUmqdfGZcHIhS3b9E9EWq","Neon Trees","Everybody Talks","Mercury Records",124,124,26,"1652860"
146,"spotify:track:7m9OqQk4RVRkw9JJdeAw96","XXXTENTACION","Jocelyn Flores","Bad Vibes Forever / EMPIRE",3,147,209,"1639485"
147,"spotify:track:0y60itmpH0aPKsFiGxmtnh","WILLOW","Wait a Minute!","Roc Nation W Smith P&D",147,185,19,"1637899"
148,"spotify:track:7qEHsqek33rTcFNT9PFqLf","Lewis Capaldi","Someone You Loved","Vertigo Berlin",6,134,122,"1636512"
149,"spotify:track:4xqrdfXkTW4T0RauPLv3WA","Conan Gray","Heather","Republic Records",9,141,60,"1629252"
150,"spotify:track:21UkXrc9kD48rNpTMI2ecz","Lil Tecca","NEVER LEFT","Galactic / Republic Records",20,128,16,"1621973"
151,"spotify:track:0rKtyWc8bvkriBthvHKY8d","Joji","SLOW DANCING IN THE DARK","88rising Music/Warner Records",29,139,153,"1621705"
152,"spotify:track:1tkg4EHVoqnhR6iFEXb60y","Pop Smoke","What You Know Bout Love","Victor Victor Worldwide",6,129,52,"1620988"
153,"spotify:track:4ka1FkKAMde6dQAFFMXKac","Nessa Barrett","i hope ur miserable until ur dead","Warner Records",58,96,3,"1620301"
154,"spotify:track:0GO8y8jQk1PkHzS31d699N","GROUPLOVE","Tongue Tied","Canvasback/ATL",107,133,67,"1613030"
155,"spotify:track:6y6xhAgZjvxy5kR5rigpY3","Alesso, Marshmello, James Bay","Chasing Stars (feat. James Bay)","10:22 pm/Astralwerks",155,-1,1,"1607985"
156,"spotify:track:2wAJTrFhCnQyNSD3oUgTZO","J. Cole","Work Out","Roc Nation LLC",128,137,8,"1603226"
157,"spotify:track:3Ho13bRS28xEvGvgW4LOFM","Sheff G, Polo G","On Go (feat. Polo G)","Winners Circle/RCA Records",122,122,3,"1599903"
158,"spotify:track:7GX5flRQZVHRAGd6B4TmDO","Lil Uzi Vert","XO Tour Llif3","Generation Now/Atlantic",2,152,228,"1597719"
159,"spotify:track:7xgTVcQqY25wPns8HYxPXc","Lorde","Secrets from a Girl (Who's Seen it All)","Universal Music New Zealand Limited",159,-1,1,"1594135"
160,"spotify:track:35mvY5S1H3J2QZyna3TFe0","Ariana Grande","positions","Republic Records",1,123,44,"1592352"
161,"spotify:track:7FGdjbZ32vMybPuP0IuE7d","Pooh Shiesty, Lil Durk","Back in Blood (feat. Lil Durk)","Atlantic Records",9,138,33,"1592238"
162,"spotify:track:2wOnrN7fkzV4NsLqym2C6O","Rod Wave, Lil Durk","Already Won (feat. Lil Durk)","Alamo",162,-1,1,"1589117"
163,"spotify:track:22LAwLoDA5b4AaGSkg6bKW","Lil Mosey","Blueberry Faygo","Mogul Vision/Interscope Records",2,146,81,"1586400"
164,"spotify:track:3aQem4jVGdhtg116TmJnHz","Drake","What’s Next","OVO",1,142,25,"1574444"
165,"spotify:track:5eXBXreN3d1zdj6Sa8dS0u","BTS","Permission to Dance","BIGHIT MUSIC",16,106,7,"1573980"
166,"spotify:track:0WWnuzqf8eUwNMpLIIOBuC","Trippie Redd","Vibes","Homemade Projects / 10K Projects",166,-1,1,"1573157"
167,"spotify:track:2HbKqm4o0w5wEeEFXm2sD4","Kendrick Lamar, Jay Rock","Money Trees","Aftermath",88,170,36,"1569945"
168,"spotify:track:0nqhKXDjsyBMvbeWmgijD0","Moneybagg Yo","Wockesha","CMG/N-Less/Interscope Records",56,126,15,"1563366"
169,"spotify:track:3PfIrDoz19wz7qK7tYeu62","Dua Lipa","Don't Start Now","Warner Records",5,143,91,"1557208"
170,"spotify:track:4bHsxqR3GMrXTxEPLuK5ue","Journey","Don't Stop Believin' (2022 Remaster)","Columbia/Legacy",132,145,36,"1545189"
171,"spotify:track:4rPkN1FMzQyFNP9cLUGIIB","Dua Lipa","Love Again","Warner Records",142,149,6,"1543089"
172,"spotify:track:58ge6dfP91o9oXMzq3XkIS","Arctic Monkeys","505","Domino/Warner Records",129,162,32,"1533954"
173,"spotify:track:3fqwjXwUGN6vbzIwvyFMhx","Chris Stapleton","Tennessee Whiskey","Mercury Nashville",135,148,37,"1533922"
174,"spotify:track:1F4QwL9Rj3retjba8AmkfA","Lorde","Fallen Fruit","Universal Music New Zealand Limited",174,-1,1,"1524776"
175,"spotify:track:3cBsEDNhFI9E82vPj3kvi3","Morgan Wallen","Wasted On You","Big Loud / Republic",3,153,33,"1524042"
176,"spotify:track:45bE4HXI0AwGZXfZtMp8JR","Tate McRae","you broke me first","RCA Records Label",16,157,58,"1522949"
177,"spotify:track:4TIqzdAssasqx3DAe6cG9J","Joyner Lucas, Lil Baby","Ramen & OJ","Twenty Nine Music Group",35,121,17,"1520023"
178,"spotify:track:2mt1IqcFyY1zmYZT8Q3xw9","blackbear","hot girl bummer","Alamo",4,154,105,"1511240"
179,"spotify:track:0mJBiaODgK0XjOLCN5fItq","Sam Smith","Like I Can","Capitol",179,-1,1,"1504235"
180,"spotify:track:4EWCNWgDS8707fNSZ1oaA5","Kanye West","Heartless","Roc-A-Fella",171,171,4,"1503005"
181,"spotify:track:6zSpb8dQRaw0M1dK8PBwQz","Elton John, Dua Lipa, PNAU","Cold Heart - PNAU Remix","EMI",118,118,2,"1502682"
182,"spotify:track:7sO5G9EABYOXQKNPNiE9NR","Offset, Metro Boomin","Ric Flair Drip (with Metro Boomin)","Slaughter Gang, LLC/Epic/Quality Control Music/Motown/Capitol/Boominati Worldwide/Republic",4,174,129,"1500572"
183,"spotify:track:0nbXyq5TXYPCO7pr3N8S4I","Roddy Ricch","The Box","Atlantic Records",1,160,90,"1493166"
184,"spotify:track:2gMXnyrvIjhVBUZwvLZDMP","Lewis Capaldi","Before You Go","Vertigo Berlin",42,167,90,"1487622"
185,"spotify:track:1K5KBOgreBi5fkEHvg5ap3","Future, Drake","Life Is Good (feat. Drake)","Epic/Freebandz",2,169,85,"1484876"
186,"spotify:track:161DnLWsx1i3u1JT05lzqU","Bruno Mars","Talking to the Moon","Atlantic Records",64,165,23,"1483215"
187,"spotify:track:5f3MXmTmstozFg0BH1yPUk","Jason Aldean, Carrie Underwood","If I Didn’t Love You","Broken Bow Records",47,166,5,"1477634"
188,"spotify:track:30QR0ndUdiiMQMA9g1PGCm","$uicideboy$","...And to Those I Love, Thanks for Sticking Around","G59 Records",82,176,23,"1474977"
189,"spotify:track:2eAZfqOm4EnOF9VvN50Tyc","Lil Uzi Vert, Oh Wonder","The Way Life Goes (feat. Oh Wonder)","Generation Now/Atlantic",8,199,77,"1471992"
190,"spotify:track:2JvzF1RMd7lE3KmFlsyZD8","J. Cole","MIDDLE CHILD","Dreamville, Inc., Under exclusive license to Roc Nation Records",1,188,130,"1469004"
191,"spotify:track:3nkW3TPQjBip1lER4h78NX","Machine Gun Kelly","papercuts","Bad Boy/Interscope Records",42,42,2,"1460768"
192,"spotify:track:0Kdj7nwaYQmvhxnqZaIQuW","Bo Burnham","Bezos I","Bo Burnham",53,135,10,"1454581"
193,"spotify:track:6K4t31amVTZDgR3sKmwUJJ","Tame Impala","The Less I Know The Better","Universal Music Australia Pty. Ltd.",117,177,99,"1453745"
194,"spotify:track:78QR3Wp35dqAhFEc2qAGjE","Lil Baby, Gunna","Drip Too Hard (Lil Baby & Gunna)","Quality Control Music/Young Stoner Life Records, a 300 Entertainment Label/Motown Records/Capitol Records",1,195,150,"1453275"
195,"spotify:track:2rxQMGVafnNaRaXlRMWPde","Luke Combs","Beautiful Crazy","River House Artists/Columbia Nashville",61,178,161,"1451969"
196,"spotify:track:38GBNKZUhfBkk3oNlWzRYd","Billie Eilish","NDA","Darkroom/Interscope Records",13,87,7,"1450097"
197,"spotify:track:7fBv7CLKzipRk6EC6TWHOB","The Weeknd","The Hills","Universal Republic Records",27,181,41,"1446058"
198,"spotify:track:7FIWs0pqAYbP91WWM0vlTQ","Eminem, Juice WRLD","Godzilla (feat. Juice WRLD)","Shady/Aftermath/Interscope Records",2,198,81,"1445715"
199,"spotify:track:07MDkzWARZaLEdKxo6yArG","THE ANXIETY, WILLOW, Tyler Cole","Meet Me At Our Spot","MSFTSMusic / Roc Nation Records, LLC",199,-1,1,"1442195"
200,"spotify:track:79s5XnCN4TJKTVMSmOx8Ep","Pop Smoke","Dior","Victor Victor Worldwide/Republic Records",18,186,76,"1441461"
