﻿rank,uri,artist_names,track_name,source,peak_rank,previous_rank,weeks_on_chart,streams
1,"spotify:track:5HCyWlXZPP0y6Gqq8TgA20","The Kid LAROI, Justin Bieber","STAY (with Justin Bieber)","Columbia",1,1,2,"13344016"
2,"spotify:track:4ZtFanR9U6ndgddUvNcjcG","Olivia Rodrigo","good 4 u","Olivia Rodrigo PS",1,2,10,"11604431"
3,"spotify:track:3DarAbFujv6eYNliUTyqtz","Doja Cat, SZA","Kiss Me More (feat. SZA)","Kemosabe Records/RCA Records",1,4,15,"8356266"
4,"spotify:track:5lAnYvAIkSDNXqfo7DyFUm","Doja Cat","Ain't Shit","Kemosabe Records/RCA Records",4,7,4,"7057145"
5,"spotify:track:3Wrjm47oTz2sjIgck11l5e","Måneskin","Beggin'","RCA Records Label",5,5,5,"6991407"
6,"spotify:track:5nujrmhLynf4yMoMtj8AQF","Dua Lipa, DaBaby","Levitating (feat. DaBaby)","Warner Records",4,8,42,"6319636"
7,"spotify:track:6HU7h9RYOaPRFeh0R3UeAr","Olivia Rodrigo","deja vu","Olivia Rodrigo PS",2,6,16,"6179183"
8,"spotify:track:40uMIn2zJLAQhNXghRjBed","Post Malone","Motley Crew","Republic Records",3,3,2,"6133134"
9,"spotify:track:6PQ88X9TkUIAUIZJHW2upE","Ed Sheeran","Bad Habits","Atlantic Records UK",8,11,4,"6126332"
10,"spotify:track:5CZ40GBx1sQ9agT82CLQCT","Olivia Rodrigo","traitor","Olivia Rodrigo PS",3,9,9,"6057427"
11,"spotify:track:67BtfxlNbhBmCDR2L2l8qd","Lil Nas X","MONTERO (Call Me By Your Name)","Columbia",1,12,17,"5861475"
12,"spotify:track:18vXApRmJSgQ6wG2ll9AOg","Polo G","RAPSTAR","Columbia",1,10,15,"5855742"
13,"spotify:track:02MWAaffLxlfxAUY7c5dvx","Glass Animals","Heat Waves","Polydor Records",12,17,34,"5660874"
14,"spotify:track:3Vi5XqYrmQgOYBajMWSvCi","Doja Cat","Need to Know","Kemosabe Records/RCA Records",14,27,6,"5134243"
15,"spotify:track:5zNW5ARjYhJQJz1AChP33n","Megan Thee Stallion","Thot Shit","300 Entertainment",11,14,6,"4816375"
16,"spotify:track:65OVbaJR5O1RmwOQx0875b","Drake, Lil Baby","Wants and Needs (feat. Lil Baby)","OVO",2,15,20,"4614709"
17,"spotify:track:4iJyoBOLtHqaGxP12qzhQI","Justin Bieber, Daniel Caesar, Giveon","Peaches (feat. Daniel Caesar & Giveon)","RBMG/Def Jam",1,21,18,"4543704"
18,"spotify:track:5JCoSi02qi3jJeHdZXMmR8","Olivia Rodrigo","favorite crime","Olivia Rodrigo PS",5,18,9,"4484109"
19,"spotify:track:2JPLbjOn0wPCngEot2STUS","Bad Bunny","Yonaguni","Rimas Entertainment LLC",5,20,7,"4225621"
20,"spotify:track:0k4d5YPDr1r7FX77VdqWez","Doja Cat, The Weeknd","You Right","Kemosabe Records/RCA Records",4,19,4,"4215086"
21,"spotify:track:5wANPM4fQCJwkGd4rN57mH","Olivia Rodrigo","drivers license","Olivia Rodrigo PS",1,24,28,"4028814"
22,"spotify:track:2tGvwE8GcFKwNdAXMnlbfl","Olivia Rodrigo","happier","Olivia Rodrigo PS",5,23,9,"3971545"
23,"spotify:track:5RwV8BvLfX5injfqYodke9","Rauw Alejandro","Todo De Ti","Sony Music Latin/Duars Entertainment",18,31,8,"3934565"
24,"spotify:track:5JKnYZOhSP7rOK0jPYcCjV","WILLOW, Travis Barker","t r a n s p a r e n t s o u l feat. Travis Barker","MSFTSMusic / Roc Nation Records, LLC",20,33,10,"3925975"
25,"spotify:track:3EpF150nXMSNjiH0bbmXIL","Trippie Redd, Lil Uzi Vert","Holy Smokes (feat. Lil Uzi Vert)","Homemade Projects / 10K Projects",25,-1,1,"3825864"
26,"spotify:track:4LaGu95Ui2s4vprSQYWUAZ","Pop Smoke, 21 Savage, 42 Dugg","Bout A Million (feat. 42 Dugg & 21 Savage)","Victor Victor Worldwide",26,-1,1,"3795954"
27,"spotify:track:6SRsiMl7w1USE4mFqrOhHC","Olivia Rodrigo","brutal","Olivia Rodrigo PS",4,25,9,"3759015"
28,"spotify:track:7MAibcTli4IisCtbHKrGMh","Bruno Mars, Anderson .Paak, Silk Sonic","Leave The Door Open","Aftermath Entertainment/Atlantic",4,29,20,"3718686"
29,"spotify:track:0BGwAKW4u8kWOhWFflZxfl","Masked Wolf","Astronaut In The Ocean","Elektra (NEK)",4,28,24,"3702050"
30,"spotify:track:4XvcHTUfIlWfyJTRG0aqlo","Sleepy Hallow","2055","Winners Circle/RCA Records",30,71,5,"3686919"
31,"spotify:track:37BZB0z9T8Xu7U3e65qxFy","The Weeknd, Ariana Grande","Save Your Tears (with Ariana Grande) (Remix)","Republic Records",5,32,13,"3680183"
32,"spotify:track:0LThjFY2iTtNdd4wviwVV2","BTS","Permission to Dance","BIGHIT MUSIC",16,16,2,"3674813"
33,"spotify:track:0MMyJUC3WNnFS1lit5pTjk","Olivia Rodrigo","jealousy, jealousy","Olivia Rodrigo PS",10,30,9,"3667551"
34,"spotify:track:2bgTY4UwhfBYhGT4HUYStN","BTS","Butter","BIGHIT MUSIC",13,22,9,"3596447"
35,"spotify:track:0cu0rhnlCnJ7JIeHRiLpj3","DaBaby","Ball If I Want To","South Coast Music Group/Interscope Records",28,36,5,"3413957"
36,"spotify:track:3ZozFqJJlDBNIm4xqxn2ZD","Walker Hayes","Fancy Like","Monument Records",36,44,4,"3391008"
37,"spotify:track:5B0kgjHULYJhAQkK5XsMoC","Tyler, The Creator, YoungBoy Never Broke Again, Ty Dolla $ign","WUSYANAME (feat. Youngboy Never Broke Again & Ty Dolla $ign)","Columbia",3,26,4,"3258231"
38,"spotify:track:1YDebgap5OFwXEBG18NJvy","DaBaby","Red Light Green Light","South Coast Music Group/Interscope Records",32,34,4,"3224067"
39,"spotify:track:6uqyE384HDSsuwpoF4mjrL","Billie Eilish","NDA","Darkroom/Interscope Records",13,13,2,"3191529"
40,"spotify:track:2BITQ360Knh6qNAOqR7Dyq","Trippie Redd, Playboi Carti","Miss The Rage","Homemade Projects / 10K Projects",4,38,11,"3152229"
41,"spotify:track:3FAJ6O0NOHQV8Mc5Ri6ENp","Giveon","Heartbreak Anniversary","Epic/Not So Fast",9,37,24,"3121140"
42,"spotify:track:0VjIjW4GlUZAMYd2vXMi3b","The Weeknd","Blinding Lights","Republic Records",1,39,86,"3104775"
43,"spotify:track:7EkWXAI1wn8Ii883ecd9xr","Surf Curse","Freaks","Surf Curse",43,45,13,"3061431"
44,"spotify:track:7nc7mlSdWYeFom84zZ8Wr8","Cochise, $NOT","Tell Em","Columbia",26,40,8,"3040652"
45,"spotify:track:2UwALqx6yOsXTFt7zRxnts","Pop Smoke, Kanye West, Pusha T","Tell The Vision (feat. Kanye West & Pusha T)","Victor Victor Worldwide",45,-1,1,"3008352"
46,"spotify:track:4pt5fDVTg5GhEvEtlz9dKk","Måneskin","I WANNA BE YOUR SLAVE","RCA Records Label",46,52,5,"2905521"
47,"spotify:track:1EJIcDYXwSqipW5dFe4uJz","DJ Khaled, Lil Baby, Lil Durk","EVERY CHANCE I GET (feat. Lil Baby & Lil Durk)","Epic/We The Best",24,41,12,"2863727"
48,"spotify:track:4XkrlDVc8UQUvsyRsxvU0M","Normani, Cardi B","Wild Side (feat. Cardi B)","Keep Cool/RCA Records",48,-1,1,"2812939"
49,"spotify:track:5zFglKYiknIxks8geR8rcL","Maroon 5, Megan Thee Stallion","Beautiful Mistakes (feat. Megan Thee Stallion)","Interscope Records*",29,46,19,"2809706"
50,"spotify:track:4qu63nuBpdn0qHUHuObEj1","Marshmello, Jonas Brothers","Leave Before You Love Me (with Jonas Brothers)","Republic Records",45,51,9,"2762718"
51,"spotify:track:1M4OcYkxAtu3ErzSgDEfoi","Cardi B","Up","Atlantic Records",3,50,24,"2727741"
52,"spotify:track:1fxYz1s15pyZLsJT0Hdh1m","Roddy Ricch","late at night","Atlantic Records",24,48,7,"2696675"
53,"spotify:track:2QjOHCTQ1Jl3zawyYOpxh6","The Neighbourhood","Sweater Weather","Columbia",19,56,48,"2646689"
54,"spotify:track:6tDDoYIxWvMLTdKpjFkc1B","Kali Uchis","telepatía","EMI / Interscope",4,53,23,"2592923"
55,"spotify:track:0Kdj7nwaYQmvhxnqZaIQuW","Bo Burnham","Bezos I","Bo Burnham",55,75,5,"2584772"
56,"spotify:track:2TOzTqQXNmR2zDJXihjZ2e","Olivia Rodrigo","enough for you","Olivia Rodrigo PS",6,49,9,"2584426"
57,"spotify:track:3DMs7bahbQTnoxCjgP7qoK","Pop Smoke, Dua Lipa","Demeanor (feat. Dua Lipa)","Victor Victor Worldwide",57,-1,1,"2524835"
58,"spotify:track:3YJJjQPAbDT7mGpX3WtQ9A","SZA","Good Days","Top Dawg Entertainment/RCA Records",1,57,30,"2508076"
59,"spotify:track:239yM7BAQ2CkNc61ogPGXo","John Mayer","Shot in the Dark","Columbia",59,-1,1,"2486241"
60,"spotify:track:7kDUspsoYfLkWnZR7qwHZl","Machine Gun Kelly, blackbear","my ex's best friend (with blackbear)","Bad Boy/Interscope Records",11,54,50,"2476954"
61,"spotify:track:4MzXwWMhyBbmu6hOcLVD49","Bad Bunny, Jhayco","DÁKITI","Rimas Entertainment LLC",1,55,38,"2475684"
62,"spotify:track:4wNKxMbE3n1gRm4F6OaCP1","Pop Smoke","Coupe","Victor Victor Worldwide",62,-1,1,"2466452"
63,"spotify:track:4jPy3l0RUwlUI9T5XHBW2m","24kGoldn, iann dior","Mood (feat. iann dior)","Records/Columbia",2,59,50,"2461193"
64,"spotify:track:6UelLqGlWMcVH1E5c4H7lY","Harry Styles","Watermelon Sugar","Columbia",4,62,88,"2424984"
65,"spotify:track:1VLtjHwRWOVJiE5Py7JxoQ","Polo G","Martin & Gina","Columbia",23,60,51,"2423626"
66,"spotify:track:21jGcNKet2qwijlDFuPiPb","Post Malone","Circles","Republic Records",1,61,99,"2405041"
67,"spotify:track:27OeeYzk6klgBh83TSvGMA","The Kid LAROI","WITHOUT YOU","Columbia",8,65,36,"2400823"
68,"spotify:track:0RiRZpuVRbi7oqRdSMwhQY","Post Malone, Swae Lee","Sunflower - Spider-Man: Into the Spider-Verse","Republic Records",1,67,144,"2399742"
69,"spotify:track:20BOju91NaEFK5Py4VJ2pp","Saweetie, Doja Cat","Best Friend (feat. Doja Cat)","ICY/Warner Records",12,47,28,"2397757"
70,"spotify:track:6IBcOGPsniK3Pso1wHIhew","Luke Combs","Forever After All","River House Artists/Columbia Nashville",2,77,39,"2378377"
71,"spotify:track:60ynsPSSKe6O3sfwRnIBRf","Doja Cat","Streets","Kemosabe Records/RCA Records",3,69,28,"2373141"
72,"spotify:track:4lUmnwRybYH7mMzf16xB0y","Lil Baby, Lil Durk, Travis Scott","Hats Off (feat. Travis Scott)","Quality Control Music/Alamo Records/Motown Records",27,76,7,"2296952"
73,"spotify:track:67G6iaOw8DZqp1z8STR89R","BIA, Nicki Minaj","WHOLE LOTTA MONEY (feat. Nicki Minaj) - Remix","Epic",35,35,2,"2287254"
74,"spotify:track:0NmuYnjETG3u3qx0OmEJev","Nelly, Florida Georgia Line","Lil Bit","Records/Columbia",44,72,13,"2274578"
75,"spotify:track:1D3z6HTiQsNmZxjl7F7eoG","J. Cole, 21 Savage, Morray","m y . l i f e (with 21 Savage & Morray)","Dreamville, Inc., Under exclusive license to Roc Nation Records",2,66,10,"2256765"
76,"spotify:track:6rTInqW3YECMkQsBEHw4sd","Young Stoner Life, Young Thug, Gunna, Drake","Solid (feat. Drake)","300 Entertainment",7,74,14,"2246985"
77,"spotify:track:05bfbizlM5AX6Mf1RRyMho","Nio Garcia, J Balvin, Bad Bunny","AM Remix","Flow La Movie",55,58,4,"2235968"
78,"spotify:track:7BoobGhD4x5K96Me0hqC8Q","Bella Poarch","Build a Bitch","Warner Records",28,64,10,"2222932"
79,"spotify:track:4wcBRRpIfesgcyUtis7PEg","Olivia Rodrigo","1 step forward, 3 steps back","Olivia Rodrigo PS",8,63,9,"2208475"
80,"spotify:track:0tgBtQ0ISnMQOKorrN9HLX","John Mayer","Last Train Home","Columbia",52,-1,2,"2183417"
81,"spotify:track:62vpWI1CHwFy7tMIcSStl8","J. Cole","No Role Modelz","Roc Nation Records LLC",45,85,180,"2159449"
82,"spotify:track:2IePEfMAtqWS6rLXXFZIgI","Internet Money, Gunna, Don Toliver, Lil Uzi Vert","His & Hers (feat. Don Toliver & Lil Uzi Vert)","Internet Money / 10K Projects",50,79,10,"2153271"
83,"spotify:track:3J8EOeKLTLXORtWPpOU5bE","Lil Tjay, 6LACK","Calling My Phone","Columbia",1,78,23,"2150925"
84,"spotify:track:0kNYrbMehFxp1eleTwUjkP","Pop Smoke, Lil Tjay, Swae Lee","Genius (feat. Lil Tjay & Swae Lee)","Victor Victor Worldwide",84,-1,1,"2137655"
85,"spotify:track:2wzionesqIt3x5Sglb4n91","Pop Smoke","More Time","Victor Victor Worldwide",85,-1,1,"2136969"
86,"spotify:track:0PvFJmanyNQMseIFrU708S","Pop Smoke, Lil Baby, DaBaby","For The Night (feat. Lil Baby & DaBaby)","Victor Victor Worldwide",2,97,55,"2105498"
87,"spotify:track:25AvaE23MXl06YRtQcQoJS","Bo Burnham","Welcome to The Internet","Bo Burnham",61,73,6,"2102640"
88,"spotify:track:6hf0RpxTbOprT5nnwzkk8e","J Balvin, Maria Becerra","Qué Más Pues?","Sueños Globales, LLC",79,84,5,"2088379"
89,"spotify:track:21UkXrc9kD48rNpTMI2ecz","Lil Tecca","NEVER LEFT","Galactic / Republic Records",20,81,11,"2081998"
90,"spotify:track:4VXIryQMWpIdGgYR4TrjT1","Juice WRLD","All Girls Are The Same","Juice WRLD Mixtape / ISR P&D",13,87,169,"2073774"
91,"spotify:track:7hxHWCCAIIxFLCzvDgnQHX","Internet Money, Gunna, Don Toliver, NAV","Lemonade (feat. NAV)","Internet Money Records / TenThousand Projects",1,89,49,"2069676"
92,"spotify:track:2U5WueTLIK5WJLD7mvDODv","Juice WRLD","Wishing Well","Grade A Productions/Interscope Records",1,93,54,"2062057"
93,"spotify:track:0ofHAoxe9vBkTCp2UQIavz","Fleetwood Mac","Dreams - 2004 Remaster","Rhino/Warner Records",6,91,46,"2046638"
94,"spotify:track:5EVzgDPaM0LCM3M5exl3z8","Pop Smoke, Rick Ross, The-Dream","Manslaughter (feat. Rick Ross & The-Dream)","Victor Victor Worldwide",94,-1,1,"2034956"
95,"spotify:track:285pBltuF7vW8TeWk8hdRR","Juice WRLD","Lucid Dreams","Juice WRLD Mixtape / ISR P&D",1,92,168,"2033112"
96,"spotify:track:5W8jRrZ6tWrTrqnKRtIQBf","J. Cole, Lil Baby","p r i d e . i s . t h e . d e v i l (with Lil Baby)","Dreamville, Inc., Under exclusive license to Roc Nation Records",4,80,10,"2027395"
97,"spotify:track:4T6FWA703h6H7zk1FoSARw","John Mayer","New Light","Columbia",51,-1,11,"2014669"
98,"spotify:track:4JeOesjcWWlprTAvucDSJX","Conan Gray","People Watching","Republic Records",98,-1,1,"2013761"
99,"spotify:track:7ytR5pFWmSjzHJIeQkgog4","DaBaby, Roddy Ricch","ROCKSTAR (feat. Roddy Ricch)","South Coast Music Group/Interscope Records",1,95,66,"1987903"
100,"spotify:track:1tkg4EHVoqnhR6iFEXb60y","Pop Smoke","What You Know Bout Love","Victor Victor Worldwide",6,111,47,"1987694"
101,"spotify:track:0nqhKXDjsyBMvbeWmgijD0","Moneybagg Yo","Wockesha","CMG/N-Less/Interscope Records",56,86,10,"1986482"
102,"spotify:track:3rV5y8rcQrwRt9fWGLmjOQ","Bo Burnham","All Eyes On Me","Bo Burnham",51,68,6,"1980938"
103,"spotify:track:58T4yPLn4NjBYXfRxeweyM","Pop Smoke, Chris Brown","Woo Baby (feat. Chris Brown)","Victor Victor Worldwide",103,-1,1,"1965307"
104,"spotify:track:2SAqBLGA283SUiwJ3xOUVI","Drake, Lil Durk","Laugh Now Cry Later (feat. Lil Durk)","OVO",2,98,49,"1951217"
105,"spotify:track:003vvx7Niy0yvhvHt4a68B","The Killers","Mr. Brightside","Island Records",94,104,51,"1943279"
106,"spotify:track:2Y0wPrPQBrGhoLn14xRYCG","Juice WRLD, Marshmello","Come & Go (with Marshmello)","Grade A Productions/Interscope Records",1,100,54,"1940161"
107,"spotify:track:24YG5Z8Of1VHovrfXsbvCZ","Pop Smoke, Bizzy Banks","30 (feat. Bizzy Banks)","Victor Victor Worldwide",107,-1,1,"1915088"
108,"spotify:track:51pshtuYkgUQnt5huMPbKL","Mac Miller, Empire of the Sun","The Spins","Rostrum Records",98,101,21,"1911050"
109,"spotify:track:0ZLuW8uOXdFNWcI40C0OC2","Jack Harlow, Tory Lanez, DaBaby, Lil Wayne","Whats Poppin (feat. DaBaby, Tory Lanez & Lil Wayne) [Remix] - Bonus Track","Generation Now/Atlantic",2,103,57,"1901168"
110,"spotify:track:34chhNX59Wo9HMFCsI3K8Y","Kane Brown, blackbear","Memory","RCA Records Label Nashville",42,42,2,"1892064"
111,"spotify:track:0G2zPzWqVjR68iNPmx2TBe","Mora, Bad Bunny, Sech","Volando - Remix","Rimas Entertainment LLC",82,82,2,"1884149"
112,"spotify:track:1zejeOnykpCoyVSit6Bwp3","Olivia Rodrigo","hope ur ok","Olivia Rodrigo PS",12,90,9,"1880920"
113,"spotify:track:4Oun2ylbjFKMPTiaSbbCih","Cardi B, Megan Thee Stallion","WAP (feat. Megan Thee Stallion)","Atlantic/KSR",1,110,50,"1849508"
114,"spotify:track:0ezwvY7TkCwDEkKR49084k","Polo G, Lil Wayne","GANG GANG (with Lil Wayne)","Columbia",25,70,9,"1838296"
115,"spotify:track:5QO79kh1waicV47BqGRL3g","The Weeknd","Save Your Tears","Republic Records",2,106,34,"1833256"
116,"spotify:track:3MmvQKMKdN3UhVS3eGzJIW","Pop Smoke, Rah Swish","Brush Em (feat. Rah Swish)","Victor Victor Worldwide",116,-1,1,"1831159"
117,"spotify:track:2GiJYvgVaD2HtM8GqD9EgQ","BØRNS","Electric Love","UMGRI Interscope",44,126,56,"1826153"
118,"spotify:track:0W6I02J9xcqK8MtSeosEXb","Doja Cat","Get Into It (Yuh)","Kemosabe Records/RCA Records",45,99,4,"1823659"
119,"spotify:track:5E30LdtzQTGqRvNd7l6kG5","The Neighbourhood","Daddy Issues","Columbia",59,115,45,"1822470"
120,"spotify:track:7CIERzyqIwLVKGp00YbHRO","PinkPantheress","Pain","Parlophone UK",120,123,3,"1813186"
121,"spotify:track:1sx0XsWUusUoPstbvokZjP","Tai Verdes","AOK","Arista Records",100,121,6,"1808873"
122,"spotify:track:3aQem4jVGdhtg116TmJnHz","Drake","What’s Next","OVO",1,107,20,"1803300"
123,"spotify:track:7FGdjbZ32vMybPuP0IuE7d","Pooh Shiesty, Lil Durk","Back in Blood (feat. Lil Durk)","Atlantic Records",9,113,28,"1794008"
124,"spotify:track:6foY66mWZN0pSRjZ408c00","Morgan Wallen","Whiskey Glasses","Big Loud Records",59,128,117,"1787333"
125,"spotify:track:4VFGpluBaU1WcquEMzhSz6","John Mayer","Wild Blue","Columbia",125,-1,1,"1783660"
126,"spotify:track:6Hj9jySrnFppAI0sEMCZpJ","Juice WRLD","Robbery","Grade A Productions/Interscope Records",3,122,127,"1775447"
127,"spotify:track:3MthJpM1IEYp2ulZe00LvP","John Mayer","Shouldn't Matter but It Does","Columbia",127,-1,1,"1774127"
128,"spotify:track:4TIqzdAssasqx3DAe6cG9J","Joyner Lucas, Lil Baby","Ramen & OJ","Twenty Nine Music Group",35,83,12,"1772810"
129,"spotify:track:0uxSUdBrJy9Un0EYoBowng","Lil Uzi Vert","20 Min","Generation Now/Atlantic",93,129,76,"1755945"
130,"spotify:track:22LAwLoDA5b4AaGSkg6bKW","Lil Mosey","Blueberry Faygo","Mogul Vision/Interscope Records",2,125,76,"1746651"
131,"spotify:track:1dg3qy5DjoJodawfOCgrTP","Lil Tjay, Offset, Moneybagg Yo","Run It Up (feat. Offset & Moneybagg Yo)","Columbia",28,105,16,"1727784"
132,"spotify:track:0lkQOB949M2gLyut86aJ1b","Cage The Elephant","Cigarette Daydreams","RCA Records Label",128,130,22,"1723563"
133,"spotify:track:0FFsgUoFibYISzMxuGS61W","Doja Cat, Ariana Grande","I Don't Do Drugs (feat. Ariana Grande)","Kemosabe Records/RCA Records",33,96,4,"1720217"
134,"spotify:track:3PfIrDoz19wz7qK7tYeu62","Dua Lipa","Don't Start Now","Warner Records",5,131,86,"1708415"
135,"spotify:track:7qEHsqek33rTcFNT9PFqLf","Lewis Capaldi","Someone You Loved","Vertigo Berlin",6,132,117,"1700760"
136,"spotify:track:5uEYRdEIh9Bo4fpjDd4Na9","Travis Scott, HVME","Goosebumps - Remix","Cactus Jack/Epic",36,119,27,"1689650"
137,"spotify:track:79s5XnCN4TJKTVMSmOx8Ep","Pop Smoke","Dior","Victor Victor Worldwide/Republic Records",18,154,71,"1686263"
138,"spotify:track:5ajjAnNRh8bxFvaVHzpPjh","Madison Beer","Reckless","Epic/Sing It Loud",118,118,3,"1684854"
139,"spotify:track:6gBFPUFcJLzWGx4lenP6h2","Travis Scott","goosebumps","Cactus Jack / Epic",8,134,238,"1681557"
140,"spotify:track:2iUmqdfGZcHIhS3b9E9EWq","Neon Trees","Everybody Talks","Mercury Records",140,161,21,"1672731"
141,"spotify:track:0nbXyq5TXYPCO7pr3N8S4I","Roddy Ricch","The Box","Atlantic Records",1,127,85,"1668182"
142,"spotify:track:7H0ya83CMmgFcOhw0UB6ow","Beach House","Space Song","Sub Pop Records",142,178,2,"1668141"
143,"spotify:track:0GO8y8jQk1PkHzS31d699N","GROUPLOVE","Tongue Tied","Canvasback/ATL",107,136,62,"1667799"
144,"spotify:track:6Uj1ctrBOjOas8xZXGqKk4","Doja Cat","Woman","Kemosabe Records/RCA Records",47,141,4,"1660749"
145,"spotify:track:7z4xW9WY86uH3gd1V9pfCM","Tyler, The Creator, Lil Uzi Vert, Pharrell Williams","JUGGERNAUT (feat. Lil Uzi Vert & Pharrell Williams)","Columbia",10,88,4,"1648819"
146,"spotify:track:4xqrdfXkTW4T0RauPLv3WA","Conan Gray","Heather","Republic Records",9,147,55,"1647578"
147,"spotify:track:35mvY5S1H3J2QZyna3TFe0","Ariana Grande","positions","Republic Records",1,146,39,"1641022"
148,"spotify:track:1mAey8kEPmDM2icL56kS9d","42 Dugg, Roddy Ricch","4 Da Gang (with Roddy Ricch)","NEW CMG 42 Dugg P&D",43,94,16,"1633207"
149,"spotify:track:23OYT3SFtoJqhiAUqktbc1","Polo G, The Kid LAROI, Lil Durk","No Return (with The Kid LAROI & Lil Durk)","Columbia",23,108,6,"1623264"
150,"spotify:track:45bE4HXI0AwGZXfZtMp8JR","Tate McRae","you broke me first","RCA Records Label",16,142,53,"1613218"
151,"spotify:track:4saklk6nie3yiGePpBwUoc","BTS","Dynamite","BIGHIT MUSIC",4,114,47,"1612479"
152,"spotify:track:3fqwjXwUGN6vbzIwvyFMhx","Chris Stapleton","Tennessee Whiskey","Mercury Nashville",135,157,32,"1600946"
153,"spotify:track:161DnLWsx1i3u1JT05lzqU","Bruno Mars","Talking to the Moon","Atlantic Records",64,140,18,"1600531"
154,"spotify:track:6aHoPULNO7pSL2ZfUY0bU8","SoFaygo","Knock Knock","Cactus Jack",134,144,12,"1596986"
155,"spotify:track:7LAmsNJpBaNvNg7VZPXxSv","Sarah Cothran","As the World Caves In","Republic Records",133,133,5,"1593907"
156,"spotify:track:3cBsEDNhFI9E82vPj3kvi3","Morgan Wallen","Wasted On You","Big Loud / Republic",3,149,28,"1587738"
157,"spotify:track:6K4t31amVTZDgR3sKmwUJJ","Tame Impala","The Less I Know The Better","Universal Music Australia Pty. Ltd.",117,162,94,"1578154"
158,"spotify:track:2NM0qHzx4Ohy8iXHEEgwlO","Migos, Drake","Having Our Way (feat. Drake)","Quality Control Music/Motown Records",14,120,6,"1575497"
159,"spotify:track:4bHsxqR3GMrXTxEPLuK5ue","Journey","Don't Stop Believin' (2022 Remaster)","Columbia/Legacy",132,159,31,"1574776"
160,"spotify:track:1K5KBOgreBi5fkEHvg5ap3","Future, Drake","Life Is Good (feat. Drake)","Epic/Freebandz",2,148,80,"1574714"
161,"spotify:track:1jbXYNuBFgN0BiNRO2cGov","Pop Smoke, Takeoff","What’s Crackin (feat. Takeoff)","Victor Victor Worldwide",161,-1,1,"1573651"
162,"spotify:track:4eNOLmx8r2IJAVKvBBL1jv","Lil Tjay, Polo G, Fivio Foreign","Headshot (feat. Polo G & Fivio Foreign)","Columbia",18,135,18,"1573254"
163,"spotify:track:2rxQMGVafnNaRaXlRMWPde","Luke Combs","Beautiful Crazy","River House Artists/Columbia Nashville",61,164,156,"1569728"
164,"spotify:track:5K6Ssv4Z3zRvxt0P6EKUAP","Galantis, David Guetta, Little Mix","Heartbreak Anthem (with David Guetta & Little Mix)","Big Beat Records",153,163,8,"1569199"
165,"spotify:track:0rKtyWc8bvkriBthvHKY8d","Joji","SLOW DANCING IN THE DARK","88rising Music/Warner Records",29,155,148,"1567763"
166,"spotify:track:15qKrPi4Kg0z7g9HlwWyeb","Bas, J. Cole, Lil Tjay","[The Jackie] (with J. Cole & Lil Tjay)","Dreamville/Interscope Records",43,43,2,"1564530"
167,"spotify:track:2mt1IqcFyY1zmYZT8Q3xw9","blackbear","hot girl bummer","Alamo",4,151,100,"1563205"
168,"spotify:track:472vIK1ldetTxRxG3ovaiY","Dan + Shay","Glad You Exist","Warner Music Nashville",64,143,19,"1562328"
169,"spotify:track:1f3yAtsJtY87CTmM8RLnxf","Nirvana","Smells Like Teen Spirit","Geffen",169,172,2,"1556699"
170,"spotify:track:2vWBUC9djv6BtiGlmKiQaH","Yot Club","YKWIM?","yot club under exclusive license to Amuseio AB",170,170,3,"1555620"
171,"spotify:track:2xdwCJLfKCkat14mlgR26M","Billie Eilish","Lost Cause","Darkroom/Interscope Records",13,112,8,"1544914"
172,"spotify:track:7GX5flRQZVHRAGd6B4TmDO","Lil Uzi Vert","XO Tour Llif3","Generation Now/Atlantic",2,165,223,"1542883"
173,"spotify:track:6Im9k8u9iIzKMrmV7BWtlF","Ariana Grande","34+35","Republic Records",2,168,38,"1537271"
174,"spotify:track:26BMsCXJpD7eYtP7ufhApC","Blueface, OG Bobby Billions","Outside (Better Days)","5th Amendment / Entertainment One / Billionaire Music Group / EMPIRE",139,139,4,"1534011"
175,"spotify:track:3eBnEo9WL34ulBCZlLpUQO","Zac Brown Band","Chicken Fried","Home Grown Music",71,180,9,"1529264"
176,"spotify:track:1ZIKpMTRPqhwAoVXWY3tXI","Ryan Hurd, Maren Morris","Chasing After You (with Maren Morris)","Arista Nashville",106,116,11,"1519506"
177,"spotify:track:3Zg68ElzsOAHABZsfXlljo","Pop Smoke, Future","Mr. Jones (feat. Future)","Victor Victor Worldwide",177,-1,1,"1518344"
178,"spotify:track:58ge6dfP91o9oXMzq3XkIS","Arctic Monkeys","505","Domino/Warner Records",129,169,27,"1513247"
179,"spotify:track:6755DFiZ7CWe2WMdTGW5C1","Young Stoner Life, Young Thug, Gunna","Ski","300 Entertainment",18,138,14,"1512021"
180,"spotify:track:3hwjxbqGvTRUPi38fLgeM7","John Mayer","Why You No Love Me","Columbia",180,-1,1,"1511597"
181,"spotify:track:15EH2glphTjcarRjAsc0EB","Migos","Straightenin","Quality Control Music/Motown Records",30,124,10,"1510859"
182,"spotify:track:1nahzW3kfMuwReTka28tH5","Justin Bieber","Hold On","RBMG/Def Jam",3,160,20,"1502892"
183,"spotify:track:7yq4Qj7cqayVTp3FF9CWbm","Vance Joy","Riptide","Atlantic Records",183,190,4,"1500850"
184,"spotify:track:5OELUCYgOHKFAvCERnAvfS","Morgan Wallen","More Than My Hometown","Big Loud / Republic",21,175,65,"1497673"
185,"spotify:track:4f0xBbWvKWmuB17yebh24a","John Mayer","Til the Right One Comes","Columbia",185,-1,1,"1497545"
186,"spotify:track:7fBv7CLKzipRk6EC6TWHOB","The Weeknd","The Hills","Universal Republic Records",27,185,36,"1495722"
187,"spotify:track:4t2dQ3OQaAJQn52BNszPnY","$uicideboy$","Materialism as a Means to an End","G59 Records",187,-1,1,"1485785"
188,"spotify:track:2gMXnyrvIjhVBUZwvLZDMP","Lewis Capaldi","Before You Go","Vertigo Berlin",42,171,85,"1483862"
189,"spotify:track:6SpLc7EXZIPpy0sVko0aoU","Paramore","Misery Business","Fueled By Ramen",125,176,9,"1479754"
190,"spotify:track:0y60itmpH0aPKsFiGxmtnh","WILLOW","Wait a Minute!","Roc Nation W Smith P&D",153,-1,16,"1470593"
191,"spotify:track:3JKgcAa7r07ocVWcV8bS0H","Polo G","21","Columbia",42,179,61,"1467960"
192,"spotify:track:4Ys8jQvZOISzmp34BsImRf","Mitski","Washing Machine Heart","Dead Oceans",127,174,11,"1467440"
193,"spotify:track:6Gg1gjgKi2AK4e0qzsR7sd","Juice WRLD, YoungBoy Never Broke Again","Bandit (with YoungBoy Never Broke Again)","Grade A Productions/Interscope Records",2,177,93,"1466603"
194,"spotify:track:7sO5G9EABYOXQKNPNiE9NR","Offset, Metro Boomin","Ric Flair Drip (with Metro Boomin)","Slaughter Gang, LLC/Epic/Quality Control Music/Motown/Capitol/Boominati Worldwide/Republic",4,187,124,"1463510"
195,"spotify:track:73gEzDLKZNPJms5HkSwBmd","Pop Smoke","Beat The Speaker","Victor Victor Worldwide",195,-1,1,"1462459"
196,"spotify:track:4Im6GRj17qa7NW76OsJh1s","John Mayer","I Guess I Just Feel Like","Columbia",93,-1,2,"1458423"
197,"spotify:track:7ClZUuzhHULLKjjrHEz6HF","Pop Smoke, The Neptunes, BEAM, Pusha T, TRAVI","Top Shotta (feat. Pusha T, TRAVI & Beam)","Victor Victor Worldwide",197,-1,1,"1456990"
198,"spotify:track:7m9OqQk4RVRkw9JJdeAw96","XXXTENTACION","Jocelyn Flores","Bad Vibes Forever / EMPIRE",3,181,204,"1456633"
199,"spotify:track:78QR3Wp35dqAhFEc2qAGjE","Lil Baby, Gunna","Drip Too Hard (Lil Baby & Gunna)","Quality Control Music/Young Stoner Life Records, a 300 Entertainment Label/Motown Records/Capitol Records",1,182,146,"1454902"
200,"spotify:track:2wAJTrFhCnQyNSD3oUgTZO","J. Cole","Work Out","Roc Nation LLC",128,-1,3,"1446500"
