﻿rank,uri,artist_names,track_name,source,peak_rank,previous_rank,weeks_on_chart,streams
1,"spotify:track:3YJJjQPAbDT7mGpX3WtQ9A","SZA","Good Days","Top Dawg Entertainment/RCA Records",1,10,2,"6323585"
2,"spotify:track:31qCy5ZaophVA81wtlwLc4","Justin Bieber","Anyone","RBMG/Def Jam",2,-1,1,"6149984"
3,"spotify:track:6Im9k8u9iIzKMrmV7BWtlF","Ariana Grande","34+35","Republic Records",2,2,10,"5606876"
4,"spotify:track:3tjFYV6RSFtuktYl3ZtYcq","24kGoldn, iann dior","Mood (feat. iann dior)","Records/Columbia",2,4,22,"5583614"
5,"spotify:track:7hxHWCCAIIxFLCzvDgnQHX","Internet Money, Gunna, Don Toliver, NAV","Lemonade (feat. NAV)","Internet Money Records / TenThousand Projects",1,5,21,"5368252"
6,"spotify:track:4MzXwWMhyBbmu6hOcLVD49","Bad Bunny, Jhayco","DÁKITI","Rimas Entertainment LLC",1,6,10,"5161927"
7,"spotify:track:35mvY5S1H3J2QZyna3TFe0","Ariana Grande","positions","Republic Records",1,9,11,"5102841"
8,"spotify:track:5vGLcdRuSbUhD8ScwsGSdA","CJ","Whoopty","CJ Music Group/T-Series",8,13,11,"4877062"
9,"spotify:track:27OeeYzk6klgBh83TSvGMA","The Kid LAROI","WITHOUT YOU","Columbia",9,11,8,"4777818"
10,"spotify:track:0VjIjW4GlUZAMYd2vXMi3b","The Weeknd","Blinding Lights","Republic Records",1,19,58,"4440447"
11,"spotify:track:5nujrmhLynf4yMoMtj8AQF","Dua Lipa, DaBaby","Levitating (feat. DaBaby)","Warner Records",11,31,14,"4422483"
12,"spotify:track:0PvFJmanyNQMseIFrU708S","Pop Smoke, Lil Baby, DaBaby","For The Night (feat. Lil Baby & DaBaby)","Victor Victor Worldwide",2,17,27,"4156151"
13,"spotify:track:4Oun2ylbjFKMPTiaSbbCih","Cardi B, Megan Thee Stallion","WAP (feat. Megan Thee Stallion)","Atlantic/KSR",1,18,22,"4075050"
14,"spotify:track:3Uo7WG0vmLQ07WB4BDwy7D","Taylor Swift","willow","Taylor Swift",1,14,4,"4063837"
15,"spotify:track:1tkg4EHVoqnhR6iFEXb60y","Pop Smoke","What You Know Bout Love","Victor Victor Worldwide",6,20,19,"3951385"
16,"spotify:track:54bFM56PmE4YLRnqpW6Tha","Billie Eilish","Therefore I Am","Darkroom/Interscope Records",1,25,8,"3894603"
17,"spotify:track:0A1hoCfMLkiAgvhWkkucJa","Megan Thee Stallion","Body","300 Entertainment",13,22,7,"3880068"
18,"spotify:track:2SAqBLGA283SUiwJ3xOUVI","Drake, Lil Durk","Laugh Now Cry Later (feat. Lil Durk)","OVO",2,23,21,"3868635"
19,"spotify:track:6zFMeegAMYQo0mt8rXtrli","Lil Nas X","HOLIDAY","Columbia",14,16,8,"3804112"
20,"spotify:track:7ytR5pFWmSjzHJIeQkgog4","DaBaby, Roddy Ricch","ROCKSTAR (feat. Roddy Ricch)","South Coast Music Group/Interscope Records",1,30,38,"3541901"
21,"spotify:track:2U5WueTLIK5WJLD7mvDODv","Juice WRLD","Wishing Well","Grade A Productions/Interscope Records",1,32,26,"3404248"
22,"spotify:track:2QjOHCTQ1Jl3zawyYOpxh6","The Neighbourhood","Sweater Weather","Columbia",22,35,20,"3400346"
23,"spotify:track:22LAwLoDA5b4AaGSkg6bKW","Lil Mosey","Blueberry Faygo","Mogul Vision/Interscope Records",2,37,48,"3150550"
24,"spotify:track:57VeLYXrvNxe8Vs18K2M9W","Jack Harlow, Big Sean","Way Out (feat. Big Sean)","Generation Now/Atlantic",24,44,4,"3120455"
25,"spotify:track:2Y0wPrPQBrGhoLn14xRYCG","Juice WRLD, Marshmello","Come & Go (with Marshmello)","Grade A Productions/Interscope Records",1,36,26,"3084736"
26,"spotify:track:3w1WjD2zJqjBjDz5fwqQPJ","Jack Harlow","Tyler Herro","Generation Now/Atlantic",9,45,11,"3012027"
27,"spotify:track:4VXIryQMWpIdGgYR4TrjT1","Juice WRLD","All Girls Are The Same","Juice WRLD Mixtape / ISR P&D",13,39,141,"2961057"
28,"spotify:track:5YSHygGN9D0mID1NsVd5my","Juice WRLD, The Kid LAROI","Reminds Me Of You","Grade A Productions/Interscope Records",28,41,5,"2957522"
29,"spotify:track:1HbA4N1MiOsPthALesGFR1","Shawn Mendes, Justin Bieber","Monster (Shawn Mendes & Justin Bieber)","Shawn Mendes LP4-5 PS/ Island",5,65,7,"2947806"
30,"spotify:track:0sY6ZUTh4yoctD8VIXz339","Taylor Swift","champagne problems","Taylor Swift",2,34,4,"2875906"
31,"spotify:track:0ZLuW8uOXdFNWcI40C0OC2","Jack Harlow, Tory Lanez, DaBaby, Lil Wayne","Whats Poppin (feat. DaBaby, Tory Lanez & Lil Wayne) [Remix] - Bonus Track","Generation Now/Atlantic",2,53,29,"2861265"
32,"spotify:track:2r6OAV3WsYtXuXjvJ1lIDi","Pop Smoke, A Boogie Wit da Hoodie","Hello (feat. A Boogie Wit da Hoodie)","Victor Victor Worldwide",32,64,18,"2858702"
33,"spotify:track:6UelLqGlWMcVH1E5c4H7lY","Harry Styles","Watermelon Sugar","Columbia",4,73,60,"2840470"
34,"spotify:track:0nbXyq5TXYPCO7pr3N8S4I","Roddy Ricch","The Box","Atlantic Records",1,49,57,"2810078"
35,"spotify:track:21jGcNKet2qwijlDFuPiPb","Post Malone","Circles","Republic Records",1,66,71,"2804775"
36,"spotify:track:45bE4HXI0AwGZXfZtMp8JR","Tate McRae","you broke me first","RCA Records Label",16,63,25,"2783099"
37,"spotify:track:7kDUspsoYfLkWnZR7qwHZl","Machine Gun Kelly, blackbear","my ex's best friend (with blackbear)","Bad Boy/Interscope Records",11,71,22,"2773001"
38,"spotify:track:285pBltuF7vW8TeWk8hdRR","Juice WRLD","Lucid Dreams","Juice WRLD Mixtape / ISR P&D",1,48,140,"2769384"
39,"spotify:track:3UoULw70kMsiVXxW0L3A33","Ariana Grande","pov","Republic Records",8,50,10,"2754127"
40,"spotify:track:6IBcOGPsniK3Pso1wHIhew","Luke Combs","Forever After All","River House Artists/Columbia Nashville",2,56,11,"2740228"
41,"spotify:track:4xqrdfXkTW4T0RauPLv3WA","Conan Gray","Heather","Republic Records",9,61,27,"2720201"
42,"spotify:track:6AGOKlMZWLCaEJGnaROtF9","Ritt Momney","Put Your Records On","Columbia",16,77,17,"2706892"
43,"spotify:track:4aarlAfLKVCTxUDNgbwhjH","Megan Thee Stallion, DaBaby","Cry Baby (feat. DaBaby)","300 Entertainment",43,86,5,"2660651"
44,"spotify:track:4y4spB9m0Q6026KfkAvy9Q","Justin Bieber, benny blanco","Lonely (with benny blanco)","Friends Keep Secrets/Def Jam Recordings/Interscope Records",8,80,12,"2651993"
45,"spotify:track:30KctD1WsHKTIYczXjip5a","Kid Cudi","Tequila Shots","Republic Records",10,43,4,"2626837"
46,"spotify:track:3qgPpwtuRu5oP8EtFSj8HE","The Kid LAROI","SO DONE","Columbia",13,68,11,"2612974"
47,"spotify:track:6Hj9jySrnFppAI0sEMCZpJ","Juice WRLD","Robbery","Grade A Productions/Interscope Records",3,59,99,"2592895"
48,"spotify:track:02MWAaffLxlfxAUY7c5dvx","Glass Animals","Heat Waves","Polydor Records",48,90,6,"2591076"
49,"spotify:track:0SErdEdRcVX1uJCf1eTGYH","Morgan Wallen","Somebody’s Problem","Loud / Republic",10,79,7,"2587814"
50,"spotify:track:0E4Y1XIbs8GrAT1YqVy6dq","Ed Sheeran","Afterglow","Atlantic Records UK",50,57,2,"2543629"
51,"spotify:track:0RiRZpuVRbi7oqRdSMwhQY","Post Malone, Swae Lee","Sunflower - Spider-Man: Into the Spider-Verse","Republic Records",1,72,116,"2542175"
52,"spotify:track:4saklk6nie3yiGePpBwUoc","BTS","Dynamite","BIGHIT MUSIC",4,87,20,"2475139"
53,"spotify:track:0ofHAoxe9vBkTCp2UQIavz","Fleetwood Mac","Dreams - 2004 Remaster","Rhino/Warner Records",6,99,18,"2410751"
54,"spotify:track:4Iedi94TIaB2GGb1nMB68v","Lil Baby","On Me","Quality Control Music/Motown Records",54,98,5,"2386181"
55,"spotify:track:7qEHsqek33rTcFNT9PFqLf","Lewis Capaldi","Someone You Loved","Vertigo Berlin",6,95,89,"2378101"
56,"spotify:track:53BHUFdQphHiZUUG3nx9zn","AJR","Bang!","BMG Rights Management (US) LLC",56,105,18,"2373261"
57,"spotify:track:5SWnsxjhdcEDc7LJjq9UHk","21 Savage, Metro Boomin","Runnin","Slaughter Gang, LLC/Epic/Boominati Worldwide/Republic",3,83,14,"2354225"
58,"spotify:track:2Oycxb8QbPkpHTo8ZrmG0B","Miley Cyrus, Dua Lipa","Prisoner (feat. Dua Lipa)","RCA Records Label",16,108,7,"2324251"
59,"spotify:track:1K5KBOgreBi5fkEHvg5ap3","Future, Drake","Life Is Good (feat. Drake)","Epic/Freebandz",2,100,52,"2278116"
60,"spotify:track:0zLCBJZSiELJf02ucPP9wb","SAINt JHN, Imanbek","Roses - Imanbek Remix","Craft Recordings",5,125,46,"2265566"
61,"spotify:track:5E30LdtzQTGqRvNd7l6kG5","The Neighbourhood","Daddy Issues","Columbia",61,102,17,"2245101"
62,"spotify:track:1VLtjHwRWOVJiE5Py7JxoQ","Polo G","Martin & Gina","Columbia",23,89,23,"2240324"
63,"spotify:track:2XIc1pqjXV3Cr2BQUGNBck","Bad Bunny, ROSALÍA","LA NOCHE DE ANOCHE","Rimas Entertainment LLC",18,96,6,"2221758"
64,"spotify:track:2kS6td1yvmpNgZTt1q5pQq","Mother Mother","Hayloft","Last Gang",64,113,2,"2217223"
65,"spotify:track:6ZuahEctZD6w75peme58hm","Shawn Mendes","Wonder","Shawn Mendes LP4-5 PS/ Island",9,123,14,"2203489"
66,"spotify:track:43BlKpJcSrC9AsJ3F1DKg9","Lil Durk, King Von","Still Trappin'","Alamo",66,85,2,"2184191"
67,"spotify:track:7B3z0ySL9Rr0XvZEAjWZzM","Clairo","Sofia","FADER Label",27,106,16,"2182804"
68,"spotify:track:5u1n1kITHCxxp8twBcZxWy","Justin Bieber, Chance the Rapper","Holy (feat. Chance The Rapper)","RBMG/Def Jam",3,88,16,"2182101"
69,"spotify:track:0eBXyY4SatzpE7opnzgXvz","Morgan Wallen","More Than My Hometown","Loud / Republic",57,112,37,"2173260"
70,"spotify:track:2gMXnyrvIjhVBUZwvLZDMP","Lewis Capaldi","Before You Go","Vertigo Berlin",42,118,59,"2150346"
71,"spotify:track:5VlTQnZO89Ioku8ssdbqJk","Brent Faiyaz","Dead Man Walking","Lost Kids",71,124,5,"2144261"
72,"spotify:track:3jjujdWJ72nww5eGnfs2E7","Harry Styles","Adore You","Columbia",3,128,57,"2143517"
73,"spotify:track:4Q34FP1AT7GEl9oLgNtiWj","21 Savage, Metro Boomin, Drake","Mr. Right Now (feat. Drake)","Slaughter Gang, LLC/Epic/Boominati Worldwide/Republic",4,109,14,"2136412"
74,"spotify:track:0tbjiOUl4k492KPdWZS9sy","Morgan Wallen","7 Summers","Loud / Republic",3,115,21,"2126292"
75,"spotify:track:4Z5FyQlevoHoa5FsIVKZju","DaBaby","PRACTICE","South Coast Music Group/Interscope Records",46,103,12,"2123647"
76,"spotify:track:6NriykdkRrjQMZo1sfVYUo","Taylor Swift, HAIM","no body, no crime (feat. HAIM)","Taylor Swift",5,75,4,"2115591"
77,"spotify:track:7o4gBbTM6UBLkOYPw9xMCz","DDG, Blueface","Moonwalking in Calabasas (feat. Blueface) - Remix","Epic",40,129,13,"2099998"
78,"spotify:track:7m9OqQk4RVRkw9JJdeAw96","XXXTENTACION","Jocelyn Flores","Bad Vibes Forever / EMPIRE",3,110,176,"2066317"
79,"spotify:track:7eJMfftS33KTjuF7lTsMCx","Powfu, beabadoobee","death bed (coffee for your head)","Columbia",9,126,47,"2065295"
80,"spotify:track:5BK0uqwY9DNfZ630STAEaq","Taylor Swift","gold rush","Taylor Swift",4,76,4,"2062431"
81,"spotify:track:4GBkffrtA51p17JH35irGA","Taylor Swift","‘tis the damn season","Taylor Swift",3,70,4,"2015994"
82,"spotify:track:2rPHUAeUPbNgTmK18FPTiZ","The Kid LAROI, Juice WRLD","GO (feat. Juice WRLD)","Columbia",15,111,30,"2015648"
83,"spotify:track:1IIKrJVP1C9N7iPtG6eOsK","Chris Brown, Young Thug","Go Crazy","Chris Brown Entertainment/300 Entertainment/RCA Records",20,148,33,"2010900"
84,"spotify:track:2mt1IqcFyY1zmYZT8Q3xw9","blackbear","hot girl bummer","Alamo",4,135,72,"1996834"
85,"spotify:track:3PfIrDoz19wz7qK7tYeu62","Dua Lipa","Don't Start Now","Warner Records",5,173,58,"1986446"
86,"spotify:track:7FIWs0pqAYbP91WWM0vlTQ","Eminem, Juice WRLD","Godzilla (feat. Juice WRLD)","Shady/Aftermath/Interscope Records",2,131,50,"1982314"
87,"spotify:track:7s95nPLMfiLTPoQ7pqUFmO","Popp Hunna, Lil Uzi Vert","Adderall (Corvette Corvette) [feat. Lil Uzi Vert] - Remix","Jay Rebel Music",87,114,2,"1969192"
88,"spotify:track:5rZlwNFl01HqLWBQGryKSm","Pop Smoke, Lil Tjay","Mood Swings (feat. Lil Tjay)","Victor Victor Worldwide",10,116,27,"1969064"
89,"spotify:track:0AUvWawuP0ibk4SQ3sIZjk","Ashnikko","Daisy","Parlophone UK",40,134,17,"1967847"
90,"spotify:track:0rKtyWc8bvkriBthvHKY8d","Joji","SLOW DANCING IN THE DARK","88rising Music/Warner Records",29,140,120,"1955469"
91,"spotify:track:6EDO9iiTtwNv6waLwa1UUq","DJ Khaled, Drake","POPSTAR (feat. Drake)","OVO/We The Best/Epic",4,150,25,"1936654"
92,"spotify:track:7bCfHiRcfUjG0YVVNUL7Ve","CORPSE, Savage Ga$p","E-GIRLS ARE RUINING MY LIFE!","CORPSE",59,137,13,"1930518"
93,"spotify:track:1Cv1YLb4q0RzL6pybtaMLo","Surfaces","Sunday Best","Surfaces Music / TenThousand Projects, LLC",14,168,49,"1924716"
94,"spotify:track:6gBFPUFcJLzWGx4lenP6h2","Travis Scott","goosebumps","Cactus Jack / Epic",8,133,210,"1905076"
95,"spotify:track:2GiJYvgVaD2HtM8GqD9EgQ","BØRNS","Electric Love","UMGRI Interscope",44,162,28,"1893621"
96,"spotify:track:62vpWI1CHwFy7tMIcSStl8","J. Cole","No Role Modelz","Roc Nation Records LLC",65,152,152,"1889253"
97,"spotify:track:57RA3JGafJm5zRtKJiKPIm","Wallows, Clairo","Are You Bored Yet? (feat. Clairo)","Atlantic Records",70,164,34,"1865727"
98,"spotify:track:6foY66mWZN0pSRjZ408c00","Morgan Wallen","Whiskey Glasses","Big Loud Records",59,155,89,"1844977"
99,"spotify:track:1jaTQ3nqY3oAAYyCTbIvnM","Jack Harlow","WHATS POPPIN","Generation Now/Atlantic",6,139,50,"1834104"
100,"spotify:track:2kJwzbxV2ppxnQoYw4GLBZ","JP Saxe, Julia Michaels","If the World Was Ending (feat. Julia Michaels)","Arista Records",47,171,60,"1824933"
101,"spotify:track:1SF8piqsZWn86DajVKih8F","YoungBoy Never Broke Again","Kacey Talk","Never Broke Again, LLC",80,175,18,"1816702"
102,"spotify:track:0k7wmahjkn389wAZdz19Cv","Future, Lil Uzi Vert","Drankin N Smokin","Generation Now/Atlantic",12,147,8,"1813721"
103,"spotify:track:7vrJn5hDSXRmdXoR30KgF1","KAROL G","BICHOTA","UMLE - Latino",103,165,7,"1813069"
104,"spotify:track:7fEoXCZTZFosUFvFQg1BmW","King Von","Took Her To The O","Forever and a Day, LLC / EMPIRE",37,142,9,"1809967"
105,"spotify:track:5dOxHHMOFAbG3VH23t0xNm","Juice WRLD","Righteous","Grade A Productions/Interscope Records",2,141,37,"1808289"
106,"spotify:track:1rgnBhdG2JDFTbYkYRZAku","Tones And I","Dance Monkey","Elektra (NEK)",7,189,69,"1798212"
107,"spotify:track:55Am8neGJkdj2ADaM3aw5H","James Arthur","Train Wreck","Columbia",62,154,11,"1796384"
108,"spotify:track:696DnlkuDOXcMAnKlTgXXK","Arizona Zervas","ROXANNE","Arizona Zervas",1,157,62,"1795605"
109,"spotify:track:5CFJRZRq6sdKKtRwNPWbYv","Kid Cudi, Skepta, Pop Smoke","Show Out (with Skepta & Pop Smoke)","Republic Records",24,97,4,"1793842"
110,"spotify:track:6Gg1gjgKi2AK4e0qzsR7sd","Juice WRLD, YoungBoy Never Broke Again","Bandit (with YoungBoy Never Broke Again)","Grade A Productions/Interscope Records",2,145,66,"1791105"
111,"spotify:track:6Ozh9Ok6h4Oi1wUSLtBseN","DaBaby","BOP","South Coast Music Group/Interscope Records",3,156,67,"1779188"
112,"spotify:track:79s5XnCN4TJKTVMSmOx8Ep","Pop Smoke","Dior","Victor Victor Worldwide/Republic Records",18,160,43,"1771804"
113,"spotify:track:3QzAOrNlsabgbMwlZt7TAY","Mustard, Roddy Ricch","Ballin' (with Roddy Ricch)","10 Summers Records/Interscope Records",11,153,75,"1761160"
114,"spotify:track:7ju97lgwC2rKQ6wwsf9no9","Lady Gaga, Ariana Grande","Rain On Me (with Ariana Grande)","Interscope",2,-1,28,"1758800"
115,"spotify:track:45S5WTQEGOB1VHr1Q4FuPl","Harry Styles","Golden","Columbia",21,-1,12,"1752684"
116,"spotify:track:7Bar1kLTmsRmH6FCKKMEyU","SZA, The Neptunes, Pharrell Williams, Ty Dolla $ign","Hit Different","Top Dawg Entertainment/RCA Records",18,-1,10,"1737646"
117,"spotify:track:7uoFMmxln0GPXQ0AcCBXRq","Sia","Snowman","Monkey Puzzle/Atlantic",34,38,4,"1735612"
118,"spotify:track:5MwynWK9s4hlyKHqhkNn4A","Morgan Wallen","Chasin' You","Big Loud Records",55,182,43,"1723160"
119,"spotify:track:30bqVoKjX479ab90a8Pafp","Lil Peep","Star Shopping","Lil Peep",107,170,19,"1720697"
120,"spotify:track:0ada5XsQGLPUVbmTCkAP49","Juice WRLD, Marshmello, The Kid LAROI, Polo G","Hate The Other Side (with Marshmello & The Kid Laroi)","Grade A Productions/Interscope Records",5,159,26,"1720213"
121,"spotify:track:527k23H0A4Q0UJN3vGs0Da","Don Toliver","After Party","We Run It Ent./Cactus Jack/Atlantic",13,163,39,"1718734"
122,"spotify:track:3eekarcy7kvN4yt5ZFzltW","Travis Scott","HIGHEST IN THE ROOM","Cactus Jack/Epic",1,161,66,"1710389"
123,"spotify:track:0GzuHFG4Ql6DoyxFRnIk3F","Maluma, The Weeknd","Hawái - Remix","Sony Music Latin",16,193,8,"1697649"
124,"spotify:track:3K07bGe8iljQ3mOKArHLDo","Chris Stapleton","Starting Over","Mercury Nashville",43,174,5,"1694886"
125,"spotify:track:48q0vSHcJdhK3IiXH8C5WJ","Arctic Monkeys","Why'd You Only Call Me When You're High?","Domino Recording Co",125,-1,1,"1694362"
126,"spotify:track:4umIPjkehX1r7uhmGvXiSV","Justin Bieber, Quavo","Intentions (feat. Quavo)","RBMG/Def Jam",2,197,46,"1688676"
127,"spotify:track:0PurA4JVJ8YQgSVopY8fn6","Taylor Swift","tolerate it","Taylor Swift",6,122,4,"1687644"
128,"spotify:track:0u2P5u6lvoDfwTYjAADbn4","Billie Eilish, Khalid","lovely (with Khalid)","Darkroom",24,180,141,"1681347"
129,"spotify:track:5f1joOtoMeyppIcJGZQvqJ","Kane Brown, Swae Lee, Khalid","Be Like That - feat. Swae Lee & Khalid","RCA Records Label Nashville",25,195,24,"1678418"
130,"spotify:track:3Dv1eDb0MEgF93GpLXlucZ","Doja Cat","Say So","Kemosabe Records/RCA Records",3,-1,42,"1677713"
131,"spotify:track:5RubKOuDoPn5Kj5TLVxSxY","Bad Bunny","TE MUDASTE","Rimas Entertainment LLC",22,169,5,"1659249"
132,"spotify:track:1xQ6trAsedVPCdbtDAmk0c","Jawsh 685, Jason Derulo","Savage Love (Laxed - Siren Beat)","Columbia",9,-1,25,"1656049"
133,"spotify:track:6gdLyYNuhWBzqwlOFSsXC7","Luke Combs","Better Together","River House Artists/Columbia Nashville",38,187,14,"1655211"
134,"spotify:track:3JKgcAa7r07ocVWcV8bS0H","Polo G","21","Columbia",42,172,33,"1654744"
135,"spotify:track:1eMNW1HQjF1dbb4GtnmpaX","Playboi Carti","Slay3r","AWGE/Interscope Records",29,29,2,"1645105"
136,"spotify:track:0uxSUdBrJy9Un0EYoBowng","Lil Uzi Vert","20 Min","Generation Now/Atlantic",116,181,48,"1641449"
137,"spotify:track:6wQlQrTY5mVS8EGaFZVwVF","Juice WRLD, The Weeknd","Smile (with The Weeknd)","Grade A Productions/Interscope Records",2,178,21,"1640840"
138,"spotify:track:6gxKUmycQX7uyMwJcweFjp","Lil Baby, 42 Dugg","We Paid (feat. 42 Dugg)","Quality Control/Motown Records",9,179,30,"1636963"
139,"spotify:track:20McUFi8KCIVdNDLrkTDuZ","HVME","Goosebumps","Columbia/B1 Recordings",139,-1,1,"1635676"
140,"spotify:track:1ZMiCix7XSAbfAJlEZWMCp","Harry Styles","Falling","Columbia",11,-1,53,"1633272"
141,"spotify:track:3ee8Jmje8o58CHK66QrVC2","XXXTENTACION","SAD!","Bad Vibes Forever, LLC",1,176,147,"1631420"
142,"spotify:track:5NvOZCjZaGGGL597exlQWv","Ricky Montgomery","Line Without a Hook","Warner Records",96,194,7,"1621457"
143,"spotify:track:3GVkPk8mqxz0itaAriG1L7","XXXTENTACION","Everybody Dies In Their Nightmares","Bad Vibes Forever / EMPIRE",15,188,98,"1619450"
144,"spotify:track:1H7KnK26kc1YyellpbINEn","Pop Smoke, 50 Cent, Roddy Ricch","The Woo (feat. 50 Cent & Roddy Ricch)","Victor Victor Worldwide",8,186,25,"1617086"
145,"spotify:track:58ge6dfP91o9oXMzq3XkIS","Arctic Monkeys","505","Domino/Warner Records",145,-1,1,"1615869"
146,"spotify:track:2rRJrJEo19S2J82BDsQ3F7","Trevor Daniel","Falling","Alamo",5,185,58,"1615818"
147,"spotify:track:2rxQMGVafnNaRaXlRMWPde","Luke Combs","Beautiful Crazy","River House Artists/Columbia Nashville",61,198,128,"1596604"
148,"spotify:track:2JvzF1RMd7lE3KmFlsyZD8","J. Cole","MIDDLE CHILD","Dreamville, Inc., Under exclusive license to Roc Nation Records",1,200,101,"1593894"
149,"spotify:track:7GX5flRQZVHRAGd6B4TmDO","Lil Uzi Vert","XO Tour Llif3","Generation Now/Atlantic",2,190,195,"1587816"
150,"spotify:track:6K4t31amVTZDgR3sKmwUJJ","Tame Impala","The Less I Know The Better","Universal Music Australia Pty. Ltd.",119,-1,66,"1581047"
151,"spotify:track:3IJYUaN3tx04S4TYyZHKoP","StaySolidRocky","Party Girl","Columbia",2,199,33,"1575254"
152,"spotify:track:19CSr8rwW05VJL2F91KFNK","Taylor Swift","ivy","Taylor Swift",12,149,4,"1568282"
153,"spotify:track:2Fxmhks0bxGSBdJ92vM42m","Billie Eilish","bad guy","Darkroom/Interscope Records",1,-1,87,"1555464"
154,"spotify:track:78QR3Wp35dqAhFEc2qAGjE","Lil Baby, Gunna","Drip Too Hard (Lil Baby & Gunna)","Quality Control Music/Young Stoner Life Records, a 300 Entertainment Label/Motown Records/Capitol Records",1,192,119,"1554707"
155,"spotify:track:096YtKWNRXdmYKFLelSBto","Morgan Wallen","Still Goin Down","Big Loud / Republic",41,-1,3,"1547162"
156,"spotify:track:6J2LdBN97cDWn0MLxYh9HB","Noah Cyrus","July","Records/Columbia",56,-1,61,"1545436"
157,"spotify:track:7AQim7LbvFVZJE3O8TYgf2","XXXTENTACION, Trippie Redd","Fuck Love","Bad Vibes Forever / EMPIRE",8,-1,169,"1542993"
158,"spotify:track:3jT2LKH0RSbQ8jIUNFzXm5","G Herbo, Lil Uzi Vert, Juice WRLD, Chance the Rapper","PTSD","Machine Entertainment Group - G Herbo",31,-1,39,"1540770"
159,"spotify:track:2xLMifQCjDGFmkHkpNLD9h","Travis Scott","SICKO MODE","Cactus Jack / Epic",1,-1,124,"1530944"
160,"spotify:track:5IUtvfNvOyVYZUa6AJFrnP","Ty Dolla $ign, Post Malone","Spicy (feat. Post Malone)","Atlantic Records",14,-1,6,"1529173"
161,"spotify:track:2IVsRhKrx8hlQBOWy4qebo","Ricky Montgomery","Mr. Loverman","Warner Records",155,-1,5,"1527829"
162,"spotify:track:3nS9a01VvXHQriLqJYwRqG","Gunna, Young Thug","DOLLAZ ON MY HEAD (feat. Young Thug)","300 Entertainment",19,-1,30,"1527060"
163,"spotify:track:6KfoDhO4XUWSbnyKjNp9c4","Conan Gray","Maniac","Republic Records",73,-1,49,"1523149"
164,"spotify:track:2Z71PZlOeF9YVze4hy1A1a","Megan Thee Stallion, Beyoncé","Savage Remix (feat. Beyoncé)","300 Entertainment",5,-1,29,"1520327"
165,"spotify:track:39Yp9wwQiSRIDOvrVg7mbk","THE SCOTTS, Travis Scott, Kid Cudi","THE SCOTTS","Cactus Jack / Epic",1,-1,30,"1515457"
166,"spotify:track:33gwZOGJWEZ7dRWPqPxBEZ","Big Sean, Post Malone","Wolves (feat. Post Malone)","Getting Out Our Dreams, Inc./Def Jam Recordings",19,-1,14,"1502029"
167,"spotify:track:0e7ipj03S05BNilyu5bRzt","Post Malone, 21 Savage","rockstar (feat. 21 Savage)","Republic Records",1,-1,166,"1499646"
168,"spotify:track:73YUReisjb3A9ActdLLjJQ","Taylor Swift","happiness","Taylor Swift",8,158,4,"1498512"
169,"spotify:track:07KXEDMj78x68D884wgVEm","Roddy Ricch, Mustard","High Fashion (feat. Mustard)","Atlantic Records",5,-1,49,"1498381"
170,"spotify:track:6MDdceLYec4AxohmorE4vH","Jack Harlow, Lil Baby","Face Of My City (feat. Lil Baby)","Generation Now/Atlantic",88,-1,3,"1486915"
171,"spotify:track:5wujBwqG7INdStqGd4tRMX","Juice WRLD","Armed And Dangerous","Juice WRLD Mixtape / ISR P&D",9,-1,105,"1486897"
172,"spotify:track:0GO8y8jQk1PkHzS31d699N","GROUPLOVE","Tongue Tied","Canvasback/ATL",119,-1,34,"1486811"
173,"spotify:track:6eVxH9Kyanzrw636zJRPcw","Lil Baby","Errbody","Quality Control Music/Motown Records",42,184,5,"1483378"
174,"spotify:track:0vVMlbdYx2080Oa9FndPZr","Taylor Swift","long story short","Taylor Swift",16,177,4,"1460270"
175,"spotify:track:3ZCTVFBt2Brf31RLEnCkWJ","Billie Eilish","everything i wanted","Darkroom/Interscope Records",1,-1,57,"1454612"
176,"spotify:track:2L4YgbxxwmwafMqLIjSx8q","Morgan Wallen","Livin’ The Dream","Loud / Republic",85,-1,2,"1454487"
177,"spotify:track:2wrJq5XKLnmhRXHIAf9xBa","Dan + Shay, Justin Bieber","10,000 Hours (with Justin Bieber)","Warner Music Nashville",2,-1,61,"1454483"
178,"spotify:track:466cKvZn1j45IpxDdYZqdA","Drake","Toosie Slide","OVO",1,-1,33,"1450285"
179,"spotify:track:003vvx7Niy0yvhvHt4a68B","The Killers","Mr. Brightside","Island Records",168,-1,24,"1446824"
180,"spotify:track:7yiSvALPjMrBLDDrbcDRNy","Megan Thee Stallion","Girls in the Hood","300 Entertainment",37,-1,25,"1445303"
181,"spotify:track:75ZvA4QfFiZvzhj2xkaWAh","Post Malone","I Fall Apart","Universal Records",2,-1,167,"1429784"
182,"spotify:track:5uCax9HTNlzGybIStD3vDh","James Arthur","Say You Won't Let Go","Columbia",15,-1,130,"1427878"
183,"spotify:track:4wVOKKEHUJxHCFFNUWDn0B","Drake, Giveon","Chicago Freestyle (feat. Giveon)","OVO",10,-1,30,"1426024"
184,"spotify:track:23T0OX7QOiIUFShSzbJ5Uo","Gabby Barrett","I Hope","Warner Music Nashville",72,-1,43,"1425054"
185,"spotify:track:6ft4hAq6yde8jPZY2i5zLr","MEDUZA, Dermot Kennedy","Paradise (feat. Dermot Kennedy)","Universal-Island Records Ltd.",185,-1,1,"1412716"
186,"spotify:track:4R2kfaDFhslZEMJqAFNpdd","Taylor Swift","cardigan","Taylor Swift",1,-1,18,"1411073"
187,"spotify:track:59qrUpoplZxbIZxk6X0Bm3","Jason Derulo","Take You Dancing","Atlantic Records",110,-1,15,"1403047"
188,"spotify:track:6cx06DFPPHchuUAcTxznu9","Joel Corry, MNEK","Head & Heart (feat. MNEK)","Atlantic Records UK",58,-1,17,"1401696"
189,"spotify:track:4vLBnQtece15fFhqWxZvJP","Wilbur Soot","Your New Boyfriend","Wilbur Soot",152,-1,2,"1401032"
190,"spotify:track:1Z0cZI0UzNbP9L8MzzGxqf","NLE Choppa, Roddy Ricch","Walk Em Down (feat. Roddy Ricch)","Warner Records",11,-1,35,"1396575"
191,"spotify:track:7dH9TPjTWQ60wOJkmYay8a","Internet Money, Trippie Redd, Diplo, Juice WRLD","Blastoff (feat. Juice WRLD)","Homemade Projects / 10K Projects",18,-1,15,"1392294"
192,"spotify:track:6ocbgoVGwYJhOv1GgI9NsF","Ariana Grande","7 rings","Republic Records",1,-1,78,"1389669"
193,"spotify:track:7Jd0VVrzeTTWipxSzJ81aC","Morgan Wallen","Cover Me Up","Loud / Republic",143,-1,13,"1385491"
194,"spotify:track:2HbKqm4o0w5wEeEFXm2sD4","Kendrick Lamar, Jay Rock","Money Trees","Aftermath",88,-1,16,"1382357"
195,"spotify:track:7xQAfvXzm3AkraOtGPWIZg","Post Malone","Wow.","Republic Records",2,-1,100,"1380591"
196,"spotify:track:6XHVuErjQ4XNm6nDPVCxVX","Chris Brown, Drake","No Guidance (feat. Drake)","Chris Brown Entertainment/RCA Records",5,-1,78,"1380330"
197,"spotify:track:3oDkdAySo1VQQG0ptV7uwa","Juice WRLD","Lean Wit Me","Juice WRLD Mixtape / ISR P&D",28,-1,95,"1380268"
198,"spotify:track:3fqwjXwUGN6vbzIwvyFMhx","Chris Stapleton","Tennessee Whiskey","Mercury Nashville",159,-1,12,"1379503"
199,"spotify:track:0e4A9Fak1nJ7RtBD8YpoEo","Lil Eazzyy","Onna Come Up","P2020",112,-1,7,"1371960"
200,"spotify:track:2QqJTIlGKRLJC3onkavYEz","Polo G, Juice WRLD","Flex (feat. Juice WRLD)","Columbia",22,-1,27,"1370590"
