﻿rank,uri,artist_names,track_name,source,peak_rank,previous_rank,weeks_on_chart,streams
1,"spotify:track:4ZtFanR9U6ndgddUvNcjcG","Olivia Rodrigo","good 4 u","Olivia Rodrigo PS",1,1,8,"12960250"
2,"spotify:track:3DarAbFujv6eYNliUTyqtz","Doja Cat, SZA","Kiss Me More (feat. SZA)","Kemosabe Records/RCA Records",1,2,13,"8876571"
3,"spotify:track:6HU7h9RYOaPRFeh0R3UeAr","Olivia Rodrigo","deja vu","Olivia Rodrigo PS",2,5,14,"6926114"
4,"spotify:track:5nujrmhLynf4yMoMtj8AQF","Dua Lipa, DaBaby","Levitating (feat. DaBaby)","Warner Records",4,6,40,"6828872"
5,"spotify:track:67BtfxlNbhBmCDR2L2l8qd","Lil Nas X","MONTERO (Call Me By Your Name)","Columbia",1,9,15,"6632746"
6,"spotify:track:18vXApRmJSgQ6wG2ll9AOg","Polo G","RAPSTAR","Columbia",1,7,13,"6498615"
7,"spotify:track:5CZ40GBx1sQ9agT82CLQCT","Olivia Rodrigo","traitor","Olivia Rodrigo PS",3,13,7,"6458471"
8,"spotify:track:3Wrjm47oTz2sjIgck11l5e","Måneskin","Beggin'","RCA Records Label",8,29,3,"6331645"
9,"spotify:track:0k4d5YPDr1r7FX77VdqWez","Doja Cat, The Weeknd","You Right","Kemosabe Records/RCA Records",4,4,2,"6168667"
10,"spotify:track:6PQ88X9TkUIAUIZJHW2upE","Ed Sheeran","Bad Habits","Atlantic Records UK",8,8,2,"5932293"
11,"spotify:track:5zNW5ARjYhJQJz1AChP33n","Megan Thee Stallion","Thot Shit","300 Entertainment",11,15,4,"5609259"
12,"spotify:track:5B0kgjHULYJhAQkK5XsMoC","Tyler, The Creator, YoungBoy Never Broke Again, Ty Dolla $ign","WUSYANAME (feat. Youngboy Never Broke Again & Ty Dolla $ign)","Columbia",3,3,2,"5508588"
13,"spotify:track:5lAnYvAIkSDNXqfo7DyFUm","Doja Cat","Ain't Shit","Kemosabe Records/RCA Records",11,11,2,"5466737"
14,"spotify:track:02MWAaffLxlfxAUY7c5dvx","Glass Animals","Heat Waves","Polydor Records",12,18,32,"5302849"
15,"spotify:track:65OVbaJR5O1RmwOQx0875b","Drake, Lil Baby","Wants and Needs (feat. Lil Baby)","OVO",2,17,18,"5270908"
16,"spotify:track:5JCoSi02qi3jJeHdZXMmR8","Olivia Rodrigo","favorite crime","Olivia Rodrigo PS",5,26,7,"5095844"
17,"spotify:track:2JPLbjOn0wPCngEot2STUS","Bad Bunny","Yonaguni","Rimas Entertainment LLC",5,19,5,"5071572"
18,"spotify:track:4iJyoBOLtHqaGxP12qzhQI","Justin Bieber, Daniel Caesar, Giveon","Peaches (feat. Daniel Caesar & Giveon)","RBMG/Def Jam",1,23,16,"4956776"
19,"spotify:track:2tGvwE8GcFKwNdAXMnlbfl","Olivia Rodrigo","happier","Olivia Rodrigo PS",5,27,7,"4641121"
20,"spotify:track:5RwV8BvLfX5injfqYodke9","Rauw Alejandro","Todo De Ti","Sony Music Latin/Duars Entertainment",18,22,6,"4481572"
21,"spotify:track:6SRsiMl7w1USE4mFqrOhHC","Olivia Rodrigo","brutal","Olivia Rodrigo PS",4,31,7,"4410777"
22,"spotify:track:5wANPM4fQCJwkGd4rN57mH","Olivia Rodrigo","drivers license","Olivia Rodrigo PS",1,32,26,"4345047"
23,"spotify:track:7MAibcTli4IisCtbHKrGMh","Bruno Mars, Anderson .Paak, Silk Sonic","Leave The Door Open","Aftermath Entertainment/Atlantic",4,37,18,"4197270"
24,"spotify:track:0BGwAKW4u8kWOhWFflZxfl","Masked Wolf","Astronaut In The Ocean","Elektra (NEK)",4,34,22,"4043813"
25,"spotify:track:37BZB0z9T8Xu7U3e65qxFy","The Weeknd, Ariana Grande","Save Your Tears (with Ariana Grande) (Remix)","Republic Records",5,36,11,"4039518"
26,"spotify:track:0MMyJUC3WNnFS1lit5pTjk","Olivia Rodrigo","jealousy, jealousy","Olivia Rodrigo PS",10,40,7,"3975256"
27,"spotify:track:1QL7nSDZCwZMnbisV4KOXt","WILLOW, Travis Barker","t r a n s p a r e n t s o u l feat. Travis Barker","MSFTSMusic / Roc Nation Records, LLC",20,35,8,"3895620"
28,"spotify:track:2bgTY4UwhfBYhGT4HUYStN","BTS","Butter","BIGHIT MUSIC",13,39,7,"3701922"
29,"spotify:track:3Vi5XqYrmQgOYBajMWSvCi","Doja Cat","Need to Know","Kemosabe Records/RCA Records",17,24,4,"3660112"
30,"spotify:track:0cu0rhnlCnJ7JIeHRiLpj3","DaBaby","Ball If I Want To","South Coast Music Group/Interscope Records",28,57,3,"3648809"
31,"spotify:track:1EJIcDYXwSqipW5dFe4uJz","DJ Khaled, Lil Baby, Lil Durk","EVERY CHANCE I GET (feat. Lil Baby & Lil Durk)","Epic/We The Best",24,58,10,"3609431"
32,"spotify:track:1YDebgap5OFwXEBG18NJvy","DaBaby","Red Light Green Light","South Coast Music Group/Interscope Records",32,42,2,"3487781"
33,"spotify:track:3FAJ6O0NOHQV8Mc5Ri6ENp","Giveon","Heartbreak Anniversary","Epic/Not So Fast",9,44,22,"3323093"
34,"spotify:track:0VjIjW4GlUZAMYd2vXMi3b","The Weeknd","Blinding Lights","Republic Records",1,52,84,"3237960"
35,"spotify:track:2BITQ360Knh6qNAOqR7Dyq","Trippie Redd, Playboi Carti","Miss The Rage","Homemade Projects / 10K Projects",4,48,9,"3189781"
36,"spotify:track:5zFglKYiknIxks8geR8rcL","Maroon 5, Megan Thee Stallion","Beautiful Mistakes (feat. Megan Thee Stallion)","Interscope Records*",29,46,17,"3129059"
37,"spotify:track:7nc7mlSdWYeFom84zZ8Wr8","Cochise, $NOT","Tell Em","Columbia",26,54,6,"3108542"
38,"spotify:track:7z4xW9WY86uH3gd1V9pfCM","Tyler, The Creator, Lil Uzi Vert, Pharrell Williams","JUGGERNAUT (feat. Lil Uzi Vert & Pharrell Williams)","Columbia",10,10,2,"3091555"
39,"spotify:track:20BOju91NaEFK5Py4VJ2pp","Saweetie, Doja Cat","Best Friend (feat. Doja Cat)","ICY/Warner Records",12,49,26,"3064931"
40,"spotify:track:2TOzTqQXNmR2zDJXihjZ2e","Olivia Rodrigo","enough for you","Olivia Rodrigo PS",6,50,7,"3064133"
41,"spotify:track:1fxYz1s15pyZLsJT0Hdh1m","Roddy Ricch","late at night","Atlantic Records",24,53,5,"3013772"
42,"spotify:track:48WidxP9CqyYtk97pwGZ3c","Brent Faiyaz, Drake, The Neptunes","Wasting Time ( feat. Drake & The Neptunes )","Lost kids",42,-1,1,"2990783"
43,"spotify:track:1M4OcYkxAtu3ErzSgDEfoi","Cardi B","Up","Atlantic Records",3,55,22,"2957555"
44,"spotify:track:0NmuYnjETG3u3qx0OmEJev","Nelly, Florida Georgia Line","Lil Bit","Records/Columbia",44,66,11,"2866556"
45,"spotify:track:4qu63nuBpdn0qHUHuObEj1","Marshmello, Jonas Brothers","Leave Before You Love Me (with Jonas Brothers)","Republic Records",45,59,7,"2792067"
46,"spotify:track:4MzXwWMhyBbmu6hOcLVD49","Bad Bunny, Jhayco","DÁKITI","Rimas Entertainment LLC",1,62,36,"2769037"
47,"spotify:track:7BoobGhD4x5K96Me0hqC8Q","Bella Poarch","Build a Bitch","Warner Records",28,56,8,"2705257"
48,"spotify:track:4jPy3l0RUwlUI9T5XHBW2m","24kGoldn, iann dior","Mood (feat. iann dior)","Records/Columbia",2,78,48,"2668630"
49,"spotify:track:7EkWXAI1wn8Ii883ecd9xr","Surf Curse","Freaks","Surf Curse",49,77,11,"2659963"
50,"spotify:track:6tDDoYIxWvMLTdKpjFkc1B","Kali Uchis","telepatía","EMI / Interscope",4,60,21,"2654923"
51,"spotify:track:4pt5fDVTg5GhEvEtlz9dKk","Måneskin","I WANNA BE YOUR SLAVE","RCA Records Label",51,108,3,"2652754"
52,"spotify:track:4wcBRRpIfesgcyUtis7PEg","Olivia Rodrigo","1 step forward, 3 steps back","Olivia Rodrigo PS",8,64,7,"2635520"
53,"spotify:track:3rV5y8rcQrwRt9fWGLmjOQ","Bo Burnham","All Eyes On Me","Bo Burnham",51,51,4,"2626268"
54,"spotify:track:6UelLqGlWMcVH1E5c4H7lY","Harry Styles","Watermelon Sugar","Columbia",4,85,86,"2605037"
55,"spotify:track:05bfbizlM5AX6Mf1RRyMho","Nio Garcia, J Balvin, Bad Bunny","AM Remix","Flow La Movie",55,61,2,"2589111"
56,"spotify:track:7kDUspsoYfLkWnZR7qwHZl","Machine Gun Kelly, blackbear","my ex's best friend (with blackbear)","Bad Boy/Interscope Records",11,70,48,"2588027"
57,"spotify:track:5fbHRCsGpFIOLRtlhCRFDR","Tyler, The Creator, 42 Dugg","LEMONHEAD (feat. 42 Dugg)","Columbia",12,12,2,"2581678"
58,"spotify:track:6IBcOGPsniK3Pso1wHIhew","Luke Combs","Forever After All","River House Artists/Columbia Nashville",2,84,37,"2581558"
59,"spotify:track:3ZozFqJJlDBNIm4xqxn2ZD","Walker Hayes","Fancy Like","Monument Records",59,188,2,"2567761"
60,"spotify:track:0BiK5BbYNFLb88CCOxBFJe","Tyler, The Creator","LUMBERJACK","Columbia",14,14,4,"2537366"
61,"spotify:track:2QjOHCTQ1Jl3zawyYOpxh6","The Neighbourhood","Sweater Weather","Columbia",19,76,46,"2516870"
62,"spotify:track:3YJJjQPAbDT7mGpX3WtQ9A","SZA","Good Days","Top Dawg Entertainment/RCA Records",1,75,28,"2515425"
63,"spotify:track:1D3z6HTiQsNmZxjl7F7eoG","J. Cole, 21 Savage, Morray","m y . l i f e (with 21 Savage & Morray)","Dreamville, Inc., Under exclusive license to Roc Nation Records",2,71,8,"2502565"
64,"spotify:track:0FFsgUoFibYISzMxuGS61W","Doja Cat, Ariana Grande","I Don't Do Drugs (feat. Ariana Grande)","Kemosabe Records/RCA Records",33,33,2,"2462357"
65,"spotify:track:1VLtjHwRWOVJiE5Py7JxoQ","Polo G","Martin & Gina","Columbia",23,82,49,"2419315"
66,"spotify:track:21jGcNKet2qwijlDFuPiPb","Post Malone","Circles","Republic Records",1,91,97,"2396408"
67,"spotify:track:0RiRZpuVRbi7oqRdSMwhQY","Post Malone, Swae Lee","Sunflower - Spider-Man: Into the Spider-Verse","Republic Records",1,97,142,"2383588"
68,"spotify:track:25AvaE23MXl06YRtQcQoJS","Bo Burnham","Welcome to The Internet","Bo Burnham",61,83,4,"2382615"
69,"spotify:track:6rTInqW3YECMkQsBEHw4sd","Young Stoner Life, Young Thug, Gunna, Drake","Solid (feat. Drake)","300 Entertainment",7,87,12,"2379019"
70,"spotify:track:60ynsPSSKe6O3sfwRnIBRf","Doja Cat","Streets","Kemosabe Records/RCA Records",3,80,26,"2376115"
71,"spotify:track:3eBnEo9WL34ulBCZlLpUQO","Zac Brown Band","Chicken Fried","Home Grown Music",71,181,7,"2373319"
72,"spotify:track:1aU1wpYBSpP0M6IiihY5Ue","Big Red Machine, Taylor Swift","Renegade","Jagjaguwar",72,-1,1,"2372851"
73,"spotify:track:3EG9FJ0ToLfgnc1IG2Z1wz","Tyler, The Creator, Brent Faiyaz, Fana Hues","SWEET / I THOUGHT YOU WANTED TO DANCE (feat. Brent Faiyaz & Fana Hues)","Columbia",21,21,2,"2322939"
74,"spotify:track:0W6I02J9xcqK8MtSeosEXb","Doja Cat","Get Into It (Yuh)","Kemosabe Records/RCA Records",45,45,2,"2314689"
75,"spotify:track:5W8jRrZ6tWrTrqnKRtIQBf","J. Cole, Lil Baby","p r i d e . i s . t h e . d e v i l (with Lil Baby)","Dreamville, Inc., Under exclusive license to Roc Nation Records",4,81,8,"2310888"
76,"spotify:track:0ofHAoxe9vBkTCp2UQIavz","Fleetwood Mac","Dreams - 2004 Remaster","Rhino/Warner Records",6,111,44,"2271996"
77,"spotify:track:3J8EOeKLTLXORtWPpOU5bE","Lil Tjay, 6LACK","Calling My Phone","Columbia",1,89,21,"2258245"
78,"spotify:track:1zejeOnykpCoyVSit6Bwp3","Olivia Rodrigo","hope ur ok","Olivia Rodrigo PS",12,88,7,"2249780"
79,"spotify:track:6hf0RpxTbOprT5nnwzkk8e","J Balvin, Maria Becerra","Qué Más Pues?","Sueños Globales, LLC",79,129,3,"2233023"
80,"spotify:track:21UkXrc9kD48rNpTMI2ecz","Lil Tecca","NEVER LEFT","Galactic / Republic Records",20,86,9,"2217586"
81,"spotify:track:2IePEfMAtqWS6rLXXFZIgI","Internet Money, Gunna, Don Toliver, Lil Uzi Vert","His & Hers (feat. Don Toliver & Lil Uzi Vert)","Internet Money / 10K Projects",50,95,8,"2206591"
82,"spotify:track:4TIqzdAssasqx3DAe6cG9J","Joyner Lucas, Lil Baby","Ramen & OJ","Twenty Nine Music Group",35,94,10,"2197208"
83,"spotify:track:3JJL91ilRV6fXhKqu0FGXs","Tyler, The Creator, Lil Wayne","HOT WIND BLOWS (feat. Lil Wayne)","Columbia",16,16,2,"2191994"
84,"spotify:track:0ezwvY7TkCwDEkKR49084k","Polo G, Lil Wayne","GANG GANG (with Lil Wayne)","Columbia",25,93,7,"2191178"
85,"spotify:track:0nqhKXDjsyBMvbeWmgijD0","Moneybagg Yo","Wockesha","CMG/N-Less/Interscope Records",56,103,8,"2173744"
86,"spotify:track:27OeeYzk6klgBh83TSvGMA","The Kid LAROI","WITHOUT YOU","Columbia",8,96,34,"2129413"
87,"spotify:track:3E7dfMvvCLUddWissuqMwr","Miley Cyrus","Party In The U.S.A.","Hollywood Records",87,-1,5,"2113064"
88,"spotify:track:62vpWI1CHwFy7tMIcSStl8","J. Cole","No Role Modelz","Roc Nation Records LLC",45,105,178,"2106310"
89,"spotify:track:2NM0qHzx4Ohy8iXHEEgwlO","Migos, Drake","Having Our Way (feat. Drake)","Quality Control Music/Motown Records",14,65,4,"2071176"
90,"spotify:track:7hxHWCCAIIxFLCzvDgnQHX","Internet Money, Gunna, Don Toliver, NAV","Lemonade (feat. NAV)","Internet Money Records / TenThousand Projects",1,109,47,"2059197"
91,"spotify:track:4VXIryQMWpIdGgYR4TrjT1","Juice WRLD","All Girls Are The Same","Juice WRLD Mixtape / ISR P&D",13,110,167,"2054918"
92,"spotify:track:46oHvXwpEZOFX518we1nJD","Tyler, The Creator","CORSO","Columbia",20,20,2,"2046119"
93,"spotify:track:1mAey8kEPmDM2icL56kS9d","42 Dugg, Roddy Ricch","4 Da Gang (with Roddy Ricch)","NEW CMG 42 Dugg P&D",43,98,14,"2044900"
94,"spotify:track:7ytR5pFWmSjzHJIeQkgog4","DaBaby, Roddy Ricch","ROCKSTAR (feat. Roddy Ricch)","South Coast Music Group/Interscope Records",1,102,64,"2037108"
95,"spotify:track:4lUmnwRybYH7mMzf16xB0y","Lil Baby, Lil Durk, Travis Scott","Hats Off (feat. Travis Scott)","Quality Control Music/Alamo Records/Motown Records",27,100,5,"2035748"
96,"spotify:track:2xdwCJLfKCkat14mlgR26M","Billie Eilish","Lost Cause","Darkroom/Interscope Records",13,90,6,"2025773"
97,"spotify:track:003vvx7Niy0yvhvHt4a68B","The Killers","Mr. Brightside","Island Records",94,131,49,"2002787"
98,"spotify:track:1nahzW3kfMuwReTka28tH5","Justin Bieber","Hold On","RBMG/Def Jam",3,106,18,"2002577"
99,"spotify:track:285pBltuF7vW8TeWk8hdRR","Juice WRLD","Lucid Dreams","Juice WRLD Mixtape / ISR P&D",1,115,166,"1998574"
100,"spotify:track:1sx0XsWUusUoPstbvokZjP","Tai Verdes","AOK","Arista Records",100,141,4,"1997567"
101,"spotify:track:2SAqBLGA283SUiwJ3xOUVI","Drake, Lil Durk","Laugh Now Cry Later (feat. Lil Durk)","OVO",2,118,47,"1996411"
102,"spotify:track:3aQem4jVGdhtg116TmJnHz","Drake","What’s Next","OVO",1,119,18,"1992505"
103,"spotify:track:51pshtuYkgUQnt5huMPbKL","Mac Miller, Empire of the Sun","The Spins","Rostrum Records",98,113,19,"1960439"
104,"spotify:track:0PvFJmanyNQMseIFrU708S","Pop Smoke, Lil Baby, DaBaby","For The Night (feat. Lil Baby & DaBaby)","Victor Victor Worldwide",2,120,53,"1959939"
105,"spotify:track:2U5WueTLIK5WJLD7mvDODv","Juice WRLD","Wishing Well","Grade A Productions/Interscope Records",1,123,52,"1948471"
106,"spotify:track:5QO79kh1waicV47BqGRL3g","The Weeknd","Save Your Tears","Republic Records",2,121,32,"1946744"
107,"spotify:track:5uEYRdEIh9Bo4fpjDd4Na9","Travis Scott, HVME","Goosebumps - Remix","Cactus Jack/Epic",36,101,25,"1943072"
108,"spotify:track:0Kdj7nwaYQmvhxnqZaIQuW","Bo Burnham","Bezos I","Bo Burnham",108,170,3,"1942697"
109,"spotify:track:4eNOLmx8r2IJAVKvBBL1jv","Lil Tjay, Polo G, Fivio Foreign","Headshot (feat. Polo G & Fivio Foreign)","Columbia",18,116,16,"1926575"
110,"spotify:track:6Uj1ctrBOjOas8xZXGqKk4","Doja Cat","Woman","Kemosabe Records/RCA Records",47,47,2,"1918732"
111,"spotify:track:6foY66mWZN0pSRjZ408c00","Morgan Wallen","Whiskey Glasses","Big Loud Records",59,136,115,"1912245"
112,"spotify:track:2Y0wPrPQBrGhoLn14xRYCG","Juice WRLD, Marshmello","Come & Go (with Marshmello)","Grade A Productions/Interscope Records",1,126,52,"1898837"
113,"spotify:track:4XvcHTUfIlWfyJTRG0aqlo","Sleepy Hallow","2055","Winners Circle/RCA Records",113,142,3,"1898293"
114,"spotify:track:0ZLuW8uOXdFNWcI40C0OC2","Jack Harlow, Tory Lanez, DaBaby, Lil Wayne","Whats Poppin (feat. DaBaby, Tory Lanez & Lil Wayne) [Remix] - Bonus Track","Generation Now/Atlantic",2,127,55,"1897168"
115,"spotify:track:4Oun2ylbjFKMPTiaSbbCih","Cardi B, Megan Thee Stallion","WAP (feat. Megan Thee Stallion)","Atlantic/KSR",1,128,48,"1895289"
116,"spotify:track:23OYT3SFtoJqhiAUqktbc1","Polo G, The Kid LAROI, Lil Durk","No Return (with The Kid LAROI & Lil Durk)","Columbia",23,99,4,"1881925"
117,"spotify:track:7FGdjbZ32vMybPuP0IuE7d","Pooh Shiesty, Lil Durk","Back in Blood (feat. Lil Durk)","Atlantic Records",9,124,26,"1878109"
118,"spotify:track:1diS6nkxMQc3wwC4G1j0bh","Dua Lipa","We're Good","Warner Records",20,117,21,"1863450"
119,"spotify:track:7e89621JPkKaeDSTQ3avtg","Lynyrd Skynyrd","Sweet Home Alabama","Geffen*",119,-1,2,"1841011"
120,"spotify:track:5yorXJWdBan1Vlh116ZtQ7","BIA","WHOLE LOTTA MONEY","Epic",93,107,10,"1834252"
121,"spotify:track:3PfIrDoz19wz7qK7tYeu62","Dua Lipa","Don't Start Now","Warner Records",5,125,84,"1802850"
122,"spotify:track:15EH2glphTjcarRjAsc0EB","Migos","Straightenin","Quality Control Music/Motown Records",30,114,8,"1797228"
123,"spotify:track:4BP3uh0hFLFRb5cjsgLqDh","Creedence Clearwater Revival","Fortunate Son","Craft Recordings",123,-1,1,"1796214"
124,"spotify:track:5E30LdtzQTGqRvNd7l6kG5","The Neighbourhood","Daddy Issues","Columbia",59,134,43,"1776113"
125,"spotify:track:1tkg4EHVoqnhR6iFEXb60y","Pop Smoke","What You Know Bout Love","Victor Victor Worldwide",6,133,45,"1775635"
126,"spotify:track:3ggtU1ZOKO8ZNiqPNyXGcm","Trinidad Cardona","Dinero","Run It Up Records/Island",93,122,4,"1751405"
127,"spotify:track:2d1MywHy6FwKdzxFuSJnwl","Imagine Dragons","Wrecked","KIDinaKORNER/Interscope Records",127,-1,1,"1734440"
128,"spotify:track:5ajjAnNRh8bxFvaVHzpPjh","Madison Beer","Reckless","Epic/Sing It Loud",128,-1,1,"1728910"
129,"spotify:track:22LAwLoDA5b4AaGSkg6bKW","Lil Mosey","Blueberry Faygo","Mogul Vision/Interscope Records",2,137,74,"1728905"
130,"spotify:track:3KdoeNlEN0BoAKWzaRLNZa","Lorde","Solar Power","Universal Music New Zealand Limited",15,92,4,"1722810"
131,"spotify:track:6Hj9jySrnFppAI0sEMCZpJ","Juice WRLD","Robbery","Grade A Productions/Interscope Records",3,138,125,"1721487"
132,"spotify:track:4bHsxqR3GMrXTxEPLuK5ue","Journey","Don't Stop Believin' (2022 Remaster)","Columbia/Legacy",132,168,29,"1719582"
133,"spotify:track:0nbXyq5TXYPCO7pr3N8S4I","Roddy Ricch","The Box","Atlantic Records",1,145,83,"1716861"
134,"spotify:track:6755DFiZ7CWe2WMdTGW5C1","Young Stoner Life, Young Thug, Gunna","Ski","300 Entertainment",18,158,12,"1709044"
135,"spotify:track:2GiJYvgVaD2HtM8GqD9EgQ","BØRNS","Electric Love","UMGRI Interscope",44,139,54,"1700351"
136,"spotify:track:1dg3qy5DjoJodawfOCgrTP","Lil Tjay, Offset, Moneybagg Yo","Run It Up (feat. Offset & Moneybagg Yo)","Columbia",28,150,14,"1700055"
137,"spotify:track:7LAmsNJpBaNvNg7VZPXxSv","Sarah Cothran","As the World Caves In","Republic Records",137,144,3,"1692145"
138,"spotify:track:6gBFPUFcJLzWGx4lenP6h2","Travis Scott","goosebumps","Cactus Jack / Epic",8,147,236,"1685331"
139,"spotify:track:472vIK1ldetTxRxG3ovaiY","Dan + Shay","Glad You Exist","Warner Music Nashville",64,-1,17,"1682947"
140,"spotify:track:7d8dqy6GbiUqotcTSs0jXg","Bo Burnham","Look Who’s Inside Again","Bo Burnham",91,132,4,"1682292"
141,"spotify:track:6oIahjoSHQ3GQJg0hrLdzY","dvsn, Ty Dolla $ign, Mac Miller","I Believed It (feat. Mac Miller)","OVO Sound",141,-1,1,"1680372"
142,"spotify:track:0uxSUdBrJy9Un0EYoBowng","Lil Uzi Vert","20 Min","Generation Now/Atlantic",93,149,74,"1676531"
143,"spotify:track:3xdjjKMcMOFgo1eQrfbogM","Darius Rucker","Wagon Wheel","Capitol Records Nashville",143,-1,3,"1675342"
144,"spotify:track:4iXDn9pu5Q9sxv45vE8Lak","Chris Young, Kane Brown","Famous Friends","RCA Records Label Nashville",111,140,6,"1673618"
145,"spotify:track:1TwQ0XtQfCgcstxhpOSg7t","G Herbo, Polo G, Lil Tjay","Cry No More","Machine Entertainment Group - G Herbo",145,-1,1,"1668611"
146,"spotify:track:7qEHsqek33rTcFNT9PFqLf","Lewis Capaldi","Someone You Loved","Vertigo Berlin",6,146,115,"1665645"
147,"spotify:track:3fqwjXwUGN6vbzIwvyFMhx","Chris Stapleton","Tennessee Whiskey","Mercury Nashville",135,169,30,"1665548"
148,"spotify:track:0lkQOB949M2gLyut86aJ1b","Cage The Elephant","Cigarette Daydreams","RCA Records Label",128,156,20,"1665169"
149,"spotify:track:3cBsEDNhFI9E82vPj3kvi3","Morgan Wallen","Wasted On You","Big Loud / Republic",3,160,26,"1643703"
150,"spotify:track:13HsOwrwTA5HgLuoaDHncP","Tyler, The Creator, Teezo Touchdown","RUNITUP (feat. Teezo Touchdown)","Columbia",30,30,2,"1639307"
151,"spotify:track:161DnLWsx1i3u1JT05lzqU","Bruno Mars","Talking to the Moon","Atlantic Records",64,152,16,"1637465"
152,"spotify:track:0GO8y8jQk1PkHzS31d699N","GROUPLOVE","Tongue Tied","Canvasback/ATL",107,153,60,"1634949"
153,"spotify:track:5OELUCYgOHKFAvCERnAvfS","Morgan Wallen","More Than My Hometown","Big Loud / Republic",21,175,63,"1625265"
154,"spotify:track:7CIERzyqIwLVKGp00YbHRO","PinkPantheress","Pain","Parlophone UK",154,-1,1,"1620465"
155,"spotify:track:1K5KBOgreBi5fkEHvg5ap3","Future, Drake","Life Is Good (feat. Drake)","Epic/Freebandz",2,155,78,"1596403"
156,"spotify:track:5K6Ssv4Z3zRvxt0P6EKUAP","Galantis, David Guetta, Little Mix","Heartbreak Anthem (with David Guetta & Little Mix)","Big Beat Records",153,157,6,"1596256"
157,"spotify:track:6aHoPULNO7pSL2ZfUY0bU8","SoFaygo","Knock Knock","Cactus Jack",134,177,10,"1595728"
158,"spotify:track:26BMsCXJpD7eYtP7ufhApC","Blueface, OG Bobby Billions","Outside (Better Days)","5th Amendment / Entertainment One / Billionaire Music Group / EMPIRE",158,166,2,"1578291"
159,"spotify:track:2rxQMGVafnNaRaXlRMWPde","Luke Combs","Beautiful Crazy","River House Artists/Columbia Nashville",61,171,154,"1574632"
160,"spotify:track:2goHCrsDJaflEwQ930ef0o","Tyler, The Creator","MASSA","Columbia",28,28,2,"1571410"
161,"spotify:track:45bE4HXI0AwGZXfZtMp8JR","Tate McRae","you broke me first","RCA Records Label",16,151,51,"1570824"
162,"spotify:track:2mt1IqcFyY1zmYZT8Q3xw9","blackbear","hot girl bummer","Alamo",4,162,98,"1558625"
163,"spotify:track:35mvY5S1H3J2QZyna3TFe0","Ariana Grande","positions","Republic Records",1,161,37,"1555784"
164,"spotify:track:6Im9k8u9iIzKMrmV7BWtlF","Ariana Grande","34+35","Republic Records",2,130,36,"1555276"
165,"spotify:track:1J14CdDAvBTE1AJYUOwl6C","Duncan Laurence","Arcade","Universal Music, a division of Universal International Music BV",60,167,21,"1550981"
166,"spotify:track:7aEtlGHoiPAfRB084NiDmx","Luke Combs","Beer Never Broke My Heart","River House Artists/Columbia Nashville",51,-1,36,"1544627"
167,"spotify:track:1mMLMZYXkMueg65jRRWG1l","Luke Combs","When It Rains It Pours","River House Artists/Columbia Nashville",123,-1,69,"1541007"
168,"spotify:track:6K4t31amVTZDgR3sKmwUJJ","Tame Impala","The Less I Know The Better","Universal Music Australia Pty. Ltd.",117,182,92,"1536088"
169,"spotify:track:3SDCwIs4eizbx4rDIgB9Lf","Logic","Vaccine","Def Jam Recordings",169,-1,1,"1529175"
170,"spotify:track:6SpLc7EXZIPpy0sVko0aoU","Paramore","Misery Business","Fueled By Ramen",125,172,7,"1525358"
171,"spotify:track:4saklk6nie3yiGePpBwUoc","BTS","Dynamite","BIGHIT MUSIC",4,179,45,"1525127"
172,"spotify:track:4xqrdfXkTW4T0RauPLv3WA","Conan Gray","Heather","Republic Records",9,164,53,"1525062"
173,"spotify:track:5avVDmK9FVJpd3MDO8I3Zl","Little Big Town","Wine, Beer, Whiskey","Capitol Records Nashville",173,-1,1,"1523127"
174,"spotify:track:0dOg1ySSI7NkpAe89Zo0b9","Bruce Springsteen","Born in the U.S.A.","Columbia",174,-1,1,"1514421"
175,"spotify:track:2xQShwyOMYlX10w8dxbFX1","Bo Burnham","Shit","Bo Burnham",116,159,4,"1514184"
176,"spotify:track:4ydmav4vl7hebadtfZtMrg","Tyler, The Creator, DJ Drama","SIR BAUDELAIRE (feat. DJ Drama)","Columbia",25,25,2,"1509435"
177,"spotify:track:7y3xU9vEC1s8DSuuoSYKih","Doja Cat","Been Like This","Kemosabe Records/RCA Records",69,69,2,"1506232"
178,"spotify:track:7GX5flRQZVHRAGd6B4TmDO","Lil Uzi Vert","XO Tour Llif3","Generation Now/Atlantic",2,185,221,"1503781"
179,"spotify:track:2Igem6Q4sfvXGJ3JkG7Baw","Migos","Modern Day","Quality Control Music/Motown Records",57,135,4,"1501881"
180,"spotify:track:0rKtyWc8bvkriBthvHKY8d","Joji","SLOW DANCING IN THE DARK","88rising Music/Warner Records",29,192,146,"1498455"
181,"spotify:track:79s5XnCN4TJKTVMSmOx8Ep","Pop Smoke","Dior","Victor Victor Worldwide/Republic Records",18,191,69,"1497729"
182,"spotify:track:3yrSvpt2l1xhsV9Em88Pul","Van Morrison","Brown Eyed Girl","Columbia/Legacy",182,-1,1,"1493343"
183,"spotify:track:4Ys8jQvZOISzmp34BsImRf","Mitski","Washing Machine Heart","Dead Oceans",127,190,9,"1490261"
184,"spotify:track:2iUmqdfGZcHIhS3b9E9EWq","Neon Trees","Everybody Talks","Mercury Records",152,183,19,"1486970"
185,"spotify:track:0JoauGkPBGhYEHixggeYO4","Riley Green","If It Wasn’t For Trucks","BMLG Records",185,-1,1,"1486311"
186,"spotify:track:1ayV64ur8VWgc6OPtPRl1q","Doja Cat, JID","Options (feat. JID)","Kemosabe Records/RCA Records",72,72,2,"1483692"
187,"spotify:track:0M7mWKqwTIaVjYyxfZmtTa","Toby Keith","Courtesy Of The Red, White And Blue (The Angry American)","DreamWorks Nashville",187,-1,1,"1482489"
188,"spotify:track:2vWBUC9djv6BtiGlmKiQaH","Yot Club","YKWIM?","yot club under exclusive license to Amuseio AB",188,-1,1,"1476591"
189,"spotify:track:40riOy7x9W7GXjyGp4pjAv","Eagles","Hotel California - 2013 Remaster","Rhino/Elektra",189,-1,1,"1463201"
190,"spotify:track:7FpBQ067pHB67deawpbbcY","Sam Hunt","Body Like A Back Road","MCA Nashville",15,-1,101,"1459206"
191,"spotify:track:2gMXnyrvIjhVBUZwvLZDMP","Lewis Capaldi","Before You Go","Vertigo Berlin",42,193,83,"1457500"
192,"spotify:track:6tfPsgvkgbGHWGwq2PpzCI","Bo Burnham","Goodbye","Bo Burnham",129,163,4,"1455389"
193,"spotify:track:58ge6dfP91o9oXMzq3XkIS","Arctic Monkeys","505","Domino/Warner Records",129,-1,25,"1455379"
194,"spotify:track:7yq4Qj7cqayVTp3FF9CWbm","Vance Joy","Riptide","Atlantic Records",194,-1,2,"1453097"
195,"spotify:track:4tB6ApBRk7JEBKet5mRFF3","Cico P","Tampa","DawgTies Ent.",47,-1,10,"1452020"
196,"spotify:track:6Gg1gjgKi2AK4e0qzsR7sd","Juice WRLD, YoungBoy Never Broke Again","Bandit (with YoungBoy Never Broke Again)","Grade A Productions/Interscope Records",2,197,91,"1451721"
197,"spotify:track:7m9OqQk4RVRkw9JJdeAw96","XXXTENTACION","Jocelyn Flores","Bad Vibes Forever / EMPIRE",3,173,202,"1445985"
198,"spotify:track:78QR3Wp35dqAhFEc2qAGjE","Lil Baby, Gunna","Drip Too Hard (Lil Baby & Gunna)","Quality Control Music/Young Stoner Life Records, a 300 Entertainment Label/Motown Records/Capitol Records",1,196,144,"1445166"
199,"spotify:track:3JKgcAa7r07ocVWcV8bS0H","Polo G","21","Columbia",42,184,59,"1443523"
200,"spotify:track:4obHzpwGrjoTuZh2DItEMZ","Morgan Wallen","7 Summers","Big Loud / Republic",3,-1,45,"1440641"
