﻿rank,uri,artist_names,track_name,source,peak_rank,previous_rank,weeks_on_chart,streams
1,"spotify:track:5HCyWlXZPP0y6Gqq8TgA20","The Kid LAROI, Justin Bieber","STAY (with Justin Bieber)","Columbia",1,-1,1,"15077797"
2,"spotify:track:4ZtFanR9U6ndgddUvNcjcG","Olivia Rodrigo","good 4 u","Olivia Rodrigo PS",1,1,9,"11955831"
3,"spotify:track:40uMIn2zJLAQhNXghRjBed","Post Malone","Motley Crew","Republic Records",3,-1,1,"8754153"
4,"spotify:track:3DarAbFujv6eYNliUTyqtz","Doja Cat, SZA","Kiss Me More (feat. SZA)","Kemosabe Records/RCA Records",1,2,14,"8351119"
5,"spotify:track:3Wrjm47oTz2sjIgck11l5e","Måneskin","Beggin'","RCA Records Label",5,8,4,"6899400"
6,"spotify:track:6HU7h9RYOaPRFeh0R3UeAr","Olivia Rodrigo","deja vu","Olivia Rodrigo PS",2,3,15,"6488953"
7,"spotify:track:5lAnYvAIkSDNXqfo7DyFUm","Doja Cat","Ain't Shit","Kemosabe Records/RCA Records",7,13,3,"6427315"
8,"spotify:track:5nujrmhLynf4yMoMtj8AQF","Dua Lipa, DaBaby","Levitating (feat. DaBaby)","Warner Records",4,4,41,"6312524"
9,"spotify:track:5CZ40GBx1sQ9agT82CLQCT","Olivia Rodrigo","traitor","Olivia Rodrigo PS",3,7,8,"6267058"
10,"spotify:track:18vXApRmJSgQ6wG2ll9AOg","Polo G","RAPSTAR","Columbia",1,6,14,"6245952"
11,"spotify:track:6PQ88X9TkUIAUIZJHW2upE","Ed Sheeran","Bad Habits","Atlantic Records UK",8,10,3,"6184027"
12,"spotify:track:67BtfxlNbhBmCDR2L2l8qd","Lil Nas X","MONTERO (Call Me By Your Name)","Columbia",1,5,16,"6012273"
13,"spotify:track:6uqyE384HDSsuwpoF4mjrL","Billie Eilish","NDA","Darkroom/Interscope Records",13,-1,1,"5658245"
14,"spotify:track:5zNW5ARjYhJQJz1AChP33n","Megan Thee Stallion","Thot Shit","300 Entertainment",11,11,5,"5225719"
15,"spotify:track:65OVbaJR5O1RmwOQx0875b","Drake, Lil Baby","Wants and Needs (feat. Lil Baby)","OVO",2,15,19,"5136451"
16,"spotify:track:0LThjFY2iTtNdd4wviwVV2","BTS","Permission to Dance","BIGHIT MUSIC",16,-1,1,"5104900"
17,"spotify:track:02MWAaffLxlfxAUY7c5dvx","Glass Animals","Heat Waves","Polydor Records",12,14,33,"5053839"
18,"spotify:track:5JCoSi02qi3jJeHdZXMmR8","Olivia Rodrigo","favorite crime","Olivia Rodrigo PS",5,16,8,"4872034"
19,"spotify:track:0k4d5YPDr1r7FX77VdqWez","Doja Cat, The Weeknd","You Right","Kemosabe Records/RCA Records",4,9,3,"4789261"
20,"spotify:track:2JPLbjOn0wPCngEot2STUS","Bad Bunny","Yonaguni","Rimas Entertainment LLC",5,17,6,"4740176"
21,"spotify:track:4iJyoBOLtHqaGxP12qzhQI","Justin Bieber, Daniel Caesar, Giveon","Peaches (feat. Daniel Caesar & Giveon)","RBMG/Def Jam",1,18,17,"4626127"
22,"spotify:track:2bgTY4UwhfBYhGT4HUYStN","BTS","Butter","BIGHIT MUSIC",13,28,8,"4343147"
23,"spotify:track:2tGvwE8GcFKwNdAXMnlbfl","Olivia Rodrigo","happier","Olivia Rodrigo PS",5,19,8,"4319485"
24,"spotify:track:5wANPM4fQCJwkGd4rN57mH","Olivia Rodrigo","drivers license","Olivia Rodrigo PS",1,22,27,"4174017"
25,"spotify:track:6SRsiMl7w1USE4mFqrOhHC","Olivia Rodrigo","brutal","Olivia Rodrigo PS",4,21,8,"4035092"
26,"spotify:track:5B0kgjHULYJhAQkK5XsMoC","Tyler, The Creator, YoungBoy Never Broke Again, Ty Dolla $ign","WUSYANAME (feat. Youngboy Never Broke Again & Ty Dolla $ign)","Columbia",3,12,3,"3973410"
27,"spotify:track:3Vi5XqYrmQgOYBajMWSvCi","Doja Cat","Need to Know","Kemosabe Records/RCA Records",17,29,5,"3870171"
28,"spotify:track:0BGwAKW4u8kWOhWFflZxfl","Masked Wolf","Astronaut In The Ocean","Elektra (NEK)",4,24,23,"3867202"
29,"spotify:track:7MAibcTli4IisCtbHKrGMh","Bruno Mars, Anderson .Paak, Silk Sonic","Leave The Door Open","Aftermath Entertainment/Atlantic",4,23,19,"3855583"
30,"spotify:track:0MMyJUC3WNnFS1lit5pTjk","Olivia Rodrigo","jealousy, jealousy","Olivia Rodrigo PS",10,26,8,"3801203"
31,"spotify:track:5RwV8BvLfX5injfqYodke9","Rauw Alejandro","Todo De Ti","Sony Music Latin/Duars Entertainment",18,20,7,"3786201"
32,"spotify:track:37BZB0z9T8Xu7U3e65qxFy","The Weeknd, Ariana Grande","Save Your Tears (with Ariana Grande) (Remix)","Republic Records",5,25,12,"3739023"
33,"spotify:track:1QL7nSDZCwZMnbisV4KOXt","WILLOW, Travis Barker","t r a n s p a r e n t s o u l feat. Travis Barker","MSFTSMusic / Roc Nation Records, LLC",20,27,9,"3684815"
34,"spotify:track:1YDebgap5OFwXEBG18NJvy","DaBaby","Red Light Green Light","South Coast Music Group/Interscope Records",32,32,3,"3609315"
35,"spotify:track:67G6iaOw8DZqp1z8STR89R","BIA, Nicki Minaj","WHOLE LOTTA MONEY (feat. Nicki Minaj) - Remix","Epic",35,-1,1,"3271865"
36,"spotify:track:0cu0rhnlCnJ7JIeHRiLpj3","DaBaby","Ball If I Want To","South Coast Music Group/Interscope Records",28,30,4,"3256832"
37,"spotify:track:3FAJ6O0NOHQV8Mc5Ri6ENp","Giveon","Heartbreak Anniversary","Epic/Not So Fast",9,33,23,"3228462"
38,"spotify:track:2BITQ360Knh6qNAOqR7Dyq","Trippie Redd, Playboi Carti","Miss The Rage","Homemade Projects / 10K Projects",4,35,10,"3216912"
39,"spotify:track:0VjIjW4GlUZAMYd2vXMi3b","The Weeknd","Blinding Lights","Republic Records",1,34,85,"3096376"
40,"spotify:track:7nc7mlSdWYeFom84zZ8Wr8","Cochise, $NOT","Tell Em","Columbia",26,37,7,"3092624"
41,"spotify:track:1EJIcDYXwSqipW5dFe4uJz","DJ Khaled, Lil Baby, Lil Durk","EVERY CHANCE I GET (feat. Lil Baby & Lil Durk)","Epic/We The Best",24,31,11,"3082980"
42,"spotify:track:34chhNX59Wo9HMFCsI3K8Y","Kane Brown, blackbear","Memory","RCA Records Label Nashville",42,-1,1,"3024932"
43,"spotify:track:15qKrPi4Kg0z7g9HlwWyeb","Bas, J. Cole, Lil Tjay","[The Jackie] (with J. Cole & Lil Tjay)","Dreamville/Interscope Records",43,-1,1,"3004815"
44,"spotify:track:3ZozFqJJlDBNIm4xqxn2ZD","Walker Hayes","Fancy Like","Monument Records",44,59,3,"3002021"
45,"spotify:track:7EkWXAI1wn8Ii883ecd9xr","Surf Curse","Freaks","Surf Curse",45,49,12,"2943673"
46,"spotify:track:5zFglKYiknIxks8geR8rcL","Maroon 5, Megan Thee Stallion","Beautiful Mistakes (feat. Megan Thee Stallion)","Interscope Records*",29,36,18,"2914616"
47,"spotify:track:20BOju91NaEFK5Py4VJ2pp","Saweetie, Doja Cat","Best Friend (feat. Doja Cat)","ICY/Warner Records",12,39,27,"2878954"
48,"spotify:track:1fxYz1s15pyZLsJT0Hdh1m","Roddy Ricch","late at night","Atlantic Records",24,41,6,"2874667"
49,"spotify:track:2TOzTqQXNmR2zDJXihjZ2e","Olivia Rodrigo","enough for you","Olivia Rodrigo PS",6,40,8,"2822128"
50,"spotify:track:1M4OcYkxAtu3ErzSgDEfoi","Cardi B","Up","Atlantic Records",3,43,23,"2796938"
51,"spotify:track:4qu63nuBpdn0qHUHuObEj1","Marshmello, Jonas Brothers","Leave Before You Love Me (with Jonas Brothers)","Republic Records",45,45,8,"2744901"
52,"spotify:track:4pt5fDVTg5GhEvEtlz9dKk","Måneskin","I WANNA BE YOUR SLAVE","RCA Records Label",51,51,4,"2737974"
53,"spotify:track:6tDDoYIxWvMLTdKpjFkc1B","Kali Uchis","telepatía","EMI / Interscope",4,50,22,"2625255"
54,"spotify:track:7kDUspsoYfLkWnZR7qwHZl","Machine Gun Kelly, blackbear","my ex's best friend (with blackbear)","Bad Boy/Interscope Records",11,56,49,"2599538"
55,"spotify:track:4MzXwWMhyBbmu6hOcLVD49","Bad Bunny, Jhayco","DÁKITI","Rimas Entertainment LLC",1,46,37,"2591342"
56,"spotify:track:2QjOHCTQ1Jl3zawyYOpxh6","The Neighbourhood","Sweater Weather","Columbia",19,61,47,"2586308"
57,"spotify:track:3YJJjQPAbDT7mGpX3WtQ9A","SZA","Good Days","Top Dawg Entertainment/RCA Records",1,62,29,"2519613"
58,"spotify:track:05bfbizlM5AX6Mf1RRyMho","Nio Garcia, J Balvin, Bad Bunny","AM Remix","Flow La Movie",55,55,3,"2511234"
59,"spotify:track:4jPy3l0RUwlUI9T5XHBW2m","24kGoldn, iann dior","Mood (feat. iann dior)","Records/Columbia",2,48,49,"2495517"
60,"spotify:track:1VLtjHwRWOVJiE5Py7JxoQ","Polo G","Martin & Gina","Columbia",23,65,50,"2485837"
61,"spotify:track:21jGcNKet2qwijlDFuPiPb","Post Malone","Circles","Republic Records",1,66,98,"2453010"
62,"spotify:track:6UelLqGlWMcVH1E5c4H7lY","Harry Styles","Watermelon Sugar","Columbia",4,54,87,"2416290"
63,"spotify:track:4wcBRRpIfesgcyUtis7PEg","Olivia Rodrigo","1 step forward, 3 steps back","Olivia Rodrigo PS",8,52,8,"2415672"
64,"spotify:track:7BoobGhD4x5K96Me0hqC8Q","Bella Poarch","Build a Bitch","Warner Records",28,47,9,"2414794"
65,"spotify:track:27OeeYzk6klgBh83TSvGMA","The Kid LAROI","WITHOUT YOU","Columbia",8,86,35,"2402977"
66,"spotify:track:1D3z6HTiQsNmZxjl7F7eoG","J. Cole, 21 Savage, Morray","m y . l i f e (with 21 Savage & Morray)","Dreamville, Inc., Under exclusive license to Roc Nation Records",2,63,9,"2398456"
67,"spotify:track:0RiRZpuVRbi7oqRdSMwhQY","Post Malone, Swae Lee","Sunflower - Spider-Man: Into the Spider-Verse","Republic Records",1,67,143,"2379891"
68,"spotify:track:3rV5y8rcQrwRt9fWGLmjOQ","Bo Burnham","All Eyes On Me","Bo Burnham",51,53,5,"2370030"
69,"spotify:track:60ynsPSSKe6O3sfwRnIBRf","Doja Cat","Streets","Kemosabe Records/RCA Records",3,70,27,"2368595"
70,"spotify:track:0ezwvY7TkCwDEkKR49084k","Polo G, Lil Wayne","GANG GANG (with Lil Wayne)","Columbia",25,84,8,"2338870"
71,"spotify:track:4XvcHTUfIlWfyJTRG0aqlo","Sleepy Hallow","2055","Winners Circle/RCA Records",71,113,4,"2318204"
72,"spotify:track:0NmuYnjETG3u3qx0OmEJev","Nelly, Florida Georgia Line","Lil Bit","Records/Columbia",44,44,12,"2315883"
73,"spotify:track:25AvaE23MXl06YRtQcQoJS","Bo Burnham","Welcome to The Internet","Bo Burnham",61,68,5,"2310610"
74,"spotify:track:6rTInqW3YECMkQsBEHw4sd","Young Stoner Life, Young Thug, Gunna, Drake","Solid (feat. Drake)","300 Entertainment",7,69,13,"2295841"
75,"spotify:track:0Kdj7nwaYQmvhxnqZaIQuW","Bo Burnham","Bezos I","Bo Burnham",75,108,4,"2257482"
76,"spotify:track:4lUmnwRybYH7mMzf16xB0y","Lil Baby, Lil Durk, Travis Scott","Hats Off (feat. Travis Scott)","Quality Control Music/Alamo Records/Motown Records",27,95,6,"2249075"
77,"spotify:track:6IBcOGPsniK3Pso1wHIhew","Luke Combs","Forever After All","River House Artists/Columbia Nashville",2,58,38,"2231715"
78,"spotify:track:3J8EOeKLTLXORtWPpOU5bE","Lil Tjay, 6LACK","Calling My Phone","Columbia",1,77,22,"2231558"
79,"spotify:track:2IePEfMAtqWS6rLXXFZIgI","Internet Money, Gunna, Don Toliver, Lil Uzi Vert","His & Hers (feat. Don Toliver & Lil Uzi Vert)","Internet Money / 10K Projects",50,81,9,"2228337"
80,"spotify:track:5W8jRrZ6tWrTrqnKRtIQBf","J. Cole, Lil Baby","p r i d e . i s . t h e . d e v i l (with Lil Baby)","Dreamville, Inc., Under exclusive license to Roc Nation Records",4,75,9,"2219747"
81,"spotify:track:21UkXrc9kD48rNpTMI2ecz","Lil Tecca","NEVER LEFT","Galactic / Republic Records",20,80,10,"2204403"
82,"spotify:track:0G2zPzWqVjR68iNPmx2TBe","Mora, Bad Bunny, Sech","Volando - Remix","Rimas Entertainment LLC",82,-1,1,"2204196"
83,"spotify:track:4TIqzdAssasqx3DAe6cG9J","Joyner Lucas, Lil Baby","Ramen & OJ","Twenty Nine Music Group",35,82,11,"2202700"
84,"spotify:track:6hf0RpxTbOprT5nnwzkk8e","J Balvin, Maria Becerra","Qué Más Pues?","Sueños Globales, LLC",79,79,4,"2194990"
85,"spotify:track:62vpWI1CHwFy7tMIcSStl8","J. Cole","No Role Modelz","Roc Nation Records LLC",45,88,179,"2146657"
86,"spotify:track:0nqhKXDjsyBMvbeWmgijD0","Moneybagg Yo","Wockesha","CMG/N-Less/Interscope Records",56,85,9,"2126237"
87,"spotify:track:4VXIryQMWpIdGgYR4TrjT1","Juice WRLD","All Girls Are The Same","Juice WRLD Mixtape / ISR P&D",13,91,168,"2109003"
88,"spotify:track:7z4xW9WY86uH3gd1V9pfCM","Tyler, The Creator, Lil Uzi Vert, Pharrell Williams","JUGGERNAUT (feat. Lil Uzi Vert & Pharrell Williams)","Columbia",10,38,3,"2086254"
89,"spotify:track:7hxHWCCAIIxFLCzvDgnQHX","Internet Money, Gunna, Don Toliver, NAV","Lemonade (feat. NAV)","Internet Money Records / TenThousand Projects",1,90,48,"2073351"
90,"spotify:track:1zejeOnykpCoyVSit6Bwp3","Olivia Rodrigo","hope ur ok","Olivia Rodrigo PS",12,78,8,"2047457"
91,"spotify:track:0ofHAoxe9vBkTCp2UQIavz","Fleetwood Mac","Dreams - 2004 Remaster","Rhino/Warner Records",6,76,45,"2037699"
92,"spotify:track:285pBltuF7vW8TeWk8hdRR","Juice WRLD","Lucid Dreams","Juice WRLD Mixtape / ISR P&D",1,99,167,"2032787"
93,"spotify:track:2U5WueTLIK5WJLD7mvDODv","Juice WRLD","Wishing Well","Grade A Productions/Interscope Records",1,105,53,"2031768"
94,"spotify:track:1mAey8kEPmDM2icL56kS9d","42 Dugg, Roddy Ricch","4 Da Gang (with Roddy Ricch)","NEW CMG 42 Dugg P&D",43,93,15,"2004400"
95,"spotify:track:7ytR5pFWmSjzHJIeQkgog4","DaBaby, Roddy Ricch","ROCKSTAR (feat. Roddy Ricch)","South Coast Music Group/Interscope Records",1,94,65,"1994969"
96,"spotify:track:0FFsgUoFibYISzMxuGS61W","Doja Cat, Ariana Grande","I Don't Do Drugs (feat. Ariana Grande)","Kemosabe Records/RCA Records",33,64,3,"1990197"
97,"spotify:track:0PvFJmanyNQMseIFrU708S","Pop Smoke, Lil Baby, DaBaby","For The Night (feat. Lil Baby & DaBaby)","Victor Victor Worldwide",2,104,54,"1980313"
98,"spotify:track:2SAqBLGA283SUiwJ3xOUVI","Drake, Lil Durk","Laugh Now Cry Later (feat. Lil Durk)","OVO",2,101,48,"1979331"
99,"spotify:track:0W6I02J9xcqK8MtSeosEXb","Doja Cat","Get Into It (Yuh)","Kemosabe Records/RCA Records",45,74,3,"1956796"
100,"spotify:track:2Y0wPrPQBrGhoLn14xRYCG","Juice WRLD, Marshmello","Come & Go (with Marshmello)","Grade A Productions/Interscope Records",1,112,53,"1952146"
101,"spotify:track:51pshtuYkgUQnt5huMPbKL","Mac Miller, Empire of the Sun","The Spins","Rostrum Records",98,103,20,"1924443"
102,"spotify:track:267NGliXM8YLVZiKAD9Otm","Bad Bunny","De Museo","Rimas Entertainment LLC",102,-1,1,"1903709"
103,"spotify:track:0ZLuW8uOXdFNWcI40C0OC2","Jack Harlow, Tory Lanez, DaBaby, Lil Wayne","Whats Poppin (feat. DaBaby, Tory Lanez & Lil Wayne) [Remix] - Bonus Track","Generation Now/Atlantic",2,114,56,"1892971"
104,"spotify:track:003vvx7Niy0yvhvHt4a68B","The Killers","Mr. Brightside","Island Records",94,97,50,"1885455"
105,"spotify:track:1dg3qy5DjoJodawfOCgrTP","Lil Tjay, Offset, Moneybagg Yo","Run It Up (feat. Offset & Moneybagg Yo)","Columbia",28,136,15,"1885052"
106,"spotify:track:5QO79kh1waicV47BqGRL3g","The Weeknd","Save Your Tears","Republic Records",2,106,33,"1882434"
107,"spotify:track:3aQem4jVGdhtg116TmJnHz","Drake","What’s Next","OVO",1,102,19,"1878517"
108,"spotify:track:23OYT3SFtoJqhiAUqktbc1","Polo G, The Kid LAROI, Lil Durk","No Return (with The Kid LAROI & Lil Durk)","Columbia",23,116,5,"1864722"
109,"spotify:track:5OFEJMirg4NPz7G1zgXDYu","Vince Staples","ARE YOU WITH THAT?","Blacksmith Recordings/Motown Records",109,-1,1,"1855874"
110,"spotify:track:4Oun2ylbjFKMPTiaSbbCih","Cardi B, Megan Thee Stallion","WAP (feat. Megan Thee Stallion)","Atlantic/KSR",1,115,49,"1841548"
111,"spotify:track:1tkg4EHVoqnhR6iFEXb60y","Pop Smoke","What You Know Bout Love","Victor Victor Worldwide",6,125,46,"1838071"
112,"spotify:track:2xdwCJLfKCkat14mlgR26M","Billie Eilish","Lost Cause","Darkroom/Interscope Records",13,96,7,"1834799"
113,"spotify:track:7FGdjbZ32vMybPuP0IuE7d","Pooh Shiesty, Lil Durk","Back in Blood (feat. Lil Durk)","Atlantic Records",9,117,27,"1834135"
114,"spotify:track:4saklk6nie3yiGePpBwUoc","BTS","Dynamite","BIGHIT MUSIC",4,171,46,"1825217"
115,"spotify:track:5E30LdtzQTGqRvNd7l6kG5","The Neighbourhood","Daddy Issues","Columbia",59,124,44,"1824658"
116,"spotify:track:1ZIKpMTRPqhwAoVXWY3tXI","Ryan Hurd, Maren Morris","Chasing After You (with Maren Morris)","Arista Nashville",106,-1,10,"1824096"
117,"spotify:track:4iXDn9pu5Q9sxv45vE8Lak","Chris Young, Kane Brown","Famous Friends","RCA Records Label Nashville",111,144,7,"1812906"
118,"spotify:track:5ajjAnNRh8bxFvaVHzpPjh","Madison Beer","Reckless","Epic/Sing It Loud",118,128,2,"1802058"
119,"spotify:track:5uEYRdEIh9Bo4fpjDd4Na9","Travis Scott, HVME","Goosebumps - Remix","Cactus Jack/Epic",36,107,26,"1799145"
120,"spotify:track:2NM0qHzx4Ohy8iXHEEgwlO","Migos, Drake","Having Our Way (feat. Drake)","Quality Control Music/Motown Records",14,89,5,"1789904"
121,"spotify:track:1sx0XsWUusUoPstbvokZjP","Tai Verdes","AOK","Arista Records",100,100,5,"1787626"
122,"spotify:track:6Hj9jySrnFppAI0sEMCZpJ","Juice WRLD","Robbery","Grade A Productions/Interscope Records",3,131,126,"1777275"
123,"spotify:track:7CIERzyqIwLVKGp00YbHRO","PinkPantheress","Pain","Parlophone UK",123,154,2,"1776498"
124,"spotify:track:15EH2glphTjcarRjAsc0EB","Migos","Straightenin","Quality Control Music/Motown Records",30,122,9,"1751432"
125,"spotify:track:22LAwLoDA5b4AaGSkg6bKW","Lil Mosey","Blueberry Faygo","Mogul Vision/Interscope Records",2,129,75,"1744821"
126,"spotify:track:2GiJYvgVaD2HtM8GqD9EgQ","BØRNS","Electric Love","UMGRI Interscope",44,135,55,"1731783"
127,"spotify:track:0nbXyq5TXYPCO7pr3N8S4I","Roddy Ricch","The Box","Atlantic Records",1,133,84,"1724848"
128,"spotify:track:6foY66mWZN0pSRjZ408c00","Morgan Wallen","Whiskey Glasses","Big Loud Records",59,111,116,"1718389"
129,"spotify:track:0uxSUdBrJy9Un0EYoBowng","Lil Uzi Vert","20 Min","Generation Now/Atlantic",93,142,75,"1713637"
130,"spotify:track:0lkQOB949M2gLyut86aJ1b","Cage The Elephant","Cigarette Daydreams","RCA Records Label",128,148,21,"1709065"
131,"spotify:track:3PfIrDoz19wz7qK7tYeu62","Dua Lipa","Don't Start Now","Warner Records",5,121,85,"1704057"
132,"spotify:track:7qEHsqek33rTcFNT9PFqLf","Lewis Capaldi","Someone You Loved","Vertigo Berlin",6,146,116,"1703808"
133,"spotify:track:7LAmsNJpBaNvNg7VZPXxSv","Sarah Cothran","As the World Caves In","Republic Records",133,137,4,"1684503"
134,"spotify:track:6gBFPUFcJLzWGx4lenP6h2","Travis Scott","goosebumps","Cactus Jack / Epic",8,138,237,"1683514"
135,"spotify:track:4eNOLmx8r2IJAVKvBBL1jv","Lil Tjay, Polo G, Fivio Foreign","Headshot (feat. Polo G & Fivio Foreign)","Columbia",18,109,17,"1682243"
136,"spotify:track:0GO8y8jQk1PkHzS31d699N","GROUPLOVE","Tongue Tied","Canvasback/ATL",107,152,61,"1650009"
137,"spotify:track:0BiK5BbYNFLb88CCOxBFJe","Tyler, The Creator","LUMBERJACK","Columbia",14,60,5,"1637842"
138,"spotify:track:6755DFiZ7CWe2WMdTGW5C1","Young Stoner Life, Young Thug, Gunna","Ski","300 Entertainment",18,134,13,"1635545"
139,"spotify:track:26BMsCXJpD7eYtP7ufhApC","Blueface, OG Bobby Billions","Outside (Better Days)","5th Amendment / Entertainment One / Billionaire Music Group / EMPIRE",139,158,3,"1632961"
140,"spotify:track:161DnLWsx1i3u1JT05lzqU","Bruno Mars","Talking to the Moon","Atlantic Records",64,151,17,"1628628"
141,"spotify:track:6Uj1ctrBOjOas8xZXGqKk4","Doja Cat","Woman","Kemosabe Records/RCA Records",47,110,3,"1626180"
142,"spotify:track:45bE4HXI0AwGZXfZtMp8JR","Tate McRae","you broke me first","RCA Records Label",16,161,52,"1625529"
143,"spotify:track:472vIK1ldetTxRxG3ovaiY","Dan + Shay","Glad You Exist","Warner Music Nashville",64,139,18,"1624555"
144,"spotify:track:6aHoPULNO7pSL2ZfUY0bU8","SoFaygo","Knock Knock","Cactus Jack",134,157,11,"1618360"
145,"spotify:track:3EG9FJ0ToLfgnc1IG2Z1wz","Tyler, The Creator, Brent Faiyaz, Fana Hues","SWEET / I THOUGHT YOU WANTED TO DANCE (feat. Brent Faiyaz & Fana Hues)","Columbia",21,73,3,"1616726"
146,"spotify:track:35mvY5S1H3J2QZyna3TFe0","Ariana Grande","positions","Republic Records",1,163,38,"1588106"
147,"spotify:track:4xqrdfXkTW4T0RauPLv3WA","Conan Gray","Heather","Republic Records",9,172,54,"1587120"
148,"spotify:track:1K5KBOgreBi5fkEHvg5ap3","Future, Drake","Life Is Good (feat. Drake)","Epic/Freebandz",2,155,79,"1586584"
149,"spotify:track:3cBsEDNhFI9E82vPj3kvi3","Morgan Wallen","Wasted On You","Big Loud / Republic",3,149,27,"1585512"
150,"spotify:track:5fbHRCsGpFIOLRtlhCRFDR","Tyler, The Creator, 42 Dugg","LEMONHEAD (feat. 42 Dugg)","Columbia",12,57,3,"1572322"
151,"spotify:track:2mt1IqcFyY1zmYZT8Q3xw9","blackbear","hot girl bummer","Alamo",4,162,99,"1565377"
152,"spotify:track:3ggtU1ZOKO8ZNiqPNyXGcm","Trinidad Cardona","Dinero","Run It Up Records/Island",93,126,5,"1564427"
153,"spotify:track:48WidxP9CqyYtk97pwGZ3c","Brent Faiyaz, Drake, The Neptunes","Wasting Time ( feat. Drake & The Neptunes )","Lost kids",42,42,2,"1562450"
154,"spotify:track:79s5XnCN4TJKTVMSmOx8Ep","Pop Smoke","Dior","Victor Victor Worldwide/Republic Records",18,181,70,"1559530"
155,"spotify:track:0rKtyWc8bvkriBthvHKY8d","Joji","SLOW DANCING IN THE DARK","88rising Music/Warner Records",29,180,147,"1557301"
156,"spotify:track:0QULNNd9z5s35entfiiXoa","Elle King, Miranda Lambert","Drunk (And I Don't Wanna Go Home)","RCA Records Label",156,-1,1,"1554128"
157,"spotify:track:3fqwjXwUGN6vbzIwvyFMhx","Chris Stapleton","Tennessee Whiskey","Mercury Nashville",135,147,31,"1553002"
158,"spotify:track:7d8dqy6GbiUqotcTSs0jXg","Bo Burnham","Look Who’s Inside Again","Bo Burnham",91,140,5,"1552755"
159,"spotify:track:4bHsxqR3GMrXTxEPLuK5ue","Journey","Don't Stop Believin' (2022 Remaster)","Columbia/Legacy",132,132,30,"1551643"
160,"spotify:track:1nahzW3kfMuwReTka28tH5","Justin Bieber","Hold On","RBMG/Def Jam",3,98,19,"1545011"
161,"spotify:track:2iUmqdfGZcHIhS3b9E9EWq","Neon Trees","Everybody Talks","Mercury Records",152,184,20,"1544924"
162,"spotify:track:6K4t31amVTZDgR3sKmwUJJ","Tame Impala","The Less I Know The Better","Universal Music Australia Pty. Ltd.",117,168,93,"1544266"
163,"spotify:track:5K6Ssv4Z3zRvxt0P6EKUAP","Galantis, David Guetta, Little Mix","Heartbreak Anthem (with David Guetta & Little Mix)","Big Beat Records",153,156,7,"1528659"
164,"spotify:track:2rxQMGVafnNaRaXlRMWPde","Luke Combs","Beautiful Crazy","River House Artists/Columbia Nashville",61,159,155,"1528329"
165,"spotify:track:7GX5flRQZVHRAGd6B4TmDO","Lil Uzi Vert","XO Tour Llif3","Generation Now/Atlantic",2,178,222,"1526133"
166,"spotify:track:7uWdDOhI3wydISWM1AXN0M","$ilkMoney","My Potna Dem","DB$B Records",166,-1,1,"1525090"
167,"spotify:track:1diS6nkxMQc3wwC4G1j0bh","Dua Lipa","We're Good","Warner Records",20,118,22,"1524893"
168,"spotify:track:6Im9k8u9iIzKMrmV7BWtlF","Ariana Grande","34+35","Republic Records",2,164,37,"1520893"
169,"spotify:track:58ge6dfP91o9oXMzq3XkIS","Arctic Monkeys","505","Domino/Warner Records",129,193,26,"1509576"
170,"spotify:track:2vWBUC9djv6BtiGlmKiQaH","Yot Club","YKWIM?","yot club under exclusive license to Amuseio AB",170,188,2,"1499670"
171,"spotify:track:2gMXnyrvIjhVBUZwvLZDMP","Lewis Capaldi","Before You Go","Vertigo Berlin",42,191,84,"1494337"
172,"spotify:track:1f3yAtsJtY87CTmM8RLnxf","Nirvana","Smells Like Teen Spirit","Geffen",172,-1,1,"1492692"
173,"spotify:track:2Igem6Q4sfvXGJ3JkG7Baw","Migos","Modern Day","Quality Control Music/Motown Records",57,179,5,"1491038"
174,"spotify:track:4Ys8jQvZOISzmp34BsImRf","Mitski","Washing Machine Heart","Dead Oceans",127,183,10,"1488973"
175,"spotify:track:5OELUCYgOHKFAvCERnAvfS","Morgan Wallen","More Than My Hometown","Big Loud / Republic",21,153,64,"1488301"
176,"spotify:track:6SpLc7EXZIPpy0sVko0aoU","Paramore","Misery Business","Fueled By Ramen",125,170,8,"1484900"
177,"spotify:track:6Gg1gjgKi2AK4e0qzsR7sd","Juice WRLD, YoungBoy Never Broke Again","Bandit (with YoungBoy Never Broke Again)","Grade A Productions/Interscope Records",2,196,92,"1478177"
178,"spotify:track:7H0ya83CMmgFcOhw0UB6ow","Beach House","Space Song","Sub Pop Records",178,-1,1,"1476005"
179,"spotify:track:3JKgcAa7r07ocVWcV8bS0H","Polo G","21","Columbia",42,199,60,"1474539"
180,"spotify:track:3eBnEo9WL34ulBCZlLpUQO","Zac Brown Band","Chicken Fried","Home Grown Music",71,71,8,"1467523"
181,"spotify:track:7m9OqQk4RVRkw9JJdeAw96","XXXTENTACION","Jocelyn Flores","Bad Vibes Forever / EMPIRE",3,197,203,"1466156"
182,"spotify:track:78QR3Wp35dqAhFEc2qAGjE","Lil Baby, Gunna","Drip Too Hard (Lil Baby & Gunna)","Quality Control Music/Young Stoner Life Records, a 300 Entertainment Label/Motown Records/Capitol Records",1,198,145,"1461087"
183,"spotify:track:7FIWs0pqAYbP91WWM0vlTQ","Eminem, Juice WRLD","Godzilla (feat. Juice WRLD)","Shady/Aftermath/Interscope Records",2,-1,76,"1455861"
184,"spotify:track:2rPHUAeUPbNgTmK18FPTiZ","The Kid LAROI, Juice WRLD","GO (feat. Juice WRLD)","Columbia",15,-1,49,"1439646"
185,"spotify:track:7fBv7CLKzipRk6EC6TWHOB","The Weeknd","The Hills","Universal Republic Records",27,-1,35,"1438179"
186,"spotify:track:3JJL91ilRV6fXhKqu0FGXs","Tyler, The Creator, Lil Wayne","HOT WIND BLOWS (feat. Lil Wayne)","Columbia",16,83,3,"1434253"
187,"spotify:track:7sO5G9EABYOXQKNPNiE9NR","Offset, Metro Boomin","Ric Flair Drip (with Metro Boomin)","Slaughter Gang, LLC/Epic/Quality Control Music/Motown/Capitol/Boominati Worldwide/Republic",4,-1,123,"1432166"
188,"spotify:track:2JvzF1RMd7lE3KmFlsyZD8","J. Cole","MIDDLE CHILD","Dreamville, Inc., Under exclusive license to Roc Nation Records",1,-1,125,"1426905"
189,"spotify:track:4tB6ApBRk7JEBKet5mRFF3","Cico P","Tampa","DawgTies Ent.",47,195,11,"1424869"
190,"spotify:track:7yq4Qj7cqayVTp3FF9CWbm","Vance Joy","Riptide","Atlantic Records",190,194,3,"1424215"
191,"spotify:track:2eAZfqOm4EnOF9VvN50Tyc","Lil Uzi Vert, Oh Wonder","The Way Life Goes (feat. Oh Wonder)","Generation Now/Atlantic",8,-1,74,"1422456"
192,"spotify:track:3NM41PVVUr0ceootKAtkAj","Matt Maltese","As the World Caves In","Atlantic Records UK",70,-1,6,"1419923"
193,"spotify:track:2xQShwyOMYlX10w8dxbFX1","Bo Burnham","Shit","Bo Burnham",116,175,5,"1417571"
194,"spotify:track:5FQPpxOXsvkMN6v18gtpwY","AJR","Bang!","BMG Rights Management (US) LLC",48,-1,42,"1417063"
195,"spotify:track:4cG7HUWYHBV6R6tHn1gxrl","Riton, Nightcrawlers, Mufasa & Hypeman, Dopamine","Friday (feat. Mufasa & Hypeman) - Dopamine Re-Edit","Ministry of Sound Recordings",140,-1,6,"1414668"
196,"spotify:track:0u2P5u6lvoDfwTYjAADbn4","Billie Eilish, Khalid","lovely (with Khalid)","Darkroom",24,-1,165,"1414065"
197,"spotify:track:1Oi2zpmL81Q0yScF1zxaC0","Destiny's Child","Bills, Bills, Bills","Columbia",197,-1,1,"1400876"
198,"spotify:track:0e7ipj03S05BNilyu5bRzt","Post Malone, 21 Savage","rockstar (feat. 21 Savage)","Republic Records",1,-1,176,"1400050"
199,"spotify:track:3jjujdWJ72nww5eGnfs2E7","Harry Styles","Adore You","Columbia",3,-1,82,"1398261"
200,"spotify:track:1TwQ0XtQfCgcstxhpOSg7t","G Herbo, Polo G, Lil Tjay","Cry No More","Machine Entertainment Group - G Herbo",145,145,2,"1392135"
