﻿rank,uri,artist_names,track_name,source,peak_rank,previous_rank,weeks_on_chart,streams
1,"spotify:track:5Kskr9LcNYa0tpt5f0ZEJx","Lil Tjay, 6LACK","Calling My Phone","Columbia",1,-1,1,"10660899"
2,"spotify:track:7lPN2DXiMsVn7XUKtOW1CS","Olivia Rodrigo","drivers license","Olivia Rodrigo PS",1,1,6,"9726007"
3,"spotify:track:3CeCwYWvdfXbZLXFhBrbnf","Taylor Swift","Love Story (Taylor’s Version)","Taylor Swift",3,-1,1,"7550597"
4,"spotify:track:3YJJjQPAbDT7mGpX3WtQ9A","SZA","Good Days","Top Dawg Entertainment/RCA Records",1,3,8,"6663870"
5,"spotify:track:5QO79kh1waicV47BqGRL3g","The Weeknd","Save Your Tears","Republic Records",2,2,12,"6516110"
6,"spotify:track:1M4OcYkxAtu3ErzSgDEfoi","Cardi B","Up","Atlantic Records",5,5,2,"6095818"
7,"spotify:track:60ynsPSSKe6O3sfwRnIBRf","Doja Cat","Streets","Kemosabe Records/RCA Records",3,6,6,"5705355"
8,"spotify:track:0VjIjW4GlUZAMYd2vXMi3b","The Weeknd","Blinding Lights","Republic Records",1,4,64,"5534956"
9,"spotify:track:5vGLcdRuSbUhD8ScwsGSdA","CJ","Whoopty","CJ Music Group/T-Series",4,7,17,"4655468"
10,"spotify:track:3tjFYV6RSFtuktYl3ZtYcq","24kGoldn, iann dior","Mood (feat. iann dior)","Records/Columbia",2,8,28,"4169615"
11,"spotify:track:5nujrmhLynf4yMoMtj8AQF","Dua Lipa, DaBaby","Levitating (feat. DaBaby)","Warner Records",9,9,20,"3995426"
12,"spotify:track:27OeeYzk6klgBh83TSvGMA","The Kid LAROI","WITHOUT YOU","Columbia",8,12,14,"3985755"
13,"spotify:track:6Im9k8u9iIzKMrmV7BWtlF","Ariana Grande","34+35","Republic Records",2,11,16,"3958274"
14,"spotify:track:4MzXwWMhyBbmu6hOcLVD49","Bad Bunny, Jhayco","DÁKITI","Rimas Entertainment LLC",1,10,16,"3791289"
15,"spotify:track:2etHQJxIbV0soyPhelVs9Y","Saweetie, Doja Cat","Best Friend (feat. Doja Cat)","ICY/Warner Records",14,14,6,"3749653"
16,"spotify:track:7hxHWCCAIIxFLCzvDgnQHX","Internet Money, Gunna, Don Toliver, NAV","Lemonade (feat. NAV)","Internet Money Records / TenThousand Projects",1,13,27,"3702275"
17,"spotify:track:35mvY5S1H3J2QZyna3TFe0","Ariana Grande","positions","Republic Records",1,16,17,"3501331"
18,"spotify:track:02MWAaffLxlfxAUY7c5dvx","Glass Animals","Heat Waves","Polydor Records",18,23,12,"3364206"
19,"spotify:track:2QjOHCTQ1Jl3zawyYOpxh6","The Neighbourhood","Sweater Weather","Columbia",19,19,26,"3322004"
20,"spotify:track:1diS6nkxMQc3wwC4G1j0bh","Dua Lipa","We're Good","Warner Records",20,-1,1,"3293542"
21,"spotify:track:7FGdjbZ32vMybPuP0IuE7d","Pooh Shiesty, Lil Durk","Back in Blood (feat. Lil Durk)","Atlantic Records",21,30,6,"3285180"
22,"spotify:track:0PvFJmanyNQMseIFrU708S","Pop Smoke, Lil Baby, DaBaby","For The Night (feat. Lil Baby & DaBaby)","Victor Victor Worldwide",2,18,33,"3283612"
23,"spotify:track:1tkg4EHVoqnhR6iFEXb60y","Pop Smoke","What You Know Bout Love","Victor Victor Worldwide",6,21,25,"3280956"
24,"spotify:track:2SAqBLGA283SUiwJ3xOUVI","Drake, Lil Durk","Laugh Now Cry Later (feat. Lil Durk)","OVO",2,25,27,"3229125"
25,"spotify:track:2U5WueTLIK5WJLD7mvDODv","Juice WRLD","Wishing Well","Grade A Productions/Interscope Records",1,29,32,"3131827"
26,"spotify:track:4Oun2ylbjFKMPTiaSbbCih","Cardi B, Megan Thee Stallion","WAP (feat. Megan Thee Stallion)","Atlantic/KSR",1,22,28,"3107050"
27,"spotify:track:7kDUspsoYfLkWnZR7qwHZl","Machine Gun Kelly, blackbear","my ex's best friend (with blackbear)","Bad Boy/Interscope Records",11,24,28,"3059074"
28,"spotify:track:3cBsEDNhFI9E82vPj3kvi3","Morgan Wallen","Wasted On You","Big Loud / Republic",3,15,6,"3049888"
29,"spotify:track:4VXIryQMWpIdGgYR4TrjT1","Juice WRLD","All Girls Are The Same","Juice WRLD Mixtape / ISR P&D",13,32,147,"3038785"
30,"spotify:track:31qCy5ZaophVA81wtlwLc4","Justin Bieber","Anyone","RBMG/Def Jam",2,31,7,"2979502"
31,"spotify:track:54bFM56PmE4YLRnqpW6Tha","Billie Eilish","Therefore I Am","Darkroom/Interscope Records",1,26,14,"2907704"
32,"spotify:track:0uRrG2jRR5tuifsYIJHEao","Morgan Wallen","Sand In My Boots","Big Loud / Republic",13,17,6,"2871666"
33,"spotify:track:3Uo7WG0vmLQ07WB4BDwy7D","Taylor Swift","willow","Taylor Swift",1,42,10,"2860222"
34,"spotify:track:45bE4HXI0AwGZXfZtMp8JR","Tate McRae","you broke me first","RCA Records Label",16,34,31,"2821725"
35,"spotify:track:285pBltuF7vW8TeWk8hdRR","Juice WRLD","Lucid Dreams","Juice WRLD Mixtape / ISR P&D",1,38,146,"2740283"
36,"spotify:track:1VLtjHwRWOVJiE5Py7JxoQ","Polo G","Martin & Gina","Columbia",23,40,29,"2733251"
37,"spotify:track:7ytR5pFWmSjzHJIeQkgog4","DaBaby, Roddy Ricch","ROCKSTAR (feat. Roddy Ricch)","South Coast Music Group/Interscope Records",1,35,44,"2724683"
38,"spotify:track:3VT8hOC5vuDXBsHrR53WFh","Masked Wolf","Astronaut In The Ocean","Elektra (NEK)",38,76,2,"2713930"
39,"spotify:track:4Iedi94TIaB2GGb1nMB68v","Lil Baby","On Me","Quality Control Music/Motown Records",37,55,11,"2689503"
40,"spotify:track:2Y0wPrPQBrGhoLn14xRYCG","Juice WRLD, Marshmello","Come & Go (with Marshmello)","Grade A Productions/Interscope Records",1,39,32,"2675679"
41,"spotify:track:42lqBjPYlmL1EXpMDXvhSN","Morgan Wallen","Somebody’s Problem","Big Loud / Republic",4,20,13,"2605548"
42,"spotify:track:5uEYRdEIh9Bo4fpjDd4Na9","Travis Scott, HVME","Goosebumps - Remix","Cactus Jack/Epic",41,41,5,"2603737"
43,"spotify:track:6Hj9jySrnFppAI0sEMCZpJ","Juice WRLD","Robbery","Grade A Productions/Interscope Records",3,46,105,"2600392"
44,"spotify:track:3w1WjD2zJqjBjDz5fwqQPJ","Jack Harlow","Tyler Herro","Generation Now/Atlantic",9,45,17,"2598068"
45,"spotify:track:7fBv7CLKzipRk6EC6TWHOB","The Weeknd","The Hills","Universal Republic Records",27,27,17,"2589697"
46,"spotify:track:0A1hoCfMLkiAgvhWkkucJa","Megan Thee Stallion","Body","300 Entertainment",13,28,13,"2561800"
47,"spotify:track:3FAJ6O0NOHQV8Mc5Ri6ENp","Giveon","Heartbreak Anniversary","Epic/Not So Fast",47,149,2,"2558104"
48,"spotify:track:22LAwLoDA5b4AaGSkg6bKW","Lil Mosey","Blueberry Faygo","Mogul Vision/Interscope Records",2,44,54,"2552352"
49,"spotify:track:0ZLuW8uOXdFNWcI40C0OC2","Jack Harlow, Tory Lanez, DaBaby, Lil Wayne","Whats Poppin (feat. DaBaby, Tory Lanez & Lil Wayne) [Remix] - Bonus Track","Generation Now/Atlantic",2,49,35,"2548572"
50,"spotify:track:43CIWpJaJHRcI4mUSjqgc2","Juice WRLD, Young Thug","Bad Boy (with Young Thug)","Grade A Productions/Interscope Records",3,33,5,"2496603"
51,"spotify:track:4xqrdfXkTW4T0RauPLv3WA","Conan Gray","Heather","Republic Records",9,47,33,"2449610"
52,"spotify:track:4aarlAfLKVCTxUDNgbwhjH","Megan Thee Stallion, DaBaby","Cry Baby (feat. DaBaby)","300 Entertainment",36,36,11,"2406285"
53,"spotify:track:0RiRZpuVRbi7oqRdSMwhQY","Post Malone, Swae Lee","Sunflower - Spider-Man: Into the Spider-Verse","Republic Records",1,51,122,"2367423"
54,"spotify:track:21jGcNKet2qwijlDFuPiPb","Post Malone","Circles","Republic Records",1,52,77,"2362057"
55,"spotify:track:7qEHsqek33rTcFNT9PFqLf","Lewis Capaldi","Someone You Loved","Vertigo Berlin",6,57,95,"2329393"
56,"spotify:track:53BHUFdQphHiZUUG3nx9zn","AJR","Bang!","BMG Rights Management (US) LLC",54,54,24,"2321905"
57,"spotify:track:0nbXyq5TXYPCO7pr3N8S4I","Roddy Ricch","The Box","Atlantic Records",1,58,63,"2306791"
58,"spotify:track:2r6OAV3WsYtXuXjvJ1lIDi","Pop Smoke, A Boogie Wit da Hoodie","Hello (feat. A Boogie Wit da Hoodie)","Victor Victor Worldwide",31,66,24,"2266205"
59,"spotify:track:5E30LdtzQTGqRvNd7l6kG5","The Neighbourhood","Daddy Issues","Columbia",59,62,23,"2223233"
60,"spotify:track:6zFMeegAMYQo0mt8rXtrli","Lil Nas X","HOLIDAY","Columbia",14,53,14,"2185909"
61,"spotify:track:7m9OqQk4RVRkw9JJdeAw96","XXXTENTACION","Jocelyn Flores","Bad Vibes Forever / EMPIRE",3,72,182,"2116531"
62,"spotify:track:4obHzpwGrjoTuZh2DItEMZ","Morgan Wallen","7 Summers","Big Loud / Republic",3,43,27,"2088303"
63,"spotify:track:2gqWRRCXnma9L8xQ1RdemQ","The Kid LAROI","SO DONE","Columbia",13,73,17,"2074721"
64,"spotify:track:5OELUCYgOHKFAvCERnAvfS","Morgan Wallen","More Than My Hometown","Big Loud / Republic",21,48,43,"2071549"
65,"spotify:track:62vpWI1CHwFy7tMIcSStl8","J. Cole","No Role Modelz","Roc Nation Records LLC",65,74,158,"2054691"
66,"spotify:track:5u1n1kITHCxxp8twBcZxWy","Justin Bieber, Chance the Rapper","Holy (feat. Chance The Rapper)","RBMG/Def Jam",3,81,22,"2038615"
67,"spotify:track:6gBFPUFcJLzWGx4lenP6h2","Travis Scott","goosebumps","Cactus Jack / Epic",8,82,216,"2036851"
68,"spotify:track:2gMXnyrvIjhVBUZwvLZDMP","Lewis Capaldi","Before You Go","Vertigo Berlin",42,78,65,"2001970"
69,"spotify:track:2Oycxb8QbPkpHTo8ZrmG0B","Miley Cyrus, Dua Lipa","Prisoner (feat. Dua Lipa)","RCA Records Label",16,80,13,"1998245"
70,"spotify:track:59fFsGRwFiuhxKDPc1k6xW","YBN Nahmir, 21 Savage","Opp Stoppa (feat. 21 Savage)","Art@War/Atlantic Records",59,59,4,"1996579"
71,"spotify:track:5VlTQnZO89Ioku8ssdbqJk","Brent Faiyaz","Dead Man Walking","Lost Kids",71,75,11,"1995010"
72,"spotify:track:0ofHAoxe9vBkTCp2UQIavz","Fleetwood Mac","Dreams - 2004 Remaster","Rhino/Warner Records",6,67,24,"1979337"
73,"spotify:track:0rKtyWc8bvkriBthvHKY8d","Joji","SLOW DANCING IN THE DARK","88rising Music/Warner Records",29,87,126,"1974700"
74,"spotify:track:1K5KBOgreBi5fkEHvg5ap3","Future, Drake","Life Is Good (feat. Drake)","Epic/Freebandz",2,83,58,"1963317"
75,"spotify:track:2kS6td1yvmpNgZTt1q5pQq","Mother Mother","Hayloft","Last Gang",64,77,8,"1962225"
76,"spotify:track:7eJMfftS33KTjuF7lTsMCx","Powfu, beabadoobee","death bed (coffee for your head)","Columbia",9,91,53,"1945240"
77,"spotify:track:6foY66mWZN0pSRjZ408c00","Morgan Wallen","Whiskey Glasses","Big Loud Records",59,60,95,"1938076"
78,"spotify:track:3jjBPF4NDMCU51psU8JPpR","Ariana Grande, Doja Cat, Megan Thee Stallion","34+35 Remix (feat. Doja Cat, Megan Thee Stallion) - Remix","Republic Records",4,128,5,"1934305"
79,"spotify:track:0mKnuxVkPi5h0kuvZl44VM","Morgan Wallen","Cover Me Up","Big Loud / Republic",30,65,19,"1929159"
80,"spotify:track:0k7wmahjkn389wAZdz19Cv","Future, Lil Uzi Vert","Drankin N Smokin","Generation Now/Atlantic",12,148,14,"1923099"
81,"spotify:track:6UelLqGlWMcVH1E5c4H7lY","Harry Styles","Watermelon Sugar","Columbia",4,85,66,"1922408"
82,"spotify:track:5SWnsxjhdcEDc7LJjq9UHk","21 Savage, Metro Boomin","Runnin","Slaughter Gang, LLC/Epic/Boominati Worldwide/Republic",3,68,20,"1921729"
83,"spotify:track:7o4gBbTM6UBLkOYPw9xMCz","DDG, Blueface","Moonwalking in Calabasas (feat. Blueface) - Remix","Epic",40,122,19,"1917995"
84,"spotify:track:4saklk6nie3yiGePpBwUoc","BTS","Dynamite","BIGHIT MUSIC",4,69,26,"1915262"
85,"spotify:track:7MXVkk9YMctZqd1Srtv4MB","The Weeknd, Daft Punk","Starboy","Universal Republic Records",3,50,70,"1913456"
86,"spotify:track:7iNGwN4yuxATUtv0qYXJ8Q","Nipsey Hussle, JAY-Z","What It Feels Like","Six Course Music Group/RCA Records",86,-1,1,"1907775"
87,"spotify:track:3jjujdWJ72nww5eGnfs2E7","Harry Styles","Adore You","Columbia",3,103,63,"1872927"
88,"spotify:track:0sKEilrw1GrBlG6qsTCrP4","Morgan Wallen","865","Big Loud / Republic",15,56,6,"1852661"
89,"spotify:track:0D75ciM842cdUMKSMfAR9y","Selena Gomez, Rauw Alejandro","Baila Conmigo (with Rauw Alejandro)","Selena Gomez Latin Project",41,71,3,"1847177"
90,"spotify:track:2XIc1pqjXV3Cr2BQUGNBck","Bad Bunny, ROSALÍA","LA NOCHE DE ANOCHE","Rimas Entertainment LLC",18,112,12,"1846479"
91,"spotify:track:2rPHUAeUPbNgTmK18FPTiZ","The Kid LAROI, Juice WRLD","GO (feat. Juice WRLD)","Columbia",15,99,36,"1843074"
92,"spotify:track:2GiJYvgVaD2HtM8GqD9EgQ","BØRNS","Electric Love","UMGRI Interscope",44,92,34,"1841386"
93,"spotify:track:57VeLYXrvNxe8Vs18K2M9W","Jack Harlow, Big Sean","Way Out (feat. Big Sean)","Generation Now/Atlantic",24,61,10,"1826290"
94,"spotify:track:0uxSUdBrJy9Un0EYoBowng","Lil Uzi Vert","20 Min","Generation Now/Atlantic",94,129,54,"1811863"
95,"spotify:track:4y4spB9m0Q6026KfkAvy9Q","Justin Bieber, benny blanco","Lonely (with benny blanco)","Friends Keep Secrets/Def Jam Recordings/Interscope Records",8,88,18,"1811256"
96,"spotify:track:1HbA4N1MiOsPthALesGFR1","Shawn Mendes, Justin Bieber","Monster (Shawn Mendes & Justin Bieber)","Shawn Mendes LP4-5 PS/ Island",5,84,13,"1806665"
97,"spotify:track:1xqRKo0SDFDO5Jy8yEVD0X","DUSTY LOCANE","ROLLIN N CONTROLLIN FREESTYLE","95MM / EMPIRE",97,-1,1,"1795618"
98,"spotify:track:0sY6ZUTh4yoctD8VIXz339","Taylor Swift","champagne problems","Taylor Swift",2,156,10,"1783609"
99,"spotify:track:3JKgcAa7r07ocVWcV8bS0H","Polo G","21","Columbia",42,120,39,"1780677"
100,"spotify:track:26UxwWl9xCb83OynXELJcL","DaBaby","Masterpiece","South Coast Music Group/Interscope Records",63,113,5,"1774877"
101,"spotify:track:7CFfqRW50ffULvBv7lfIIg","carolesdaughter","Violent","Arista Records",98,143,4,"1773760"
102,"spotify:track:2mt1IqcFyY1zmYZT8Q3xw9","blackbear","hot girl bummer","Alamo",4,101,78,"1770199"
103,"spotify:track:57RA3JGafJm5zRtKJiKPIm","Wallows, Clairo","Are You Bored Yet? (feat. Clairo)","Atlantic Records",70,98,40,"1766957"
104,"spotify:track:6u3CPnFMKANYgfdiifFOiJ","Brent Faiyaz, Dahi, Tyler, The Creator","GRAVITY (FEAT. TYLER, THE CREATOR)","Lost Kids",36,94,3,"1764527"
105,"spotify:track:5rZlwNFl01HqLWBQGryKSm","Pop Smoke, Lil Tjay","Mood Swings (feat. Lil Tjay)","Victor Victor Worldwide",10,114,33,"1762596"
106,"spotify:track:79s5XnCN4TJKTVMSmOx8Ep","Pop Smoke","Dior","Victor Victor Worldwide/Republic Records",18,107,49,"1756662"
107,"spotify:track:3ee8Jmje8o58CHK66QrVC2","XXXTENTACION","SAD!","Bad Vibes Forever, LLC",1,116,153,"1745436"
108,"spotify:track:6Gg1gjgKi2AK4e0qzsR7sd","Juice WRLD, YoungBoy Never Broke Again","Bandit (with YoungBoy Never Broke Again)","Grade A Productions/Interscope Records",2,121,72,"1735627"
109,"spotify:track:7GX5flRQZVHRAGd6B4TmDO","Lil Uzi Vert","XO Tour Llif3","Generation Now/Atlantic",2,119,201,"1725900"
110,"spotify:track:6gdLyYNuhWBzqwlOFSsXC7","Luke Combs","Better Together","River House Artists/Columbia Nashville",38,137,20,"1725609"
111,"spotify:track:1IIKrJVP1C9N7iPtG6eOsK","Chris Brown, Young Thug","Go Crazy","Chris Brown Entertainment/300 Entertainment/RCA Records",20,111,39,"1706952"
112,"spotify:track:7szuecWAPwGoV1e5vGu8tl","The Weeknd","In Your Eyes","Republic Records",3,63,21,"1705680"
113,"spotify:track:6AGOKlMZWLCaEJGnaROtF9","Ritt Momney","Put Your Records On","Columbia",16,105,23,"1699523"
114,"spotify:track:6f3Slt0GbA2bPZlz0aIFXN","Tiësto","The Business","Atlantic Records",114,141,5,"1697998"
115,"spotify:track:1xK1Gg9SxG8fy2Ya373oqb","Myke Towers, Juhn","Bandido","White World Music",115,125,3,"1697819"
116,"spotify:track:30bqVoKjX479ab90a8Pafp","Lil Peep","Star Shopping","Lil Peep",101,115,25,"1697657"
117,"spotify:track:3eekarcy7kvN4yt5ZFzltW","Travis Scott","HIGHEST IN THE ROOM","Cactus Jack/Epic",1,124,72,"1686044"
118,"spotify:track:3PfIrDoz19wz7qK7tYeu62","Dua Lipa","Don't Start Now","Warner Records",5,155,64,"1682854"
119,"spotify:track:7FIWs0pqAYbP91WWM0vlTQ","Eminem, Juice WRLD","Godzilla (feat. Juice WRLD)","Shady/Aftermath/Interscope Records",2,134,56,"1682207"
120,"spotify:track:6EDO9iiTtwNv6waLwa1UUq","DJ Khaled, Drake","POPSTAR (feat. Drake)","OVO/We The Best/Epic",4,109,31,"1675303"
121,"spotify:track:6Ozh9Ok6h4Oi1wUSLtBseN","DaBaby","BOP","South Coast Music Group/Interscope Records",3,140,73,"1673460"
122,"spotify:track:2kJwzbxV2ppxnQoYw4GLBZ","JP Saxe, Julia Michaels","If the World Was Ending (feat. Julia Michaels)","Arista Records",47,132,66,"1670519"
123,"spotify:track:2rxQMGVafnNaRaXlRMWPde","Luke Combs","Beautiful Crazy","River House Artists/Columbia Nashville",61,150,134,"1667613"
124,"spotify:track:7E2C5rBLpCKwQlhJPVFBRS","Yung Bleu, Drake","You're Mines Still (feat. Drake)","Moon Boy University / EMPIRE",123,-1,4,"1666939"
125,"spotify:track:2Qz8kpCjxulML39zB6gQxY","Morgan Wallen","Still Goin Down","Big Loud / Republic",31,70,9,"1666763"
126,"spotify:track:0u2P5u6lvoDfwTYjAADbn4","Billie Eilish, Khalid","lovely (with Khalid)","Darkroom",24,135,147,"1647866"
127,"spotify:track:48q0vSHcJdhK3IiXH8C5WJ","Arctic Monkeys","Why'd You Only Call Me When You're High?","Domino Recording Co",111,118,7,"1642894"
128,"spotify:track:1A8990rtwHQ417l3yADe5t","Polo G","GNF (OKOKOK)","Columbia",37,37,2,"1641114"
129,"spotify:track:58ge6dfP91o9oXMzq3XkIS","Arctic Monkeys","505","Domino/Warner Records",129,139,7,"1639563"
130,"spotify:track:5dOxHHMOFAbG3VH23t0xNm","Juice WRLD","Righteous","Grade A Productions/Interscope Records",2,145,43,"1634855"
131,"spotify:track:45S5WTQEGOB1VHr1Q4FuPl","Harry Styles","Golden","Columbia",21,133,18,"1631569"
132,"spotify:track:43BlKpJcSrC9AsJ3F1DKg9","Lil Durk, King Von","Still Trappin'","Alamo",66,90,8,"1618426"
133,"spotify:track:3GVkPk8mqxz0itaAriG1L7","XXXTENTACION","Everybody Dies In Their Nightmares","Bad Vibes Forever / EMPIRE",15,152,104,"1616430"
134,"spotify:track:7AQim7LbvFVZJE3O8TYgf2","XXXTENTACION, Trippie Redd","Fuck Love","Bad Vibes Forever / EMPIRE",8,154,175,"1612926"
135,"spotify:track:6K4t31amVTZDgR3sKmwUJJ","Tame Impala","The Less I Know The Better","Universal Music Australia Pty. Ltd.",119,151,72,"1612378"
136,"spotify:track:6IBcOGPsniK3Pso1wHIhew","Luke Combs","Forever After All","River House Artists/Columbia Nashville",2,130,17,"1607302"
137,"spotify:track:7B3z0ySL9Rr0XvZEAjWZzM","Clairo","Sofia","FADER Label",27,138,22,"1602864"
138,"spotify:track:6tDDoYIxWvMLTdKpjFkc1B","Kali Uchis","telepatía","EMI / Interscope",138,-1,1,"1602002"
139,"spotify:track:55Am8neGJkdj2ADaM3aw5H","James Arthur","Train Wreck","Columbia",62,136,17,"1597451"
140,"spotify:track:7bCfHiRcfUjG0YVVNUL7Ve","CORPSE, Savage Ga$p","E-GIRLS ARE RUINING MY LIFE!","CORPSE",59,157,19,"1584822"
141,"spotify:track:6ft4hAq6yde8jPZY2i5zLr","MEDUZA, Dermot Kennedy","Paradise (feat. Dermot Kennedy)","Universal-Island Records Ltd.",113,131,7,"1583877"
142,"spotify:track:2xLMifQCjDGFmkHkpNLD9h","Travis Scott","SICKO MODE","Cactus Jack / Epic",1,166,130,"1583336"
143,"spotify:track:1J14CdDAvBTE1AJYUOwl6C","Duncan Laurence","Arcade","Universal Music, a division of Universal International Music BV",143,-1,1,"1583175"
144,"spotify:track:5uCax9HTNlzGybIStD3vDh","James Arthur","Say You Won't Let Go","Columbia",15,178,136,"1579694"
145,"spotify:track:2JvzF1RMd7lE3KmFlsyZD8","J. Cole","MIDDLE CHILD","Dreamville, Inc., Under exclusive license to Roc Nation Records",1,144,107,"1570798"
146,"spotify:track:3QzAOrNlsabgbMwlZt7TAY","Mustard, Roddy Ricch","Ballin' (with Roddy Ricch)","10 Summers Records/Interscope Records",11,159,81,"1566167"
147,"spotify:track:78QR3Wp35dqAhFEc2qAGjE","Lil Baby, Gunna","Drip Too Hard (Lil Baby & Gunna)","Quality Control Music/Young Stoner Life Records, a 300 Entertainment Label/Motown Records/Capitol Records",1,161,125,"1563201"
148,"spotify:track:3UoULw70kMsiVXxW0L3A33","Ariana Grande","pov","Republic Records",8,162,16,"1563022"
149,"spotify:track:0ada5XsQGLPUVbmTCkAP49","Juice WRLD, Marshmello, The Kid LAROI, Polo G","Hate The Other Side (with Marshmello & The Kid Laroi)","Grade A Productions/Interscope Records",5,167,32,"1562796"
150,"spotify:track:696DnlkuDOXcMAnKlTgXXK","Arizona Zervas","ROXANNE","Arizona Zervas",1,168,68,"1560812"
151,"spotify:track:003vvx7Niy0yvhvHt4a68B","The Killers","Mr. Brightside","Island Records",151,160,29,"1560109"
152,"spotify:track:3dYD57lRAUcMHufyqn9GcI","Hozier","Take Me to Church","Columbia",152,163,5,"1558423"
153,"spotify:track:1MX19fnaW1OUQoglWTYaOo","Morgan Wallen","Dangerous","Big Loud / Republic",37,79,6,"1556246"
154,"spotify:track:5MwynWK9s4hlyKHqhkNn4A","Morgan Wallen","Chasin' You","Big Loud Records",55,110,49,"1555779"
155,"spotify:track:5NvOZCjZaGGGL597exlQWv","Ricky Montgomery","Line Without a Hook","Warner Records",96,142,13,"1554267"
156,"spotify:track:527k23H0A4Q0UJN3vGs0Da","Don Toliver","After Party","We Run It Ent./Cactus Jack/Atlantic",13,171,45,"1553688"
157,"spotify:track:0zLCBJZSiELJf02ucPP9wb","SAINt JHN, Imanbek","Roses - Imanbek Remix","Craft Recordings",5,158,52,"1548710"
158,"spotify:track:0GO8y8jQk1PkHzS31d699N","GROUPLOVE","Tongue Tied","Canvasback/ATL",119,170,40,"1539279"
159,"spotify:track:03B2SfXuvDh1m9F4tqrX07","Sabrina Carpenter","Skin","Island Records",27,97,4,"1538927"
160,"spotify:track:0JJP0IS4w0fJx01EcrfkDe","All Time Low","Dear Maria, Count Me In","Hopeless Records",90,126,5,"1534974"
161,"spotify:track:6wQlQrTY5mVS8EGaFZVwVF","Juice WRLD, The Weeknd","Smile (with The Weeknd)","Grade A Productions/Interscope Records",2,146,27,"1531893"
162,"spotify:track:5GXAXm5YOmYT0kL5jHvYBt","The Weeknd, Daft Punk","I Feel It Coming","Universal Republic Records",10,93,42,"1531772"
163,"spotify:track:1ZMiCix7XSAbfAJlEZWMCp","Harry Styles","Falling","Columbia",11,165,59,"1525847"
164,"spotify:track:2IVsRhKrx8hlQBOWy4qebo","Ricky Montgomery","Mr. Loverman","Warner Records",155,176,11,"1506411"
165,"spotify:track:0RLLvYBopDwooCyvnTwgYu","Lil Tjay","F.N","Columbia",25,-1,62,"1506100"
166,"spotify:track:7fEoXCZTZFosUFvFQg1BmW","King Von","Took Her To The O","Forever and a Day, LLC / EMPIRE",37,182,15,"1500684"
167,"spotify:track:5YSHygGN9D0mID1NsVd5my","Juice WRLD, The Kid LAROI","Reminds Me Of You","Grade A Productions/Interscope Records",28,174,11,"1492920"
168,"spotify:track:6bnF93Rx87YqUBLSgjiMU8","The Weeknd","Heartless","Republic Records",1,89,34,"1473101"
169,"spotify:track:3K07bGe8iljQ3mOKArHLDo","Chris Stapleton","Starting Over","Mercury Nashville",43,-1,8,"1472647"
170,"spotify:track:5f1joOtoMeyppIcJGZQvqJ","Kane Brown, Swae Lee, Khalid","Be Like That - feat. Swae Lee & Khalid","RCA Records Label Nashville",25,169,30,"1469302"
171,"spotify:track:7L6G0wpIUiPXuvoo7qhb06","Yung Gravy","oops!","Republic Records",122,180,5,"1465191"
172,"spotify:track:75ZvA4QfFiZvzhj2xkaWAh","Post Malone","I Fall Apart","Universal Records",2,189,171,"1465017"
173,"spotify:track:2rRJrJEo19S2J82BDsQ3F7","Trevor Daniel","Falling","Alamo",5,186,64,"1464906"
174,"spotify:track:64SCQtbRtmO28ks1QhS3w5","Morgan Wallen","Warning","Big Loud / Republic",18,95,6,"1463612"
175,"spotify:track:4Z5FyQlevoHoa5FsIVKZju","DaBaby","PRACTICE","South Coast Music Group/Interscope Records",46,86,18,"1460694"
176,"spotify:track:5wujBwqG7INdStqGd4tRMX","Juice WRLD","Armed And Dangerous","Juice WRLD Mixtape / ISR P&D",9,193,111,"1460364"
177,"spotify:track:6J2LdBN97cDWn0MLxYh9HB","Noah Cyrus","July","Records/Columbia",56,175,67,"1460287"
178,"spotify:track:6gxKUmycQX7uyMwJcweFjp","Lil Baby, 42 Dugg","We Paid (feat. 42 Dugg)","Quality Control/Motown Records",9,184,36,"1456797"
179,"spotify:track:2wrJq5XKLnmhRXHIAf9xBa","Dan + Shay, Justin Bieber","10,000 Hours (with Justin Bieber)","Warner Music Nashville",2,197,67,"1453585"
180,"spotify:track:1qzckO538IWjqa7eCQdSJ4","BRS Kash, DaBaby, City Girls","Throat Baby (Go Baby) (with DaBaby & City Girls) - Remix","LVRN/Interscope Records",171,-1,2,"1452729"
181,"spotify:track:1jaTQ3nqY3oAAYyCTbIvnM","Jack Harlow","WHATS POPPIN","Generation Now/Atlantic",6,181,56,"1450296"
182,"spotify:track:4frLb7nWtsz2ymBE6k2GRP","The Weeknd","Earned It (Fifty Shades Of Grey)","Universal Republic Records",123,123,2,"1446487"
183,"spotify:track:4OBZT9EnhYIV17t4pGw7ig","Daniel Caesar, H.E.R.","Best Part (feat. H.E.R.)","MBK Entertainment/RCA Records",68,-1,93,"1437680"
184,"spotify:track:2vBET2pmrQqafaS6zIaYta","Black Eyed Peas, Shakira","GIRL LIKE ME","Epic",173,173,4,"1433459"
185,"spotify:track:4X4cPQicoAfannkUFUXmi9","Young Stoner Life, Young Thug, Meek Mill, T-Shyne","That Go! (feat. T-Shyne)","300 Entertainment",185,-1,1,"1431351"
186,"spotify:track:0JP9xo3adEtGSdUEISiszL","XXXTENTACION","Moonlight","Bad Vibes Forever, LLC",3,192,135,"1427075"
187,"spotify:track:4Q34FP1AT7GEl9oLgNtiWj","21 Savage, Metro Boomin, Drake","Mr. Right Now (feat. Drake)","Slaughter Gang, LLC/Epic/Boominati Worldwide/Republic",4,104,20,"1426559"
188,"spotify:track:6eVxH9Kyanzrw636zJRPcw","Lil Baby","Errbody","Quality Control Music/Motown Records",42,164,10,"1426319"
189,"spotify:track:25j0Sape7qZbq6ZPLFefTT","Erica Banks","Buss It","1501 Certified Ent/Warner Records",75,102,6,"1425317"
190,"spotify:track:22VdIZQfgXJea34mQxlt81","The Weeknd","Can't Feel My Face","Universal Republic Records",100,100,2,"1419188"
191,"spotify:track:6uFn47ACjqYkc0jADwEdj1","Polo G, Lil Tjay","Pop Out (feat. Lil Tjay)","Columbia",8,-1,83,"1416137"
192,"spotify:track:3jT2LKH0RSbQ8jIUNFzXm5","G Herbo, Lil Uzi Vert, Juice WRLD, Chance the Rapper","PTSD","Machine Entertainment Group - G Herbo",31,-1,43,"1414542"
193,"spotify:track:1nYzjrdVQ8RpF93M0jPFW7","Sara Kays","Remember That Night?","P2021",155,172,6,"1413429"
194,"spotify:track:5Km4r87BoX2qqtoprYS1gh","KAROL G, Anuel AA, J Balvin","LOCATION","UMLE - Latino",194,-1,1,"1412901"
195,"spotify:track:5KbTBSGUvgDg75gIVhUaAW","Eyedress","Jealous","Lex Records",195,-1,1,"1410053"
196,"spotify:track:7Bar1kLTmsRmH6FCKKMEyU","SZA, The Neptunes, Pharrell Williams, Ty Dolla $ign","Hit Different","Top Dawg Entertainment/RCA Records",18,185,16,"1406122"
197,"spotify:track:1rgnBhdG2JDFTbYkYRZAku","Tones And I","Dance Monkey","Elektra (NEK)",7,187,75,"1404807"
198,"spotify:track:30KctD1WsHKTIYczXjip5a","Kid Cudi","Tequila Shots","Republic Records",10,177,10,"1402000"
199,"spotify:track:2HbKqm4o0w5wEeEFXm2sD4","Kendrick Lamar, Jay Rock","Money Trees","Aftermath",88,188,20,"1397558"
200,"spotify:track:2ZRo7axmMPeSVUvDbGkJah","XXXTENTACION","Hope","Bad Vibes Forever, LLC",28,-1,47,"1396436"
