﻿rank,uri,artist_names,track_name,source,peak_rank,previous_rank,weeks_on_chart,streams
1,"spotify:track:0k1WUmIRnG3xU6fvvDVfRG","Drake, Future, Young Thug","Way 2 Sexy (with Future & Young Thug)","OVO",1,2,2,"12566960"
2,"spotify:track:2BcMwX1MPV6ZHP4tUT9uq6","Drake, 21 Savage, Project Pat","Knife Talk (with 21 Savage ft. Project Pat)","OVO",2,5,2,"10994213"
3,"spotify:track:5PjdY0CKGZdEuoNab3yDmX","The Kid LAROI, Justin Bieber","STAY (with Justin Bieber)","Columbia",1,12,10,"10885460"
4,"spotify:track:27NovPIUIRrOZoCHxABJwK","Lil Nas X, Jack Harlow","INDUSTRY BABY (feat. Jack Harlow)","Columbia",1,15,8,"9766371"
5,"spotify:track:40iJIUlhi6renaREYGeIDS","Drake, Travis Scott","Fair Trade (with Travis Scott)","OVO",3,3,2,"9515298"
6,"spotify:track:37Nqx7iavZpotJSDXZWbJ3","Drake, Lil Baby","Girls Want Girls (with Lil Baby)","OVO",1,1,2,"8661228"
7,"spotify:track:02MWAaffLxlfxAUY7c5dvx","Glass Animals","Heat Waves","Polydor Records",7,21,42,"8085874"
8,"spotify:track:3QFInJAm9eyaho5vBzxInN","Baby Keem, Kendrick Lamar","family ties (with Kendrick Lamar)","Columbia",8,23,3,"7799676"
9,"spotify:track:0RbW8kWozrVSIGb4V13o0o","Kanye West","Hurricane","Rock The World/IDJ/Kanye LP7",1,13,3,"7122782"
10,"spotify:track:4ZtFanR9U6ndgddUvNcjcG","Olivia Rodrigo","good 4 u","Olivia Rodrigo PS",1,26,18,"6572354"
11,"spotify:track:2HSmyk2qMN8WQjuGhaQgCk","Drake","Champagne Poetry","OVO",4,4,2,"6158277"
12,"spotify:track:3Vi5XqYrmQgOYBajMWSvCi","Doja Cat","Need to Know","Kemosabe Records/RCA Records",4,27,14,"6089360"
13,"spotify:track:3DarAbFujv6eYNliUTyqtz","Doja Cat, SZA","Kiss Me More (feat. SZA)","Kemosabe Records/RCA Records",1,32,23,"5684589"
14,"spotify:track:2Rd4eJ4KwXQQn2sMSToyUM","Kanye West","Moon","Rock The World/IDJ/Kanye LP7",6,28,3,"5432973"
15,"spotify:track:75MNhvTCCKsST3YqqUiU9r","Ed Sheeran","Shivers","Atlantic Records UK",15,-1,1,"5257794"
16,"spotify:track:2tUL6dZf1mywCj5WvCPZw6","Drake","No Friends In The Industry","OVO",9,9,2,"5190488"
17,"spotify:track:6Uj1ctrBOjOas8xZXGqKk4","Doja Cat","Woman","Kemosabe Records/RCA Records",15,36,12,"5074116"
18,"spotify:track:4XvcHTUfIlWfyJTRG0aqlo","Sleepy Hallow","2055","Winners Circle/RCA Records",8,37,13,"4927631"
19,"spotify:track:4s7QLoImIwmPi9L6dq1nVW","Drake","TSU","OVO",6,6,2,"4906149"
20,"spotify:track:07MDkzWARZaLEdKxo6yArG","THE ANXIETY, WILLOW, Tyler Cole","Meet Me At Our Spot","MSFTSMusic / Roc Nation Records, LLC",20,51,4,"4858774"
21,"spotify:track:4RVwu0g32PAqgUiJoXsdF8","Billie Eilish","Happier Than Ever","Darkroom/Interscope Records",3,30,7,"4783074"
22,"spotify:track:6PQ88X9TkUIAUIZJHW2upE","Ed Sheeran","Bad Habits","Atlantic Records UK",7,34,12,"4600666"
23,"spotify:track:67BtfxlNbhBmCDR2L2l8qd","Lil Nas X","MONTERO (Call Me By Your Name)","Columbia",1,38,25,"4480041"
24,"spotify:track:2gbMPBrBVj3CuNTLp2dHYs","Kanye West","Off The Grid","Rock The World/IDJ/Kanye LP7",4,25,3,"4369248"
25,"spotify:track:0UTyLmkQgPOEIz95OVAJTR","Baby Keem, Kendrick Lamar","range brothers (with Kendrick Lamar)","Columbia",25,-1,1,"4192687"
26,"spotify:track:5fwSHlTEWpluwOM0Sxnh5k","Farruko","Pepas","Sony Music Latin",20,42,8,"4083957"
27,"spotify:track:34D6FJysnQioVingDKufuf","Drake, Future","N 2 Deep","OVO",11,11,2,"4042975"
28,"spotify:track:6jy9yJfgCsMHdu2Oz4BGKX","Drake","Papi’s Home","OVO",7,7,2,"4030366"
29,"spotify:track:5CZ40GBx1sQ9agT82CLQCT","Olivia Rodrigo","traitor","Olivia Rodrigo PS",3,40,17,"4018142"
30,"spotify:track:0W6I02J9xcqK8MtSeosEXb","Doja Cat","Get Into It (Yuh)","Kemosabe Records/RCA Records",18,43,12,"3955883"
31,"spotify:track:61S79KIVA4I9FXbnsylEHT","Drake, Lil Durk, Giveon","In The Bible (with Lil Durk & Giveon)","OVO",8,8,2,"3935561"
32,"spotify:track:5nujrmhLynf4yMoMtj8AQF","Dua Lipa, DaBaby","Levitating (feat. DaBaby)","Warner Records",4,39,50,"3930358"
33,"spotify:track:0lnpnsrVaW9elGgRxpDCgE","Walker Hayes","Fancy Like","Monument Records",22,46,12,"3821731"
34,"spotify:track:3Wrjm47oTz2sjIgck11l5e","Måneskin","Beggin'","RCA Records Label",5,41,13,"3729679"
35,"spotify:track:37y7iDayfwm3WXn5BiAoRk","Steve Lacy","Dark Red","Three Quarter",34,48,6,"3689331"
36,"spotify:track:4VCbgIdr8ptegWeJpqLVHH","Drake, JAY-Z","Love All (with JAY-Z)","OVO",10,10,2,"3670558"
37,"spotify:track:18vXApRmJSgQ6wG2ll9AOg","Polo G","RAPSTAR","Columbia",1,50,23,"3564390"
38,"spotify:track:5lAnYvAIkSDNXqfo7DyFUm","Doja Cat","Ain't Shit","Kemosabe Records/RCA Records",4,49,12,"3444829"
39,"spotify:track:11pEKMLmavDu8fxOB5QjbQ","Drake","Pipe Down","OVO",14,14,2,"3424020"
40,"spotify:track:65OVbaJR5O1RmwOQx0875b","Drake, Lil Baby","Wants and Needs (feat. Lil Baby)","OVO",2,45,28,"3322648"
41,"spotify:track:6HU7h9RYOaPRFeh0R3UeAr","Olivia Rodrigo","deja vu","Olivia Rodrigo PS",2,47,24,"3299507"
42,"spotify:track:7F9cT6hIRhnFCYP6GKS0tf","Drake, Kid Cudi","IMY2 (with Kid Cudi)","OVO",17,17,2,"3240442"
43,"spotify:track:42ZrMq4BKsWDrrbMnMRYaK","Kanye West","Jail","Rock The World/IDJ/Kanye LP7",3,33,3,"3099557"
44,"spotify:track:4wONXG4GqWSscEyZlx300W","Kacey Musgraves","justified","Kacey Musgraves",44,193,3,"3078049"
45,"spotify:track:3J4VKkUpLvomXJbn9ZAypO","Meek Mill, Lil Durk, Lil Baby","Sharing Locations (feat. Lil Baby & Lil Durk)","MMG/Atlantic",36,55,3,"3063325"
46,"spotify:track:42m3eP1JJhtzffal9B136J","Drake","7am On Bridle Path","OVO",16,16,2,"3009669"
47,"spotify:track:6pmNoWKk0r6zfIjWneJRxR","DaBaby, Lil Wayne","Lonely (with Lil Wayne)","South Coast Music / Interscope PS",47,-1,1,"2981439"
48,"spotify:track:4iJyoBOLtHqaGxP12qzhQI","Justin Bieber, Daniel Caesar, Giveon","Peaches (feat. Daniel Caesar & Giveon)","RBMG/Def Jam",1,60,26,"2929716"
49,"spotify:track:7EkWXAI1wn8Ii883ecd9xr","Surf Curse","Freaks","Surf Curse",31,58,21,"2918469"
50,"spotify:track:3NqBxTOMCJ3zW9CIP51td4","Eslabon Armado, DannyLux","Jugaste y Sufrí","DEL Records",50,62,4,"2889655"
51,"spotify:track:2Q3jFbyE61mCjS3SkW4toJ","Drake","Race My Mind","OVO",18,18,2,"2868592"
52,"spotify:track:2QjOHCTQ1Jl3zawyYOpxh6","The Neighbourhood","Sweater Weather","Columbia",19,65,56,"2810405"
53,"spotify:track:5SixeLvPsYpk7qq9lo5xYg","Chlöe","Have Mercy","Parkwood Entertainment/Columbia",53,-1,1,"2792096"
54,"spotify:track:5wANPM4fQCJwkGd4rN57mH","Olivia Rodrigo","drivers license","Olivia Rodrigo PS",1,66,36,"2684140"
55,"spotify:track:1sx0XsWUusUoPstbvokZjP","Tai Verdes","AOK","Arista Records",39,63,14,"2648979"
56,"spotify:track:50ceCGZ3oD3U5caQV5bP6f","Drake, Lil Wayne, Rick Ross","You Only Live Twice (with Lil Wayne & Rick Ross)","OVO",19,19,2,"2599969"
57,"spotify:track:1lNEXDlxVhsWaq2DLBUDgC","Kacey Musgraves","simple times","Kacey Musgraves",57,-1,1,"2580370"
58,"spotify:track:0VjIjW4GlUZAMYd2vXMi3b","The Weeknd","Blinding Lights","Republic Records",1,72,94,"2578957"
59,"spotify:track:37BZB0z9T8Xu7U3e65qxFy","The Weeknd, Ariana Grande","Save Your Tears (with Ariana Grande) (Remix)","Republic Records",5,70,21,"2572633"
60,"spotify:track:0Zm7NKJgoKY6ZWwtoEUILK","Kanye West","Praise God","Rock The World/IDJ/Kanye LP7",7,35,3,"2567349"
61,"spotify:track:2JPLbjOn0wPCngEot2STUS","Bad Bunny","Yonaguni","Rimas Entertainment LLC",5,75,15,"2550937"
62,"spotify:track:62vpWI1CHwFy7tMIcSStl8","J. Cole","No Role Modelz","Roc Nation Records LLC",45,81,188,"2527593"
63,"spotify:track:1PDP7mLiAMwhfmgIwzhOm2","Drake, Yebba","Yebba’s Heartbreak","OVO",20,20,2,"2516820"
64,"spotify:track:6M3PsepEj5gyJoIi7Xvr7u","The Weeknd","Take My Breath - Single Version","XO / Republic Records",5,61,6,"2509257"
65,"spotify:track:5zNW5ARjYhJQJz1AChP33n","Megan Thee Stallion","Thot Shit","300 Entertainment",11,73,14,"2446962"
66,"spotify:track:7nc7mlSdWYeFom84zZ8Wr8","Cochise, $NOT","Tell Em","Columbia",26,87,16,"2434323"
67,"spotify:track:5JCoSi02qi3jJeHdZXMmR8","Olivia Rodrigo","favorite crime","Olivia Rodrigo PS",5,78,17,"2426801"
68,"spotify:track:3FAJ6O0NOHQV8Mc5Ri6ENp","Giveon","Heartbreak Anniversary","Epic/Not So Fast",9,85,32,"2402816"
69,"spotify:track:7MAibcTli4IisCtbHKrGMh","Bruno Mars, Anderson .Paak, Silk Sonic","Leave The Door Open","Aftermath Entertainment/Atlantic",4,74,28,"2384882"
70,"spotify:track:7CIERzyqIwLVKGp00YbHRO","PinkPantheress","Pain","Parlophone UK",48,77,11,"2378283"
71,"spotify:track:4s6vwFgPdCtidpEw8KuQT6","Lil Tecca, Gunna","REPEAT IT (with Gunna)","Galactic / Republic Records",28,96,6,"2376414"
72,"spotify:track:0k4d5YPDr1r7FX77VdqWez","Doja Cat, The Weeknd","You Right","Kemosabe Records/RCA Records",4,88,12,"2370907"
73,"spotify:track:6KgtcmCF9Ky68XC7ezxl3s","Lizzo, Cardi B","Rumors (feat. Cardi B)","Nice Life/Atlantic",6,64,5,"2368275"
74,"spotify:track:08XWh5c0BMyD1nKVxxl91z","Drake, Tems","Fountains (with Tems)","OVO",22,22,2,"2366319"
75,"spotify:track:5RwV8BvLfX5injfqYodke9","Rauw Alejandro","Todo De Ti","Sony Music Latin/Duars Entertainment",18,76,16,"2332761"
76,"spotify:track:0qXP5fMhxGzxALOkXYUxfP","A-Wall","Loverboy","Lord A-Wall Records",61,91,5,"2328065"
77,"spotify:track:7kDUspsoYfLkWnZR7qwHZl","Machine Gun Kelly, blackbear","my ex's best friend (with blackbear)","Bad Boy/Interscope Records",11,101,58,"2308819"
78,"spotify:track:5gZYpjakt37G3c58FKcQwJ","Trippie Redd, Playboi Carti","Miss The Rage","Homemade Projects / 10K Projects",4,82,19,"2305233"
79,"spotify:track:5JKnYZOhSP7rOK0jPYcCjV","WILLOW, Travis Barker","t r a n s p a r e n t s o u l feat. Travis Barker","MSFTSMusic / Roc Nation Records, LLC",20,98,18,"2298009"
80,"spotify:track:5ScbulRnixQ2XAdvrPMFjz","Drake, Ty Dolla $ign","Get Along Better","OVO",24,24,2,"2293520"
81,"spotify:track:0MMyJUC3WNnFS1lit5pTjk","Olivia Rodrigo","jealousy, jealousy","Olivia Rodrigo PS",10,79,17,"2279077"
82,"spotify:track:6SRsiMl7w1USE4mFqrOhHC","Olivia Rodrigo","brutal","Olivia Rodrigo PS",4,86,17,"2262401"
83,"spotify:track:15hJmqqEtASVXl6sM7i4UF","Baby Keem","trademark usa","Columbia",83,-1,1,"2227984"
84,"spotify:track:73uxnSsFMeJ15POpd3zgrV","Kanye West","Believe What I Say","Rock The World/IDJ/Kanye LP7",11,44,3,"2201264"
85,"spotify:track:2vmfvSoZBFAt9hhRoEByLi","Aventura, Bad Bunny","Volví","Rimas Entertainment LLC",17,80,7,"2189371"
86,"spotify:track:40uMIn2zJLAQhNXghRjBed","Post Malone","Motley Crew","Republic Records",3,89,10,"2186385"
87,"spotify:track:69AIpwGNLxr4qS1X5ynx60","Jordan Davis, Luke Bryan","Buy Dirt","MCA Nashville",87,108,5,"2182134"
88,"spotify:track:1q0PYXTbDsirp2l74ng6pn","J Balvin, Skrillex","In Da Getto","Sueños Globales, LLC",88,-1,1,"2180181"
89,"spotify:track:6cUHiQEECDl5m3WFGQ1GCR","Trippie Redd, Polo G, Lil Durk","Rich MF (feat. Lil Durk)","Homemade Projects / 10K Projects",21,90,4,"2165992"
90,"spotify:track:0RiRZpuVRbi7oqRdSMwhQY","Post Malone, Swae Lee","Sunflower - Spider-Man: Into the Spider-Verse","Republic Records",1,102,152,"2164332"
91,"spotify:track:4qu63nuBpdn0qHUHuObEj1","Marshmello, Jonas Brothers","Leave Before You Love Me (with Jonas Brothers)","Republic Records",45,103,17,"2163062"
92,"spotify:track:26BMsCXJpD7eYtP7ufhApC","Blueface, OG Bobby Billions","Outside (Better Days)","5th Amendment / Entertainment One / Billionaire Music Group / EMPIRE",64,134,10,"2150206"
93,"spotify:track:21jGcNKet2qwijlDFuPiPb","Post Malone","Circles","Republic Records",1,105,107,"2138802"
94,"spotify:track:2tGvwE8GcFKwNdAXMnlbfl","Olivia Rodrigo","happier","Olivia Rodrigo PS",5,100,17,"2116320"
95,"spotify:track:4jPy3l0RUwlUI9T5XHBW2m","24kGoldn, iann dior","Mood (feat. iann dior)","Records/Columbia",2,104,58,"2101425"
96,"spotify:track:3YJJjQPAbDT7mGpX3WtQ9A","SZA","Good Days","Top Dawg Entertainment/RCA Records",1,113,38,"2096530"
97,"spotify:track:0Fs9cdPDhptWEDJmiCbkEW","J. Cole, Cults, Amber Coffman","She Knows (feat. Amber Coffman & Cults)","Roc Nation LLC",97,114,7,"2094545"
98,"spotify:track:7v4pPS4A7NgY7bxFA3Etv3","CORPSE, Night Lovell","HOT DEMON B!TCHES NEAR U ! ! !","CORPSE",57,57,2,"2085506"
99,"spotify:track:6tDDoYIxWvMLTdKpjFkc1B","Kali Uchis","telepatía","EMI / Interscope",4,111,31,"2074390"
100,"spotify:track:51pshtuYkgUQnt5huMPbKL","Mac Miller, Empire of the Sun","The Spins","Rostrum Records",91,121,29,"2074389"
101,"spotify:track:2vWBUC9djv6BtiGlmKiQaH","Yot Club","YKWIM?","yot club under exclusive license to Amuseio AB",90,120,11,"2063193"
102,"spotify:track:2stbjvpFujerfDUuUUPX7o","Kacey Musgraves","breadwinner","Kacey Musgraves",102,-1,1,"2062341"
103,"spotify:track:1VLtjHwRWOVJiE5Py7JxoQ","Polo G","Martin & Gina","Columbia",23,115,59,"2058332"
104,"spotify:track:5svL1PkWw8hPEAOdTNLexy","Sueco","Paralyzed","Atlantic Records",41,92,5,"2037580"
105,"spotify:track:1EJIcDYXwSqipW5dFe4uJz","DJ Khaled, Lil Baby, Lil Durk","EVERY CHANCE I GET (feat. Lil Baby & Lil Durk)","Epic/We The Best",24,107,20,"2005458"
106,"spotify:track:30QR0ndUdiiMQMA9g1PGCm","$uicideboy$","...And to Those I Love, Thanks for Sticking Around","G59 Records",82,196,25,"1992536"
107,"spotify:track:6UelLqGlWMcVH1E5c4H7lY","Harry Styles","Watermelon Sugar","Columbia",4,112,96,"1992106"
108,"spotify:track:2Y0wPrPQBrGhoLn14xRYCG","Juice WRLD, Marshmello","Come & Go (with Marshmello)","Grade A Productions/Interscope Records",1,116,62,"1978594"
109,"spotify:track:32BeYxKPrig1LefHsC0Xuo","Billie Eilish","Happier Than Ever - Edit","Darkroom/Interscope Records",109,-1,1,"1945235"
110,"spotify:track:1MIGkQxcdAt2lDx6ySpsc5","Jack Harlow, Pooh Shiesty","SUVs (Black on Black)","Generation Now/Atlantic",22,117,6,"1935211"
111,"spotify:track:4VXIryQMWpIdGgYR4TrjT1","Juice WRLD","All Girls Are The Same","Juice WRLD Mixtape / ISR P&D",13,128,177,"1924620"
112,"spotify:track:4MzXwWMhyBbmu6hOcLVD49","Bad Bunny, Jhayco","DÁKITI","Rimas Entertainment LLC",1,122,46,"1917539"
113,"spotify:track:0cu0rhnlCnJ7JIeHRiLpj3","DaBaby","Ball If I Want To","South Coast Music Group/Interscope Records",28,135,13,"1917449"
114,"spotify:track:0zO8ctW0UiuOefR87OeJOZ","ScHoolboy Q, Kendrick Lamar","Collard Greens","Schoolboy Q",113,123,5,"1916227"
115,"spotify:track:1HsOTiVqdN7PB1zOS2bcsO","Trippie Redd, Juice WRLD","Matt Hardy 999","Homemade Projects / 10K Projects",11,95,4,"1912223"
116,"spotify:track:6E90gq0KO6FYZVOXx8kCcC","Masked Wolf","Astronaut In The Ocean","Elektra (NEK)",4,110,32,"1912213"
117,"spotify:track:0uxSUdBrJy9Un0EYoBowng","Lil Uzi Vert","20 Min","Generation Now/Atlantic",93,139,84,"1902972"
118,"spotify:track:3RkNXZvOSMMElmmXztDc94","Drake","F*****g Fans","OVO",29,29,2,"1902832"
119,"spotify:track:0ofHAoxe9vBkTCp2UQIavz","Fleetwood Mac","Dreams - 2004 Remaster","Rhino/Warner Records",6,109,54,"1899618"
120,"spotify:track:003vvx7Niy0yvhvHt4a68B","The Killers","Mr. Brightside","Island Records",82,126,59,"1867920"
121,"spotify:track:6IbCvfmmICEEAyDwQ9zcbt","Glass Animals","I Don't Wanna Talk (I Just Wanna Dance)","Polydor Records",121,-1,1,"1865092"
122,"spotify:track:64PsLB0bc1LJoZwogWO3ok","Kacey Musgraves","good wife","Kacey Musgraves",122,-1,1,"1863679"
123,"spotify:track:285pBltuF7vW8TeWk8hdRR","Juice WRLD","Lucid Dreams","Juice WRLD Mixtape / ISR P&D",1,132,176,"1850778"
124,"spotify:track:5B0kgjHULYJhAQkK5XsMoC","Tyler, The Creator, YoungBoy Never Broke Again, Ty Dolla $ign","WUSYANAME (feat. Youngboy Never Broke Again & Ty Dolla $ign)","Columbia",3,130,12,"1844968"
125,"spotify:track:7up5MwPUHQdv4DkzQRHRWP","Kanye West","Pure Souls","Rock The World/IDJ/Kanye LP7",22,53,3,"1841243"
126,"spotify:track:60ynsPSSKe6O3sfwRnIBRf","Doja Cat","Streets","Kemosabe Records/RCA Records",3,136,36,"1836827"
127,"spotify:track:4PuAqZlL1tkidkuxfDlLbF","Sam Hunt","23","MCA Nashville",127,-1,1,"1827615"
128,"spotify:track:6zSpb8dQRaw0M1dK8PBwQz","Elton John, Dua Lipa, PNAU","Cold Heart - PNAU Remix","EMI",118,189,4,"1823100"
129,"spotify:track:0y60itmpH0aPKsFiGxmtnh","WILLOW","Wait a Minute!","Roc Nation W Smith P&D",129,152,22,"1822662"
130,"spotify:track:1is8gU4RVcN4J8xItxWoOY","Clinton Kane","I GUESS I'M IN LOVE","Columbia",66,119,4,"1816686"
131,"spotify:track:7uQZVznj0uQOGC9KhV2Mg6","LISA","LALISA","YG Entertainment/Interscope Records",131,-1,1,"1789663"
132,"spotify:track:0EYDsKvLtGMdvsA7PaUvJO","Kacey Musgraves","star-crossed","Kacey Musgraves",132,-1,1,"1786943"
133,"spotify:track:5E30LdtzQTGqRvNd7l6kG5","The Neighbourhood","Daddy Issues","Columbia",59,146,53,"1786376"
134,"spotify:track:7H0ya83CMmgFcOhw0UB6ow","Beach House","Space Song","Sub Pop Records",130,143,10,"1778641"
135,"spotify:track:3PT3dmokgfqJSsZxv4Njw5","Kacey Musgraves","cherry blossom","Kacey Musgraves",135,-1,1,"1772284"
136,"spotify:track:7hxHWCCAIIxFLCzvDgnQHX","Internet Money, Gunna, Don Toliver, NAV","Lemonade (feat. NAV)","Internet Money Records / TenThousand Projects",1,145,57,"1766553"
137,"spotify:track:2U5WueTLIK5WJLD7mvDODv","Juice WRLD","Wishing Well","Grade A Productions/Interscope Records",1,141,62,"1762410"
138,"spotify:track:1D3z6HTiQsNmZxjl7F7eoG","J. Cole, 21 Savage, Morray","m y . l i f e (with 21 Savage & Morray)","Dreamville, Inc., Under exclusive license to Roc Nation Records",2,140,18,"1753939"
139,"spotify:track:2GiJYvgVaD2HtM8GqD9EgQ","BØRNS","Electric Love","UMGRI Interscope",44,144,64,"1753197"
140,"spotify:track:0lkQOB949M2gLyut86aJ1b","Cage The Elephant","Cigarette Daydreams","RCA Records Label",114,155,30,"1751818"
141,"spotify:track:1fxYz1s15pyZLsJT0Hdh1m","Roddy Ricch","late at night","Atlantic Records",24,149,15,"1749139"
142,"spotify:track:2wAJTrFhCnQyNSD3oUgTZO","J. Cole","Work Out","Roc Nation LLC",128,153,11,"1743810"
143,"spotify:track:6gBFPUFcJLzWGx4lenP6h2","Travis Scott","goosebumps","Cactus Jack / Epic",8,150,246,"1739812"
144,"spotify:track:0ZLuW8uOXdFNWcI40C0OC2","Jack Harlow, Tory Lanez, DaBaby, Lil Wayne","Whats Poppin (feat. DaBaby, Tory Lanez & Lil Wayne) [Remix] - Bonus Track","Generation Now/Atlantic",2,148,65,"1738592"
145,"spotify:track:20BOju91NaEFK5Py4VJ2pp","Saweetie, Doja Cat","Best Friend (feat. Doja Cat)","ICY/Warner Records",12,142,36,"1738453"
146,"spotify:track:0rKtyWc8bvkriBthvHKY8d","Joji","SLOW DANCING IN THE DARK","88rising Music/Warner Records",29,157,156,"1735800"
147,"spotify:track:3yaYgjEFkRw3PVjW9mV1TO","Smiley, Drake","Over The Top (feat. Drake)","OVO Sound",17,106,8,"1733162"
148,"spotify:track:6IBcOGPsniK3Pso1wHIhew","Luke Combs","Forever After All","River House Artists/Columbia Nashville",2,133,47,"1730025"
149,"spotify:track:6OTKVgVpVaVjhRLYizPJKA","PinkPantheress","Just for Me","Parlophone UK",64,137,5,"1728366"
150,"spotify:track:0eu4C55hL6x29mmeAjytzC","Oliver Tree","Life Goes On","Atlantic Records",150,-1,1,"1725814"
151,"spotify:track:5zFglKYiknIxks8geR8rcL","Maroon 5, Megan Thee Stallion","Beautiful Mistakes (feat. Megan Thee Stallion)","Interscope Records*",29,138,27,"1716092"
152,"spotify:track:33aow0AcXYvT1FoWNzMcqN","Nelly, Florida Georgia Line","Lil Bit (feat. Florida Georgia Line)","Records/Columbia",44,125,21,"1709507"
153,"spotify:track:3J8EOeKLTLXORtWPpOU5bE","Lil Tjay, 6LACK","Calling My Phone","Columbia",1,156,31,"1704625"
154,"spotify:track:27OeeYzk6klgBh83TSvGMA","The Kid LAROI","WITHOUT YOU","Columbia",8,147,44,"1701571"
155,"spotify:track:3gWzTnziivUYzqXtnvgN8q","Kanye West","Jonah","Rock The World/IDJ/Kanye LP7",13,52,3,"1700201"
156,"spotify:track:2SAqBLGA283SUiwJ3xOUVI","Drake, Lil Durk","Laugh Now Cry Later (feat. Lil Durk)","OVO",2,129,57,"1690850"
157,"spotify:track:4xqrdfXkTW4T0RauPLv3WA","Conan Gray","Heather","Republic Records",9,158,63,"1681699"
158,"spotify:track:2ZUJsR8HEktit58X6FuPQM","Kanye West","Heaven and Hell","Rock The World/IDJ/Kanye LP7",17,54,3,"1677445"
159,"spotify:track:7MmBhKBQnaa0I8TaDJs9ia","Baby Keem","issues","Columbia",159,-1,1,"1674313"
160,"spotify:track:6c5wQFfJApRMooKE7UQnlH","Baby Keem, Travis Scott","durag activity (with Travis Scott)","Columbia",28,-1,3,"1673717"
161,"spotify:track:7m9OqQk4RVRkw9JJdeAw96","XXXTENTACION","Jocelyn Flores","Bad Vibes Forever / EMPIRE",3,163,212,"1671397"
162,"spotify:track:1dIWPXMX4kRHj6Dt2DStUQ","Blxst, Tyga, Ty Dolla $ign","Chosen (feat. Ty Dolla $ign)","Red Bull Records Inc. / Evgle LLC",132,174,5,"1668506"
163,"spotify:track:0PvFJmanyNQMseIFrU708S","Pop Smoke, Lil Baby, DaBaby","For The Night (feat. Lil Baby & DaBaby)","Victor Victor Worldwide",2,164,63,"1660816"
164,"spotify:track:2HbKqm4o0w5wEeEFXm2sD4","Kendrick Lamar, Jay Rock","Money Trees","Aftermath",88,171,39,"1653866"
165,"spotify:track:5W8jRrZ6tWrTrqnKRtIQBf","J. Cole, Lil Baby","p r i d e . i s . t h e . d e v i l (with Lil Baby)","Dreamville, Inc., Under exclusive license to Roc Nation Records",4,151,18,"1648654"
166,"spotify:track:7GX5flRQZVHRAGd6B4TmDO","Lil Uzi Vert","XO Tour Llif3","Generation Now/Atlantic",2,184,231,"1646933"
167,"spotify:track:1cCXT1cErAY6tmIqHbodrt","Drake","The Remorse","OVO",31,31,2,"1643964"
168,"spotify:track:6Hj9jySrnFppAI0sEMCZpJ","Juice WRLD","Robbery","Grade A Productions/Interscope Records",3,165,135,"1635059"
169,"spotify:track:1JXBNvlDEl2epKSJ9EOgKX","The Kid LAROI, Polo G, Stunna Gambino","NOT SOBER (feat. Polo G & Stunna Gambino)","Columbia",16,176,8,"1634309"
170,"spotify:track:7qEHsqek33rTcFNT9PFqLf","Lewis Capaldi","Someone You Loved","Vertigo Berlin",6,169,125,"1625773"
171,"spotify:track:3SYLoL8KHxdQPYIkfwmUjN","Kanye West","Remote Control","Rock The World/IDJ/Kanye LP7",20,59,3,"1618014"
172,"spotify:track:488HG8lR11JswT2YgcWGRB","Meek Mill, Lil Uzi Vert","Blue Notes 2 (feat. Lil Uzi Vert)","MMG/Atlantic",71,71,2,"1614481"
173,"spotify:track:2iUmqdfGZcHIhS3b9E9EWq","Neon Trees","Everybody Talks","Mercury Records",124,166,29,"1608968"
174,"spotify:track:4lUmnwRybYH7mMzf16xB0y","Lil Baby, Lil Durk, Travis Scott","Hats Off (feat. Travis Scott)","Quality Control Music/Alamo Records/Motown Records",27,199,15,"1607777"
175,"spotify:track:1M4OcYkxAtu3ErzSgDEfoi","Cardi B","Up","Atlantic Records",3,161,32,"1607424"
176,"spotify:track:6foY66mWZN0pSRjZ408c00","Morgan Wallen","Whiskey Glasses","Big Loud Records",59,154,125,"1604889"
177,"spotify:track:1f3yAtsJtY87CTmM8RLnxf","Nirvana","Smells Like Teen Spirit","Geffen",135,162,10,"1598878"
178,"spotify:track:0mJBiaODgK0XjOLCN5fItq","Sam Smith","Like I Can","Capitol",145,160,4,"1592239"
179,"spotify:track:7ytR5pFWmSjzHJIeQkgog4","DaBaby, Roddy Ricch","ROCKSTAR (feat. Roddy Ricch)","South Coast Music Group/Interscope Records",1,172,74,"1590833"
180,"spotify:track:4kTLpAbhuEGHAAdDjOIWaa","Kid Cudi, MGMT, Ratatat","Pursuit Of Happiness (Nightmare)","Kid Cudi/Universal Records",168,168,2,"1580886"
181,"spotify:track:5QO79kh1waicV47BqGRL3g","The Weeknd","Save Your Tears","Republic Records",2,175,42,"1580149"
182,"spotify:track:58ge6dfP91o9oXMzq3XkIS","Arctic Monkeys","505","Domino/Warner Records",129,187,35,"1572509"
183,"spotify:track:7iqOIHHEmu6Vhw25GgQ2eA","J Balvin, Sech","Una Nota","Sueños Globales, LLC",183,-1,1,"1567771"
184,"spotify:track:0GO8y8jQk1PkHzS31d699N","GROUPLOVE","Tongue Tied","Canvasback/ATL",107,180,70,"1563356"
185,"spotify:track:3onYsG7nB3FwEVHYYWCrIM","Kanye West","No Child Left Behind","Rock The World/IDJ/Kanye LP7",23,67,3,"1563060"
186,"spotify:track:4VYEnxm7lmtG5sEEbcmORB","Kanye West","Ok Ok","Rock The World/IDJ/Kanye LP7",14,56,3,"1558463"
187,"spotify:track:4pt5fDVTg5GhEvEtlz9dKk","Måneskin","I WANNA BE YOUR SLAVE","RCA Records Label",45,127,13,"1551816"
188,"spotify:track:1ZIKpMTRPqhwAoVXWY3tXI","Ryan Hurd, Maren Morris","Chasing After You (with Maren Morris)","Arista Nashville",106,-1,12,"1546107"
189,"spotify:track:45bE4HXI0AwGZXfZtMp8JR","Tate McRae","you broke me first","RCA Records Label",16,197,61,"1536880"
190,"spotify:track:1tkg4EHVoqnhR6iFEXb60y","Pop Smoke","What You Know Bout Love","Victor Victor Worldwide",6,191,55,"1533350"
191,"spotify:track:6K4t31amVTZDgR3sKmwUJJ","Tame Impala","The Less I Know The Better","Universal Music Australia Pty. Ltd.",117,-1,100,"1530497"
192,"spotify:track:7sO5G9EABYOXQKNPNiE9NR","Offset, Metro Boomin","Ric Flair Drip (with Metro Boomin)","Slaughter Gang, LLC/Epic/Quality Control Music/Motown/Capitol/Boominati Worldwide/Republic",4,195,132,"1528910"
193,"spotify:track:4Oun2ylbjFKMPTiaSbbCih","Cardi B, Megan Thee Stallion","WAP (feat. Megan Thee Stallion)","Atlantic/KSR",1,183,58,"1528735"
194,"spotify:track:3OEjvmEBRrdTYbbrkiXG8a","Baby Keem, Don Toliver","cocoa (with Don Toliver)","Columbia",194,-1,1,"1521700"
195,"spotify:track:58ITRjekhkYqHvuE71NUc0","Kacey Musgraves","camera roll","Kacey Musgraves",195,-1,1,"1518228"
196,"spotify:track:1058fW9H3fZA6QjYCdOBad","Camila Cabello","Don't Go Yet","Epic",43,181,8,"1517396"
197,"spotify:track:7fBv7CLKzipRk6EC6TWHOB","The Weeknd","The Hills","Universal Republic Records",27,-1,42,"1517348"
198,"spotify:track:4EWCNWgDS8707fNSZ1oaA5","Kanye West","Heartless","Roc-A-Fella",137,186,7,"1509845"
199,"spotify:track:1uMHCAyGmHqyygoNRuo7MV","bbno$, Rich Brian","edamame","bbno$",199,-1,1,"1504205"
200,"spotify:track:22LAwLoDA5b4AaGSkg6bKW","Lil Mosey","Blueberry Faygo","Mogul Vision/Interscope Records",2,190,84,"1496193"
