﻿rank,uri,artist_names,track_name,source,peak_rank,previous_rank,weeks_on_chart,streams
1,"spotify:track:5PjdY0CKGZdEuoNab3yDmX","The Kid LAROI, Justin Bieber","STAY (with Justin Bieber)","Columbia",1,1,5,"14059933"
2,"spotify:track:27NovPIUIRrOZoCHxABJwK","Lil Nas X, Jack Harlow","INDUSTRY BABY (feat. Jack Harlow)","Columbia",1,2,3,"11851792"
3,"spotify:track:4RVwu0g32PAqgUiJoXsdF8","Billie Eilish","Happier Than Ever","Darkroom/Interscope Records",3,3,2,"9664107"
4,"spotify:track:4ZtFanR9U6ndgddUvNcjcG","Olivia Rodrigo","good 4 u","Olivia Rodrigo PS",1,4,13,"8782159"
5,"spotify:track:6OGogr19zPTM4BALXuMQpF","The Weeknd","Take My Breath - Single Version","XO / Republic Records",5,-1,1,"7594096"
6,"spotify:track:3Vi5XqYrmQgOYBajMWSvCi","Doja Cat","Need to Know","Kemosabe Records/RCA Records",6,7,9,"7183497"
7,"spotify:track:3DarAbFujv6eYNliUTyqtz","Doja Cat, SZA","Kiss Me More (feat. SZA)","Kemosabe Records/RCA Records",1,5,18,"7171016"
8,"spotify:track:6PQ88X9TkUIAUIZJHW2upE","Ed Sheeran","Bad Habits","Atlantic Records UK",8,11,7,"5635201"
9,"spotify:track:5lAnYvAIkSDNXqfo7DyFUm","Doja Cat","Ain't Shit","Kemosabe Records/RCA Records",4,6,7,"5595689"
10,"spotify:track:02MWAaffLxlfxAUY7c5dvx","Glass Animals","Heat Waves","Polydor Records",9,9,37,"5500091"
11,"spotify:track:67BtfxlNbhBmCDR2L2l8qd","Lil Nas X","MONTERO (Call Me By Your Name)","Columbia",1,8,20,"5491522"
12,"spotify:track:5nujrmhLynf4yMoMtj8AQF","Dua Lipa, DaBaby","Levitating (feat. DaBaby)","Warner Records",4,12,45,"5274327"
13,"spotify:track:4XvcHTUfIlWfyJTRG0aqlo","Sleepy Hallow","2055","Winners Circle/RCA Records",13,16,8,"5196673"
14,"spotify:track:3Wrjm47oTz2sjIgck11l5e","Måneskin","Beggin'","RCA Records Label",5,10,8,"5058362"
15,"spotify:track:5CZ40GBx1sQ9agT82CLQCT","Olivia Rodrigo","traitor","Olivia Rodrigo PS",3,14,12,"5020608"
16,"spotify:track:18vXApRmJSgQ6wG2ll9AOg","Polo G","RAPSTAR","Columbia",1,13,18,"4918806"
17,"spotify:track:2vmfvSoZBFAt9hhRoEByLi","Aventura, Bad Bunny","Volví","Rimas Entertainment LLC",17,48,2,"4844392"
18,"spotify:track:6HU7h9RYOaPRFeh0R3UeAr","Olivia Rodrigo","deja vu","Olivia Rodrigo PS",2,15,19,"4722189"
19,"spotify:track:65OVbaJR5O1RmwOQx0875b","Drake, Lil Baby","Wants and Needs (feat. Lil Baby)","OVO",2,18,23,"3942142"
20,"spotify:track:4iJyoBOLtHqaGxP12qzhQI","Justin Bieber, Daniel Caesar, Giveon","Peaches (feat. Daniel Caesar & Giveon)","RBMG/Def Jam",1,23,21,"3837647"
21,"spotify:track:5zNW5ARjYhJQJz1AChP33n","Megan Thee Stallion","Thot Shit","300 Entertainment",11,25,9,"3752858"
22,"spotify:track:1MIGkQxcdAt2lDx6ySpsc5","Jack Harlow, Pooh Shiesty","SUVs (Black on Black)","Generation Now/Atlantic",22,-1,1,"3746756"
23,"spotify:track:40uMIn2zJLAQhNXghRjBed","Post Malone","Motley Crew","Republic Records",3,24,5,"3682255"
24,"spotify:track:3ZozFqJJlDBNIm4xqxn2ZD","Walker Hayes","Fancy Like","Monument Records",24,29,7,"3649099"
25,"spotify:track:37BZB0z9T8Xu7U3e65qxFy","The Weeknd, Ariana Grande","Save Your Tears (with Ariana Grande) (Remix)","Republic Records",5,34,16,"3486017"
26,"spotify:track:7MAibcTli4IisCtbHKrGMh","Bruno Mars, Anderson .Paak, Silk Sonic","Leave The Door Open","Aftermath Entertainment/Atlantic",4,26,23,"3391820"
27,"spotify:track:5wANPM4fQCJwkGd4rN57mH","Olivia Rodrigo","drivers license","Olivia Rodrigo PS",1,35,31,"3335134"
28,"spotify:track:21AJQhGZpujjZQXByZAXpr","Lil Tecca, Gunna","REPEAT IT (with Gunna)","Galactic Records/Republic Records",28,-1,1,"3313083"
29,"spotify:track:5JCoSi02qi3jJeHdZXMmR8","Olivia Rodrigo","favorite crime","Olivia Rodrigo PS",5,32,12,"3265904"
30,"spotify:track:1JXBNvlDEl2epKSJ9EOgKX","The Kid LAROI, Polo G, Stunna Gambino","NOT SOBER (feat. Polo G & Stunna Gambino)","Columbia",16,28,3,"3188452"
31,"spotify:track:2JPLbjOn0wPCngEot2STUS","Bad Bunny","Yonaguni","Rimas Entertainment LLC",5,30,10,"3157597"
32,"spotify:track:5RwV8BvLfX5injfqYodke9","Rauw Alejandro","Todo De Ti","Sony Music Latin/Duars Entertainment",18,37,11,"3126295"
33,"spotify:track:7EkWXAI1wn8Ii883ecd9xr","Surf Curse","Freaks","Surf Curse",33,46,16,"3107161"
34,"spotify:track:0MMyJUC3WNnFS1lit5pTjk","Olivia Rodrigo","jealousy, jealousy","Olivia Rodrigo PS",10,42,12,"3030292"
35,"spotify:track:0k4d5YPDr1r7FX77VdqWez","Doja Cat, The Weeknd","You Right","Kemosabe Records/RCA Records",4,36,7,"2963300"
36,"spotify:track:0VjIjW4GlUZAMYd2vXMi3b","The Weeknd","Blinding Lights","Republic Records",1,47,89,"2951345"
37,"spotify:track:6Uj1ctrBOjOas8xZXGqKk4","Doja Cat","Woman","Kemosabe Records/RCA Records",37,67,7,"2947149"
38,"spotify:track:2tGvwE8GcFKwNdAXMnlbfl","Olivia Rodrigo","happier","Olivia Rodrigo PS",5,40,12,"2938889"
39,"spotify:track:6SRsiMl7w1USE4mFqrOhHC","Olivia Rodrigo","brutal","Olivia Rodrigo PS",4,44,12,"2887955"
40,"spotify:track:3yaYgjEFkRw3PVjW9mV1TO","Smiley, Drake","Over The Top (feat. Drake)","OVO Sound",17,33,3,"2882816"
41,"spotify:track:0BGwAKW4u8kWOhWFflZxfl","Masked Wolf","Astronaut In The Ocean","Elektra (NEK)",4,41,27,"2855430"
42,"spotify:track:5fwSHlTEWpluwOM0Sxnh5k","Farruko","Pepas","Sony Music Latin",42,90,3,"2811079"
43,"spotify:track:1EJIcDYXwSqipW5dFe4uJz","DJ Khaled, Lil Baby, Lil Durk","EVERY CHANCE I GET (feat. Lil Baby & Lil Durk)","Epic/We The Best",24,54,15,"2752742"
44,"spotify:track:2BITQ360Knh6qNAOqR7Dyq","Trippie Redd, Playboi Carti","Miss The Rage","Homemade Projects / 10K Projects",4,51,14,"2744172"
45,"spotify:track:0W6I02J9xcqK8MtSeosEXb","Doja Cat","Get Into It (Yuh)","Kemosabe Records/RCA Records",45,87,7,"2730085"
46,"spotify:track:2Y0wPrPQBrGhoLn14xRYCG","Juice WRLD, Marshmello","Come & Go (with Marshmello)","Grade A Productions/Interscope Records",1,105,57,"2688974"
47,"spotify:track:2sXf2JdbB2GlNju00kw9WE","Bruno Mars, Anderson .Paak, Silk Sonic","Skate","Aftermath Entertainment/Atlantic",17,17,2,"2679684"
48,"spotify:track:38GBNKZUhfBkk3oNlWzRYd","Billie Eilish","NDA","Darkroom/Interscope Records",13,20,5,"2675147"
49,"spotify:track:3FAJ6O0NOHQV8Mc5Ri6ENp","Giveon","Heartbreak Anniversary","Epic/Not So Fast",9,55,27,"2669011"
50,"spotify:track:0cu0rhnlCnJ7JIeHRiLpj3","DaBaby","Ball If I Want To","South Coast Music Group/Interscope Records",28,45,8,"2638322"
51,"spotify:track:4pt5fDVTg5GhEvEtlz9dKk","Måneskin","I WANNA BE YOUR SLAVE","RCA Records Label",45,58,8,"2596398"
52,"spotify:track:7nc7mlSdWYeFom84zZ8Wr8","Cochise, $NOT","Tell Em","Columbia",26,57,11,"2594599"
53,"spotify:track:2QjOHCTQ1Jl3zawyYOpxh6","The Neighbourhood","Sweater Weather","Columbia",19,59,51,"2589785"
54,"spotify:track:2bgTY4UwhfBYhGT4HUYStN","BTS","Butter","BIGHIT MUSIC",13,52,12,"2565550"
55,"spotify:track:7CIERzyqIwLVKGp00YbHRO","PinkPantheress","Pain","Parlophone UK",55,65,6,"2474336"
56,"spotify:track:5JKnYZOhSP7rOK0jPYcCjV","WILLOW, Travis Barker","t r a n s p a r e n t s o u l feat. Travis Barker","MSFTSMusic / Roc Nation Records, LLC",20,56,13,"2460184"
57,"spotify:track:7kDUspsoYfLkWnZR7qwHZl","Machine Gun Kelly, blackbear","my ex's best friend (with blackbear)","Bad Boy/Interscope Records",11,70,53,"2415898"
58,"spotify:track:4ka1FkKAMde6dQAFFMXKac","Nessa Barrett","i hope ur miserable until ur dead","Warner Records",58,-1,1,"2406178"
59,"spotify:track:1sx0XsWUusUoPstbvokZjP","Tai Verdes","AOK","Arista Records",59,93,9,"2355813"
60,"spotify:track:6tDDoYIxWvMLTdKpjFkc1B","Kali Uchis","telepatía","EMI / Interscope",4,69,26,"2342206"
61,"spotify:track:4qu63nuBpdn0qHUHuObEj1","Marshmello, Jonas Brothers","Leave Before You Love Me (with Jonas Brothers)","Republic Records",45,61,12,"2317290"
62,"spotify:track:0mHGftgYtmpH4y17T3VZ2E","blackbear","@ my worst","Alamo/Columbia",62,-1,1,"2284902"
63,"spotify:track:5B0kgjHULYJhAQkK5XsMoC","Tyler, The Creator, YoungBoy Never Broke Again, Ty Dolla $ign","WUSYANAME (feat. Youngboy Never Broke Again & Ty Dolla $ign)","Columbia",3,74,7,"2283975"
64,"spotify:track:4jPy3l0RUwlUI9T5XHBW2m","24kGoldn, iann dior","Mood (feat. iann dior)","Records/Columbia",2,75,53,"2277929"
65,"spotify:track:21jGcNKet2qwijlDFuPiPb","Post Malone","Circles","Republic Records",1,73,102,"2275715"
66,"spotify:track:4MzXwWMhyBbmu6hOcLVD49","Bad Bunny, Jhayco","DÁKITI","Rimas Entertainment LLC",1,72,41,"2265363"
67,"spotify:track:3YJJjQPAbDT7mGpX3WtQ9A","SZA","Good Days","Top Dawg Entertainment/RCA Records",1,81,33,"2243241"
68,"spotify:track:0NmuYnjETG3u3qx0OmEJev","Nelly, Florida Georgia Line","Lil Bit","Records/Columbia",44,82,16,"2229202"
69,"spotify:track:5zFglKYiknIxks8geR8rcL","Maroon 5, Megan Thee Stallion","Beautiful Mistakes (feat. Megan Thee Stallion)","Interscope Records*",29,63,22,"2228832"
70,"spotify:track:60ynsPSSKe6O3sfwRnIBRf","Doja Cat","Streets","Kemosabe Records/RCA Records",3,79,31,"2228490"
71,"spotify:track:0RiRZpuVRbi7oqRdSMwhQY","Post Malone, Swae Lee","Sunflower - Spider-Man: Into the Spider-Verse","Republic Records",1,77,147,"2218436"
72,"spotify:track:6UelLqGlWMcVH1E5c4H7lY","Harry Styles","Watermelon Sugar","Columbia",4,80,91,"2203178"
73,"spotify:track:1VLtjHwRWOVJiE5Py7JxoQ","Polo G","Martin & Gina","Columbia",23,76,54,"2202986"
74,"spotify:track:62vpWI1CHwFy7tMIcSStl8","J. Cole","No Role Modelz","Roc Nation Records LLC",45,86,183,"2194501"
75,"spotify:track:1YDebgap5OFwXEBG18NJvy","DaBaby","Red Light Green Light","South Coast Music Group/Interscope Records",32,62,7,"2176028"
76,"spotify:track:20BOju91NaEFK5Py4VJ2pp","Saweetie, Doja Cat","Best Friend (feat. Doja Cat)","ICY/Warner Records",12,84,31,"2116179"
77,"spotify:track:37y7iDayfwm3WXn5BiAoRk","Steve Lacy","Dark Red","Three Quarter",77,-1,1,"2111514"
78,"spotify:track:27OeeYzk6klgBh83TSvGMA","The Kid LAROI","WITHOUT YOU","Columbia",8,83,39,"2110567"
79,"spotify:track:1058fW9H3fZA6QjYCdOBad","Camila Cabello","Don't Go Yet","Epic",43,78,3,"2072190"
80,"spotify:track:5eXBXreN3d1zdj6Sa8dS0u","BTS","Permission to Dance","BIGHIT MUSIC",16,64,5,"2056514"
81,"spotify:track:1D3z6HTiQsNmZxjl7F7eoG","J. Cole, 21 Savage, Morray","m y . l i f e (with 21 Savage & Morray)","Dreamville, Inc., Under exclusive license to Roc Nation Records",2,89,13,"2020354"
82,"spotify:track:4191RXFPa7Ge9XkA4cWlna","Billie Eilish","Lost Cause","Darkroom/Interscope Records",13,31,10,"2016500"
83,"spotify:track:4t2OeILB07eMGTXSUbMPEu","Billie Eilish","Oxytocin","Darkroom/Interscope Records",21,21,2,"2012531"
84,"spotify:track:2KnuaZYoGzDoHiBTNYOTXG","Billie Eilish","Billie Bossa Nova","Darkroom/Interscope Records",22,22,2,"1994602"
85,"spotify:track:1M4OcYkxAtu3ErzSgDEfoi","Cardi B","Up","Atlantic Records",3,88,27,"1993571"
86,"spotify:track:4VXIryQMWpIdGgYR4TrjT1","Juice WRLD","All Girls Are The Same","Juice WRLD Mixtape / ISR P&D",13,96,172,"1978388"
87,"spotify:track:0ofHAoxe9vBkTCp2UQIavz","Fleetwood Mac","Dreams - 2004 Remaster","Rhino/Warner Records",6,97,49,"1961886"
88,"spotify:track:2U5WueTLIK5WJLD7mvDODv","Juice WRLD","Wishing Well","Grade A Productions/Interscope Records",1,98,57,"1960365"
89,"spotify:track:7nVERWQXlgZRQsYw4fHf3b","KSI, Lil Wayne","Lose","BMG Rights Management (US) LLC",89,-1,1,"1955556"
90,"spotify:track:003vvx7Niy0yvhvHt4a68B","The Killers","Mr. Brightside","Island Records",90,109,54,"1934268"
91,"spotify:track:285pBltuF7vW8TeWk8hdRR","Juice WRLD","Lucid Dreams","Juice WRLD Mixtape / ISR P&D",1,103,171,"1911133"
92,"spotify:track:05bfbizlM5AX6Mf1RRyMho","Nio Garcia, J Balvin, Bad Bunny","AM Remix","Flow La Movie",55,94,7,"1898348"
93,"spotify:track:1fxYz1s15pyZLsJT0Hdh1m","Roddy Ricch","late at night","Atlantic Records",24,91,10,"1895156"
94,"spotify:track:7hxHWCCAIIxFLCzvDgnQHX","Internet Money, Gunna, Don Toliver, NAV","Lemonade (feat. NAV)","Internet Money Records / TenThousand Projects",1,101,52,"1895073"
95,"spotify:track:3J8EOeKLTLXORtWPpOU5bE","Lil Tjay, 6LACK","Calling My Phone","Columbia",1,95,26,"1890101"
96,"spotify:track:2TOzTqQXNmR2zDJXihjZ2e","Olivia Rodrigo","enough for you","Olivia Rodrigo PS",6,92,12,"1888879"
97,"spotify:track:2IePEfMAtqWS6rLXXFZIgI","Internet Money, Gunna, Don Toliver, Lil Uzi Vert","His & Hers (feat. Don Toliver & Lil Uzi Vert)","Internet Money / 10K Projects",50,110,13,"1886072"
98,"spotify:track:4HOryCnbme0zBnF8LWij3f","Billie Eilish","Getting Older","Darkroom/Interscope Records",19,19,2,"1875937"
99,"spotify:track:51pshtuYkgUQnt5huMPbKL","Mac Miller, Empire of the Sun","The Spins","Rostrum Records",95,117,24,"1869044"
100,"spotify:track:0Kdj7nwaYQmvhxnqZaIQuW","Bo Burnham","Bezos I","Bo Burnham",53,85,8,"1865092"
101,"spotify:track:0ZLuW8uOXdFNWcI40C0OC2","Jack Harlow, Tory Lanez, DaBaby, Lil Wayne","Whats Poppin (feat. DaBaby, Tory Lanez & Lil Wayne) [Remix] - Bonus Track","Generation Now/Atlantic",2,102,60,"1861570"
102,"spotify:track:20R4HfKloPKgXDqU7UKk3x","Billie Eilish","Therefore I Am","Darkroom/Interscope Records",1,50,33,"1860652"
103,"spotify:track:6IBcOGPsniK3Pso1wHIhew","Luke Combs","Forever After All","River House Artists/Columbia Nashville",2,112,42,"1853634"
104,"spotify:track:4lUmnwRybYH7mMzf16xB0y","Lil Baby, Lil Durk, Travis Scott","Hats Off (feat. Travis Scott)","Quality Control Music/Alamo Records/Motown Records",27,138,10,"1851689"
105,"spotify:track:5W8jRrZ6tWrTrqnKRtIQBf","J. Cole, Lil Baby","p r i d e . i s . t h e . d e v i l (with Lil Baby)","Dreamville, Inc., Under exclusive license to Roc Nation Records",4,113,13,"1841474"
106,"spotify:track:67G6iaOw8DZqp1z8STR89R","BIA, Nicki Minaj","WHOLE LOTTA MONEY (feat. Nicki Minaj) - Remix","Epic",35,100,5,"1831599"
107,"spotify:track:0PvFJmanyNQMseIFrU708S","Pop Smoke, Lil Baby, DaBaby","For The Night (feat. Lil Baby & DaBaby)","Victor Victor Worldwide",2,111,58,"1825001"
108,"spotify:track:35mvY5S1H3J2QZyna3TFe0","Ariana Grande","positions","Republic Records",1,156,42,"1809370"
109,"spotify:track:21UkXrc9kD48rNpTMI2ecz","Lil Tecca","NEVER LEFT","Galactic / Republic Records",20,106,14,"1805540"
110,"spotify:track:6rTInqW3YECMkQsBEHw4sd","Young Stoner Life, Young Thug, Gunna, Drake","Solid (feat. Drake)","300 Entertainment",7,104,17,"1803402"
111,"spotify:track:2SAqBLGA283SUiwJ3xOUVI","Drake, Lil Durk","Laugh Now Cry Later (feat. Lil Durk)","OVO",2,118,52,"1788274"
112,"spotify:track:0nqhKXDjsyBMvbeWmgijD0","Moneybagg Yo","Wockesha","CMG/N-Less/Interscope Records",56,107,13,"1783767"
113,"spotify:track:6foY66mWZN0pSRjZ408c00","Morgan Wallen","Whiskey Glasses","Big Loud Records",59,120,120,"1777599"
114,"spotify:track:5QO79kh1waicV47BqGRL3g","The Weeknd","Save Your Tears","Republic Records",2,129,37,"1776787"
115,"spotify:track:7ytR5pFWmSjzHJIeQkgog4","DaBaby, Roddy Ricch","ROCKSTAR (feat. Roddy Ricch)","South Coast Music Group/Interscope Records",1,114,69,"1775118"
116,"spotify:track:0uxSUdBrJy9Un0EYoBowng","Lil Uzi Vert","20 Min","Generation Now/Atlantic",93,122,79,"1759278"
117,"spotify:track:3EpF150nXMSNjiH0bbmXIL","Trippie Redd, Lil Uzi Vert","Holy Smokes (feat. Lil Uzi Vert)","Homemade Projects / 10K Projects",25,115,4,"1741117"
118,"spotify:track:4Oun2ylbjFKMPTiaSbbCih","Cardi B, Megan Thee Stallion","WAP (feat. Megan Thee Stallion)","Atlantic/KSR",1,125,53,"1740368"
119,"spotify:track:7bcy34fBT2ap1L4bfPsl9q","Billie Eilish","I Didn't Change My Number","Darkroom/Interscope Records",27,27,2,"1733924"
120,"spotify:track:3HGnIIdHYIbkowzLk8UHbE","Ingrid Andress, Sam Hunt","Wishful Drinking (with Sam Hunt)","Atlantic/Warner Music Nashville",120,-1,1,"1733558"
121,"spotify:track:2vWBUC9djv6BtiGlmKiQaH","Yot Club","YKWIM?","yot club under exclusive license to Amuseio AB",121,136,6,"1732856"
122,"spotify:track:5E30LdtzQTGqRvNd7l6kG5","The Neighbourhood","Daddy Issues","Columbia",59,126,48,"1728160"
123,"spotify:track:0lkQOB949M2gLyut86aJ1b","Cage The Elephant","Cigarette Daydreams","RCA Records Label",121,135,25,"1723268"
124,"spotify:track:2GiJYvgVaD2HtM8GqD9EgQ","BØRNS","Electric Love","UMGRI Interscope",44,132,59,"1722874"
125,"spotify:track:472vIK1ldetTxRxG3ovaiY","Dan + Shay","Glad You Exist","Warner Music Nashville",64,116,21,"1712890"
126,"spotify:track:6gBFPUFcJLzWGx4lenP6h2","Travis Scott","goosebumps","Cactus Jack / Epic",8,140,241,"1709063"
127,"spotify:track:3Ho13bRS28xEvGvgW4LOFM","Sheff G, Polo G","On Go (feat. Polo G)","Winners Circle/RCA Records",127,-1,1,"1699962"
128,"spotify:track:6Hj9jySrnFppAI0sEMCZpJ","Juice WRLD","Robbery","Grade A Productions/Interscope Records",3,133,130,"1692982"
129,"spotify:track:1tkg4EHVoqnhR6iFEXb60y","Pop Smoke","What You Know Bout Love","Victor Victor Worldwide",6,130,50,"1672259"
130,"spotify:track:3YUMWmx8EJq0DurfuIwoGh","Billie Eilish","my future","Darkroom/Interscope Records",2,39,14,"1662952"
131,"spotify:track:5f3MXmTmstozFg0BH1yPUk","Jason Aldean, Carrie Underwood","If I Didn’t Love You","Broken Bow Records",47,108,3,"1658452"
132,"spotify:track:6hf0RpxTbOprT5nnwzkk8e","J Balvin, Maria Becerra","Qué Más Pues?","Sueños Globales, LLC",79,123,8,"1656798"
133,"spotify:track:7qEHsqek33rTcFNT9PFqLf","Lewis Capaldi","Someone You Loved","Vertigo Berlin",6,143,120,"1625581"
134,"spotify:track:0GO8y8jQk1PkHzS31d699N","GROUPLOVE","Tongue Tied","Canvasback/ATL",107,145,65,"1623448"
135,"spotify:track:1f3yAtsJtY87CTmM8RLnxf","Nirvana","Smells Like Teen Spirit","Geffen",135,154,5,"1620301"
136,"spotify:track:3aQem4jVGdhtg116TmJnHz","Drake","What’s Next","OVO",1,139,23,"1614315"
137,"spotify:track:4TIqzdAssasqx3DAe6cG9J","Joyner Lucas, Lil Baby","Ramen & OJ","Twenty Nine Music Group",35,131,15,"1611215"
138,"spotify:track:2iUmqdfGZcHIhS3b9E9EWq","Neon Trees","Everybody Talks","Mercury Records",130,153,24,"1610467"
139,"spotify:track:5XsAal7ZcWg1I5T4NcRjkv","Billie Eilish","Halley's Comet","Darkroom/Interscope Records",38,38,2,"1608591"
140,"spotify:track:7H0ya83CMmgFcOhw0UB6ow","Beach House","Space Song","Sub Pop Records",139,147,5,"1606587"
141,"spotify:track:7FGdjbZ32vMybPuP0IuE7d","Pooh Shiesty, Lil Durk","Back in Blood (feat. Lil Durk)","Atlantic Records",9,144,31,"1602930"
142,"spotify:track:22LAwLoDA5b4AaGSkg6bKW","Lil Mosey","Blueberry Faygo","Mogul Vision/Interscope Records",2,142,79,"1600812"
143,"spotify:track:0QULNNd9z5s35entfiiXoa","Elle King, Miranda Lambert","Drunk (And I Don't Wanna Go Home)","RCA Records Label",143,-1,2,"1598152"
144,"spotify:track:4xqrdfXkTW4T0RauPLv3WA","Conan Gray","Heather","Republic Records",9,148,58,"1595294"
145,"spotify:track:3PfIrDoz19wz7qK7tYeu62","Dua Lipa","Don't Start Now","Warner Records",5,149,89,"1594296"
146,"spotify:track:465eCPwUAz2qz7IdQaxUui","Nas","Rare","Mass Appeal",146,-1,1,"1589084"
147,"spotify:track:042Sl6Mn83JHyLEqdK7uI0","Billie Eilish","Your Power","Darkroom/Interscope Records",4,53,10,"1587804"
148,"spotify:track:4wcBRRpIfesgcyUtis7PEg","Olivia Rodrigo","1 step forward, 3 steps back","Olivia Rodrigo PS",8,127,12,"1586057"
149,"spotify:track:4LaGu95Ui2s4vprSQYWUAZ","Pop Smoke, 21 Savage, 42 Dugg","Bout A Million (feat. 42 Dugg & 21 Savage)","Victor Victor Worldwide",26,99,4,"1582892"
150,"spotify:track:0rKtyWc8bvkriBthvHKY8d","Joji","SLOW DANCING IN THE DARK","88rising Music/Warner Records",29,163,151,"1580756"
151,"spotify:track:0Fs9cdPDhptWEDJmiCbkEW","J. Cole, Cults, Amber Coffman","She Knows (feat. Amber Coffman & Cults)","Roc Nation LLC",151,173,2,"1574996"
152,"spotify:track:6ocbgoVGwYJhOv1GgI9NsF","Ariana Grande","7 rings","Republic Records",1,-1,79,"1572800"
153,"spotify:track:3cBsEDNhFI9E82vPj3kvi3","Morgan Wallen","Wasted On You","Big Loud / Republic",3,152,31,"1567023"
154,"spotify:track:2wAJTrFhCnQyNSD3oUgTZO","J. Cole","Work Out","Roc Nation LLC",128,175,6,"1560145"
155,"spotify:track:3fqwjXwUGN6vbzIwvyFMhx","Chris Stapleton","Tennessee Whiskey","Mercury Nashville",135,158,35,"1558601"
156,"spotify:track:4bHsxqR3GMrXTxEPLuK5ue","Journey","Don't Stop Believin' (2022 Remaster)","Columbia/Legacy",132,159,34,"1556060"
157,"spotify:track:0nbXyq5TXYPCO7pr3N8S4I","Roddy Ricch","The Box","Atlantic Records",1,137,88,"1544132"
158,"spotify:track:7GX5flRQZVHRAGd6B4TmDO","Lil Uzi Vert","XO Tour Llif3","Generation Now/Atlantic",2,162,226,"1538382"
159,"spotify:track:45bE4HXI0AwGZXfZtMp8JR","Tate McRae","you broke me first","RCA Records Label",16,157,56,"1538245"
160,"spotify:track:25AvaE23MXl06YRtQcQoJS","Bo Burnham","Welcome to The Internet","Bo Burnham",61,128,9,"1532345"
161,"spotify:track:1dg3qy5DjoJodawfOCgrTP","Lil Tjay, Offset, Moneybagg Yo","Run It Up (feat. Offset & Moneybagg Yo)","Columbia",28,151,19,"1531783"
162,"spotify:track:2mt1IqcFyY1zmYZT8Q3xw9","blackbear","hot girl bummer","Alamo",4,170,103,"1529880"
163,"spotify:track:7fBv7CLKzipRk6EC6TWHOB","The Weeknd","The Hills","Universal Republic Records",27,187,39,"1523633"
164,"spotify:track:6Im9k8u9iIzKMrmV7BWtlF","Ariana Grande","34+35","Republic Records",2,194,41,"1520431"
165,"spotify:track:7m9OqQk4RVRkw9JJdeAw96","XXXTENTACION","Jocelyn Flores","Bad Vibes Forever / EMPIRE",3,179,207,"1517594"
166,"spotify:track:4Li2WHPkuyCdtmokzW2007","JAY-Z, Kanye West","Ni**as In Paris","Roc Nation/RocAFella/IDJ",166,-1,8,"1517282"
167,"spotify:track:4JeOesjcWWlprTAvucDSJX","Conan Gray","People Watching","Republic Records",98,167,4,"1516360"
168,"spotify:track:4rPkN1FMzQyFNP9cLUGIIB","Dua Lipa","Love Again","Warner Records",142,189,4,"1513220"
169,"spotify:track:58ge6dfP91o9oXMzq3XkIS","Arctic Monkeys","505","Domino/Warner Records",129,178,30,"1506944"
170,"spotify:track:3eBnEo9WL34ulBCZlLpUQO","Zac Brown Band","Chicken Fried","Home Grown Music",71,174,12,"1503178"
171,"spotify:track:4EWCNWgDS8707fNSZ1oaA5","Kanye West","Heartless","Roc-A-Fella",171,-1,2,"1500589"
172,"spotify:track:34chhNX59Wo9HMFCsI3K8Y","Kane Brown, blackbear","Memory","RCA Records Label Nashville",42,164,5,"1500408"
173,"spotify:track:5uEYRdEIh9Bo4fpjDd4Na9","Travis Scott, HVME","Goosebumps - Remix","Cactus Jack/Epic",36,171,30,"1499053"
174,"spotify:track:3Osd3Yf8K73aj4ySn6LrvK","JAY-Z, Kanye West, Frank Ocean, The-Dream","No Church In The Wild","Roc Nation/RocAFella/IDJ",174,-1,1,"1495295"
175,"spotify:track:161DnLWsx1i3u1JT05lzqU","Bruno Mars","Talking to the Moon","Atlantic Records",64,161,21,"1494351"
176,"spotify:track:3w1WjD2zJqjBjDz5fwqQPJ","Jack Harlow","Tyler Herro","Generation Now/Atlantic",9,165,36,"1489579"
177,"spotify:track:4ak9GGe6afmi2HbxEjvhIC","Billie Eilish","Male Fantasy","Darkroom/Interscope Records",49,49,2,"1487547"
178,"spotify:track:5OELUCYgOHKFAvCERnAvfS","Morgan Wallen","More Than My Hometown","Big Loud / Republic",21,172,68,"1485011"
179,"spotify:track:7BoobGhD4x5K96Me0hqC8Q","Bella Poarch","Build a Bitch","Warner Records",28,124,13,"1483714"
180,"spotify:track:2vXgyN14LX2zl7JEASw242","Normani, Cardi B","Wild Side (feat. Cardi B)","Keep Cool/RCA Records",48,134,4,"1479554"
181,"spotify:track:2rxQMGVafnNaRaXlRMWPde","Luke Combs","Beautiful Crazy","River House Artists/Columbia Nashville",61,168,159,"1479152"
182,"spotify:track:0ezwvY7TkCwDEkKR49084k","Polo G, Lil Wayne","GANG GANG (with Lil Wayne)","Columbia",25,155,12,"1478118"
183,"spotify:track:79s5XnCN4TJKTVMSmOx8Ep","Pop Smoke","Dior","Victor Victor Worldwide/Republic Records",18,150,74,"1475447"
184,"spotify:track:1K5KBOgreBi5fkEHvg5ap3","Future, Drake","Life Is Good (feat. Drake)","Epic/Freebandz",2,176,83,"1471387"
185,"spotify:track:2gMXnyrvIjhVBUZwvLZDMP","Lewis Capaldi","Before You Go","Vertigo Berlin",42,184,88,"1471278"
186,"spotify:track:6K4t31amVTZDgR3sKmwUJJ","Tame Impala","The Less I Know The Better","Universal Music Australia Pty. Ltd.",117,181,97,"1461157"
187,"spotify:track:30QR0ndUdiiMQMA9g1PGCm","$uicideboy$","...And to Those I Love, Thanks for Sticking Around","G59 Records",82,200,21,"1451938"
188,"spotify:track:0u2P5u6lvoDfwTYjAADbn4","Billie Eilish, Khalid","lovely (with Khalid)","Darkroom",24,186,167,"1446113"
189,"spotify:track:7yq4Qj7cqayVTp3FF9CWbm","Vance Joy","Riptide","Atlantic Records",180,190,7,"1434784"
190,"spotify:track:7sO5G9EABYOXQKNPNiE9NR","Offset, Metro Boomin","Ric Flair Drip (with Metro Boomin)","Slaughter Gang, LLC/Epic/Quality Control Music/Motown/Capitol/Boominati Worldwide/Republic",4,191,127,"1434386"
191,"spotify:track:2HbKqm4o0w5wEeEFXm2sD4","Kendrick Lamar, Jay Rock","Money Trees","Aftermath",88,-1,34,"1431090"
192,"spotify:track:1J14CdDAvBTE1AJYUOwl6C","Duncan Laurence","Arcade","Universal Music, a division of Universal International Music BV",60,188,23,"1428098"
193,"spotify:track:3jbAzLVcHiI5hYSkcKe1Ty","Martin Garrix, G-Eazy, Sasha Alex Sloan","Love Runs Out (feat. G-Eazy & Sasha Alex Sloan)","Epic Amsterdam",193,-1,1,"1420364"
194,"spotify:track:0G2zPzWqVjR68iNPmx2TBe","Mora, Bad Bunny, Sech","Volando - Remix","Rimas Entertainment LLC",82,146,5,"1415804"
195,"spotify:track:78QR3Wp35dqAhFEc2qAGjE","Lil Baby, Gunna","Drip Too Hard (Lil Baby & Gunna)","Quality Control Music/Young Stoner Life Records, a 300 Entertainment Label/Motown Records/Capitol Records",1,-1,148,"1410442"
196,"spotify:track:31I3Rt1bPa2LrE74DdNizO","Kanye West, Dwele","Flashing Lights","Roc-A-Fella",196,-1,1,"1407710"
197,"spotify:track:7FIWs0pqAYbP91WWM0vlTQ","Eminem, Juice WRLD","Godzilla (feat. Juice WRLD)","Shady/Aftermath/Interscope Records",2,196,79,"1404221"
198,"spotify:track:3sNVsP50132BTNlImLx70i","Kanye West","Bound 2","Rock The World/IDJ/Kanye/LP6",198,-1,1,"1403458"
199,"spotify:track:1mAey8kEPmDM2icL56kS9d","42 Dugg, Roddy Ricch","4 Da Gang (with Roddy Ricch)","NEW CMG 42 Dugg P&D",43,182,19,"1403070"
200,"spotify:track:2JvzF1RMd7lE3KmFlsyZD8","J. Cole","MIDDLE CHILD","Dreamville, Inc., Under exclusive license to Roc Nation Records",1,198,128,"1398128"
